InvoiceNo,StockCode,Description,Quantity,InvoiceDate,UnitPrice,CustomerID,Country,Category,TotalRevenue
INV000000,SKU0102,ProWidgetF,66,2010-12-01,130.29,12184,Belgium,Sports,2379.51
INV000001,SKU0435,BudgetWidgetE,78,2010-12-01,16.1,17946,Netherlands,Toys,4211.99
INV000002,SKU0348,DeluxeWidgetC,56,2010-12-01,0.71,19576,France,Toys,1842.9
INV000003,SKU0270,BudgetWidgetE,28,2010-12-01,67.95,15321,Australia,Toys,1729.42
INV000004,SKU0106,DeluxeWidgetC,64,2010-12-01,23.74,19210,France,Electronics,4365.37
INV000005,SKU0071,ClassicWidgetB,71,2010-12-01,110.83,17148,Germany,Sports,4324.39
INV000006,SKU0188,BasicWidgetH,82,2010-12-01,138.03,12024,UnitedKingdom,Clothing,4400.8
INV000007,SKU0020,DeluxeWidgetC,64,2010-12-01,6.77,16173,Belgium,Toys,2860.0
INV000008,SKU0102,ClassicWidgetB,56,2010-12-01,59.64,19734,Netherlands,Clothing,4761.57
INV000009,SKU0121,ClassicWidgetB,41,2010-12-01,149.52,12711,Germany,Electronics,4095.0
INV000010,SKU0466,EliteWidgetG,41,2010-12-01,110.03,17018,Netherlands,Toys,2078.76
INV000011,SKU0214,StandardWidgetD,4,2010-12-01,143.0,19646,France,Sports,3148.15
INV000012,SKU0330,ClassicWidgetB,57,2010-12-01,25.03,17197,UnitedKingdom,Sports,609.82
INV000013,SKU0458,DeluxeWidgetC,30,2010-12-01,33.59,11702,Belgium,Toys,2757.11
INV000014,SKU0087,StandardWidgetD,88,2010-12-01,23.64,15529,Spain,Food,1316.48
INV000015,SKU0372,StandardWidgetD,84,2010-12-01,45.7,17216,Australia,HomeGarden,1418.45
INV000016,SKU0099,ClassicWidgetB,46,2010-12-01,108.8,17655,Spain,HomeGarden,629.47
INV000017,SKU0359,BudgetWidgetE,56,2010-12-01,25.16,15417,Netherlands,Toys,1791.64
INV000018,SKU0151,BudgetWidgetE,31,2010-12-01,78.87,16324,Australia,Food,2407.47
INV000019,SKU0130,ProWidgetF,88,2010-12-01,40.75,13873,Belgium,Books,3002.17
INV000020,SKU0149,StandardWidgetD,7,2010-12-01,124.46,18313,France,HomeGarden,1525.04
INV000021,SKU0308,ClassicWidgetB,90,2010-12-01,1.49,19668,Netherlands,Electronics,3961.45
INV000022,SKU0257,EliteWidgetG,77,2010-12-01,33.86,10265,Spain,HomeGarden,2605.28
INV000023,SKU0343,BudgetWidgetE,54,2010-12-01,90.98,18219,France,HomeGarden,3190.62
INV000024,SKU0491,EliteWidgetG,8,2010-12-02,14.96,15378,Australia,Food,1391.44
INV000025,SKU0413,ClassicWidgetB,55,2010-12-02,70.21,12124,France,Electronics,4070.87
INV000026,SKU0293,ClassicWidgetB,69,2010-12-02,65.71,10431,Belgium,Electronics,3121.75
INV000027,SKU0385,BasicWidgetH,44,2010-12-02,127.95,14974,Belgium,Food,4311.88
INV000028,SKU0191,StandardWidgetD,13,2010-12-02,94.0,13777,Belgium,Books,800.6
INV000029,SKU0443,BasicWidgetH,93,2010-12-02,96.14,17037,Belgium,Sports,1903.94
INV000030,SKU0276,EliteWidgetG,20,2010-12-02,142.8,11085,Belgium,HomeGarden,565.97
INV000031,SKU0160,BasicWidgetH,78,2010-12-02,147.36,16195,France,Toys,1078.42
INV000032,SKU0459,ProWidgetF,32,2010-12-02,98.18,16259,France,Toys,1973.34
INV000033,SKU0313,StandardWidgetD,60,2010-12-02,78.54,12485,Germany,Clothing,4473.01
INV000034,SKU0021,PremiumWidgetA,50,2010-12-02,91.38,18292,Germany,Sports,2785.65
INV000035,SKU0252,BasicWidgetH,27,2010-12-02,57.68,15398,Netherlands,Electronics,1652.56
INV000036,SKU0235,EliteWidgetG,25,2010-12-02,148.12,15078,France,Toys,3734.75
INV000037,SKU0344,BudgetWidgetE,52,2010-12-02,105.9,17202,Spain,Food,99.39
INV000038,SKU0048,BudgetWidgetE,68,2010-12-02,44.01,13048,France,HomeGarden,1851.09
INV000039,SKU0474,BudgetWidgetE,21,2010-12-02,9.14,16502,Belgium,Books,3004.56
INV000040,SKU0058,DeluxeWidgetC,18,2010-12-02,7.19,10799,France,Food,2916.6
INV000041,SKU0169,ClassicWidgetB,39,2010-12-02,31.13,13822,Germany,Clothing,3038.18
INV000042,SKU0475,StandardWidgetD,15,2010-12-02,35.32,15611,Australia,Sports,1058.29
INV000043,SKU0187,BudgetWidgetE,53,2010-12-02,62.55,16009,France,HomeGarden,1686.06
INV000044,SKU0463,PremiumWidgetA,38,2010-12-02,32.62,19487,Belgium,Electronics,4657.9
INV000045,SKU0270,BudgetWidgetE,48,2010-12-02,94.82,15263,UnitedKingdom,Sports,4869.9
INV000046,SKU0189,ProWidgetF,52,2010-12-02,32.08,18626,Netherlands,Food,1560.88
INV000047,SKU0445,ClassicWidgetB,88,2010-12-02,28.59,15570,Germany,Food,3222.87
INV000048,SKU0174,EliteWidgetG,72,2010-12-03,70.95,19107,Australia,Clothing,1207.24
INV000049,SKU0445,ClassicWidgetB,28,2010-12-03,133.36,14640,Belgium,Electronics,1843.27
INV000050,SKU0050,BasicWidgetH,85,2010-12-03,70.51,15333,UnitedKingdom,Clothing,3961.88
INV000051,SKU0363,EliteWidgetG,16,2010-12-03,62.37,18839,France,HomeGarden,2506.39
INV000052,SKU0054,EliteWidgetG,16,2010-12-03,86.93,12295,Spain,Sports,4248.1
INV000053,SKU0243,BasicWidgetH,35,2010-12-03,38.95,11431,Spain,Books,3144.07
INV000054,SKU0319,StandardWidgetD,17,2010-12-03,53.34,15172,Germany,Food,3144.98
INV000055,SKU0130,BasicWidgetH,73,2010-12-03,32.47,12361,France,HomeGarden,170.37
INV000056,SKU0484,DeluxeWidgetC,99,2010-12-03,85.99,17541,Netherlands,Toys,3748.6
INV000057,SKU0306,EliteWidgetG,52,2010-12-03,104.76,10723,Germany,HomeGarden,4889.35
INV000058,SKU0134,EliteWidgetG,93,2010-12-03,101.22,11547,UnitedKingdom,Books,2365.67
INV000059,SKU0020,BasicWidgetH,82,2010-12-03,38.6,19171,Spain,Books,793.74
INV000060,SKU0328,StandardWidgetD,12,2010-12-03,117.06,18275,Belgium,Toys,4884.91
INV000061,SKU0166,BudgetWidgetE,83,2010-12-03,38.77,11365,Australia,Toys,1451.34
INV000062,SKU0273,ProWidgetF,48,2010-12-03,22.97,18741,Australia,Electronics,2046.58
INV000063,SKU0387,PremiumWidgetA,22,2010-12-03,52.8,13853,Netherlands,Clothing,387.75
INV000064,SKU0088,StandardWidgetD,49,2010-12-03,89.86,14682,Australia,HomeGarden,555.07
INV000065,SKU0315,DeluxeWidgetC,52,2010-12-03,21.73,15960,Australia,Electronics,1083.61
INV000066,SKU0013,StandardWidgetD,79,2010-12-03,97.39,18343,Belgium,Toys,2742.78
INV000067,SKU0241,ClassicWidgetB,1,2010-12-03,129.53,17689,Netherlands,Electronics,2789.39
INV000068,SKU0264,BudgetWidgetE,66,2010-12-03,44.32,15157,Spain,HomeGarden,3031.61
INV000069,SKU0345,BudgetWidgetE,64,2010-12-03,67.81,13498,UnitedKingdom,Clothing,2919.5
INV000070,SKU0052,EliteWidgetG,8,2010-12-03,34.63,12985,Germany,Books,2476.69
INV000071,SKU0385,BudgetWidgetE,86,2010-12-03,54.51,11567,Spain,HomeGarden,4010.69
INV000072,SKU0339,BudgetWidgetE,25,2010-12-04,3.78,18403,Germany,Clothing,4669.56
INV000073,SKU0091,BasicWidgetH,66,2010-12-04,143.09,16669,Netherlands,Books,1349.54
INV000074,SKU0366,BudgetWidgetE,73,2010-12-04,62.68,14191,Spain,Food,651.84
INV000075,SKU0443,BudgetWidgetE,73,2010-12-04,118.44,19718,France,Food,2126.01
INV000076,SKU0454,PremiumWidgetA,77,2010-12-04,21.83,17156,Netherlands,Food,133.09
INV000077,SKU0427,DeluxeWidgetC,70,2010-12-04,121.95,18713,Netherlands,Sports,4416.71
INV000078,SKU0263,EliteWidgetG,94,2010-12-04,129.09,16517,Netherlands,HomeGarden,1199.29
INV000079,SKU0430,BasicWidgetH,79,2010-12-04,107.46,15135,Netherlands,Food,2746.93
INV000080,SKU0034,BudgetWidgetE,51,2010-12-04,135.53,19894,Australia,Toys,576.36
INV000081,SKU0205,EliteWidgetG,53,2010-12-04,25.5,16751,Australia,HomeGarden,2766.73
INV000082,SKU0080,DeluxeWidgetC,15,2010-12-04,71.73,18209,Spain,Toys,195.93
INV000083,SKU0419,BasicWidgetH,50,2010-12-04,93.21,17174,UnitedKingdom,Clothing,3844.26
INV000084,SKU0049,ProWidgetF,71,2010-12-04,89.63,11719,Netherlands,Electronics,4777.15
INV000085,SKU0359,BudgetWidgetE,75,2010-12-04,129.23,18061,Germany,Electronics,1535.57
INV000086,SKU0387,EliteWidgetG,38,2010-12-04,32.75,14014,France,Clothing,1291.81
INV000087,SKU0001,StandardWidgetD,40,2010-12-04,26.76,10878,Australia,HomeGarden,2240.53
INV000088,SKU0389,BasicWidgetH,66,2010-12-04,38.38,18785,Germany,HomeGarden,3100.25
INV000089,SKU0053,BasicWidgetH,39,2010-12-04,133.79,16272,Australia,Toys,945.62
INV000090,SKU0105,EliteWidgetG,74,2010-12-04,141.18,11609,Spain,HomeGarden,4016.74
INV000091,SKU0259,BudgetWidgetE,17,2010-12-04,85.66,19067,UnitedKingdom,Sports,993.48
INV000092,SKU0309,ClassicWidgetB,7,2010-12-04,75.46,16714,France,Toys,28.37
INV000093,SKU0476,PremiumWidgetA,39,2010-12-04,91.01,15109,Australia,Electronics,2621.73
INV000094,SKU0190,StandardWidgetD,68,2010-12-04,92.64,12448,France,Food,576.63
INV000095,SKU0401,StandardWidgetD,35,2010-12-04,25.96,12136,France,Sports,3491.5
INV000096,SKU0217,ClassicWidgetB,51,2010-12-05,103.12,16966,Spain,HomeGarden,838.18
INV000097,SKU0043,BudgetWidgetE,47,2010-12-05,68.13,12053,Germany,Food,4087.08
INV000098,SKU0161,BasicWidgetH,36,2010-12-05,77.85,17763,Australia,Electronics,2352.37
INV000099,SKU0201,BasicWidgetH,64,2010-12-05,5.03,10083,France,Food,2831.82
INV000100,SKU0445,PremiumWidgetA,95,2010-12-05,114.8,19631,Spain,Toys,933.74
INV000101,SKU0483,StandardWidgetD,89,2010-12-05,125.4,12668,Netherlands,HomeGarden,734.29
INV000102,SKU0269,PremiumWidgetA,13,2010-12-05,93.1,15231,Belgium,Toys,3156.83
INV000103,SKU0350,StandardWidgetD,18,2010-12-05,112.43,18890,France,HomeGarden,1278.05
INV000104,SKU0303,BudgetWidgetE,21,2010-12-05,78.64,11820,France,Clothing,1930.24
INV000105,SKU0270,ProWidgetF,65,2010-12-05,92.94,14414,Australia,Electronics,2397.77
INV000106,SKU0455,StandardWidgetD,8,2010-12-05,59.49,17249,Belgium,HomeGarden,1148.94
INV000107,SKU0461,ProWidgetF,48,2010-12-05,118.89,19290,Netherlands,Books,3977.32
INV000108,SKU0214,StandardWidgetD,85,2010-12-05,70.51,16572,France,Books,4697.18
INV000109,SKU0251,BasicWidgetH,43,2010-12-05,102.19,17627,Australia,Food,2160.03
INV000110,SKU0189,DeluxeWidgetC,53,2010-12-05,93.4,12894,Australia,Food,4587.82
INV000111,SKU0295,BudgetWidgetE,85,2010-12-05,105.5,13417,Spain,Toys,4413.53
INV000112,SKU0212,ClassicWidgetB,27,2010-12-05,117.89,10248,Belgium,HomeGarden,831.07
INV000113,SKU0207,ProWidgetF,19,2010-12-05,77.15,17810,France,Food,867.74
INV000114,SKU0236,ClassicWidgetB,23,2010-12-05,122.05,11890,UnitedKingdom,Clothing,2387.55
INV000115,SKU0337,BudgetWidgetE,50,2010-12-05,74.84,17880,UnitedKingdom,Toys,2629.76
INV000116,SKU0366,EliteWidgetG,51,2010-12-05,143.52,12115,Germany,HomeGarden,1706.31
INV000117,SKU0052,ClassicWidgetB,43,2010-12-05,113.02,16581,UnitedKingdom,Food,1565.29
INV000118,SKU0279,BudgetWidgetE,99,2010-12-05,26.09,13063,UnitedKingdom,Food,2157.41
INV000119,SKU0409,BasicWidgetH,51,2010-12-05,124.52,15651,Australia,Books,3452.71
INV000120,SKU0216,ClassicWidgetB,69,2010-12-06,82.96,11806,Australia,Electronics,422.88
INV000121,SKU0251,ProWidgetF,41,2010-12-06,147.68,17300,Spain,Food,3553.2
INV000122,SKU0187,DeluxeWidgetC,72,2010-12-06,107.96,18487,Belgium,Clothing,4631.28
INV000123,SKU0379,ClassicWidgetB,11,2010-12-06,13.12,12694,France,HomeGarden,3817.77
INV000124,SKU0492,ProWidgetF,80,2010-12-06,59.55,15493,Belgium,Food,959.19
INV000125,SKU0040,StandardWidgetD,88,2010-12-06,77.83,18223,Belgium,Books,438.32
INV000126,SKU0156,BudgetWidgetE,85,2010-12-06,125.93,14650,France,Food,2452.41
INV000127,SKU0014,PremiumWidgetA,52,2010-12-06,109.54,18126,Australia,Food,4782.07
INV000128,SKU0300,EliteWidgetG,23,2010-12-06,55.72,10792,France,Electronics,4095.48
INV000129,SKU0064,BasicWidgetH,49,2010-12-06,98.19,14191,Australia,Books,2814.11
INV000130,SKU0344,PremiumWidgetA,38,2010-12-06,86.75,11089,Belgium,Toys,715.76
INV000131,SKU0326,BasicWidgetH,47,2010-12-06,19.34,18421,Belgium,Clothing,3569.47
INV000132,SKU0008,BudgetWidgetE,72,2010-12-06,35.61,12780,UnitedKingdom,Toys,4065.18
INV000133,SKU0343,BasicWidgetH,7,2010-12-06,51.5,14497,France,Sports,4675.41
INV000134,SKU0128,DeluxeWidgetC,66,2010-12-06,29.72,10789,UnitedKingdom,HomeGarden,3060.97
INV000135,SKU0491,ClassicWidgetB,94,2010-12-06,22.95,14194,Germany,Toys,2572.81
INV000136,SKU0135,DeluxeWidgetC,77,2010-12-06,9.2,19990,Spain,Electronics,3096.29
INV000137,SKU0471,PremiumWidgetA,62,2010-12-06,131.03,14457,Spain,Clothing,4716.32
INV000138,SKU0062,EliteWidgetG,87,2010-12-06,43.7,16671,Belgium,Food,3141.01
INV000139,SKU0138,ProWidgetF,29,2010-12-06,43.9,14635,Belgium,Food,1288.7
INV000140,SKU0498,EliteWidgetG,38,2010-12-06,31.33,15961,France,Clothing,3181.12
INV000141,SKU0080,BudgetWidgetE,84,2010-12-06,71.57,16738,Belgium,Food,4398.84
INV000142,SKU0391,BudgetWidgetE,33,2010-12-06,77.38,15155,Australia,Food,2835.44
INV000143,SKU0162,DeluxeWidgetC,29,2010-12-06,31.64,10313,Spain,Sports,2513.99
INV000144,SKU0418,ProWidgetF,79,2010-12-07,91.48,16633,Australia,Sports,3667.11
INV000145,SKU0288,DeluxeWidgetC,23,2010-12-07,108.59,10232,Spain,HomeGarden,3305.28
INV000146,SKU0378,ClassicWidgetB,3,2010-12-07,56.39,15735,Germany,Toys,284.38
INV000147,SKU0260,StandardWidgetD,93,2010-12-07,88.03,19221,Australia,HomeGarden,3626.83
INV000148,SKU0489,ProWidgetF,45,2010-12-07,75.59,17849,UnitedKingdom,Toys,2038.34
INV000149,SKU0230,StandardWidgetD,8,2010-12-07,29.73,12711,Australia,Toys,4704.55
INV000150,SKU0040,EliteWidgetG,86,2010-12-07,109.64,17940,Germany,Food,4854.04
INV000151,SKU0027,ClassicWidgetB,29,2010-12-07,120.32,13344,Netherlands,Clothing,2244.25
INV000152,SKU0134,BasicWidgetH,2,2010-12-07,97.49,12122,Netherlands,Toys,4844.01
INV000153,SKU0200,BasicWidgetH,50,2010-12-07,48.92,13779,UnitedKingdom,HomeGarden,1554.79
INV000154,SKU0327,StandardWidgetD,65,2010-12-07,139.06,15654,Netherlands,HomeGarden,3413.54
INV000155,SKU0267,PremiumWidgetA,20,2010-12-07,68.58,19072,Belgium,Sports,376.2
INV000156,SKU0417,EliteWidgetG,52,2010-12-07,40.25,11172,Australia,Clothing,725.8
INV000157,SKU0032,StandardWidgetD,85,2010-12-07,61.53,17317,Germany,Books,4322.76
INV000158,SKU0047,ClassicWidgetB,37,2010-12-07,103.97,17744,Spain,Books,4469.03
INV000159,SKU0406,StandardWidgetD,72,2010-12-07,126.97,10159,UnitedKingdom,Electronics,2663.52
INV000160,SKU0061,BudgetWidgetE,27,2010-12-07,53.81,17963,Netherlands,Sports,1699.53
INV000161,SKU0215,DeluxeWidgetC,47,2010-12-07,35.28,12129,Australia,Electronics,2255.67
INV000162,SKU0292,PremiumWidgetA,99,2010-12-07,94.16,13078,Spain,Clothing,4348.25
INV000163,SKU0098,BudgetWidgetE,6,2010-12-07,138.22,12229,Spain,Food,1055.76
INV000164,SKU0171,BudgetWidgetE,60,2010-12-07,27.9,12917,Australia,Books,1475.06
INV000165,SKU0359,ClassicWidgetB,45,2010-12-07,120.55,13013,France,Food,3927.43
INV000166,SKU0213,DeluxeWidgetC,44,2010-12-07,71.75,19741,France,Books,4676.41
INV000167,SKU0474,DeluxeWidgetC,83,2010-12-07,120.03,16326,Belgium,Books,465.54
INV000168,SKU0034,ProWidgetF,18,2010-12-08,76.08,11579,Germany,Electronics,4019.06
INV000169,SKU0448,EliteWidgetG,65,2010-12-08,56.91,11960,Belgium,Food,3225.7
INV000170,SKU0226,PremiumWidgetA,25,2010-12-08,104.66,17902,Belgium,HomeGarden,1154.63
INV000171,SKU0100,EliteWidgetG,27,2010-12-08,135.14,16657,UnitedKingdom,Electronics,3779.33
INV000172,SKU0430,ClassicWidgetB,7,2010-12-08,48.38,13844,Netherlands,Food,3639.85
INV000173,SKU0461,PremiumWidgetA,44,2010-12-08,69.38,14697,Netherlands,Books,711.01
INV000174,SKU0130,ProWidgetF,29,2010-12-08,34.8,12390,Australia,Sports,2511.75
INV000175,SKU0256,StandardWidgetD,95,2010-12-08,27.92,11419,Netherlands,Sports,3791.7
INV000176,SKU0004,BudgetWidgetE,44,2010-12-08,116.79,13917,Belgium,Toys,958.53
INV000177,SKU0217,PremiumWidgetA,36,2010-12-08,30.5,14942,Germany,Food,2314.37
INV000178,SKU0254,EliteWidgetG,19,2010-12-08,119.1,18354,France,Electronics,604.58
INV000179,SKU0397,BudgetWidgetE,6,2010-12-08,64.67,18307,Australia,Toys,1534.87
INV000180,SKU0358,ClassicWidgetB,25,2010-12-08,149.26,17570,UnitedKingdom,Toys,1090.51
INV000181,SKU0282,EliteWidgetG,31,2010-12-08,30.0,15198,Australia,Electronics,2525.85
INV000182,SKU0392,StandardWidgetD,9,2010-12-08,14.4,19662,Belgium,Toys,706.94
INV000183,SKU0206,ClassicWidgetB,84,2010-12-08,11.78,16002,Netherlands,Clothing,1916.37
INV000184,SKU0014,BasicWidgetH,74,2010-12-08,125.39,15142,Germany,Electronics,1376.54
INV000185,SKU0345,StandardWidgetD,37,2010-12-08,65.95,13852,Belgium,Toys,3730.5
INV000186,SKU0041,StandardWidgetD,27,2010-12-08,0.97,10542,UnitedKingdom,Toys,3498.65
INV000187,SKU0379,BudgetWidgetE,13,2010-12-08,131.28,18605,Australia,Electronics,475.56
INV000188,SKU0460,ClassicWidgetB,41,2010-12-08,131.6,18873,Netherlands,Books,4767.47
INV000189,SKU0178,ClassicWidgetB,66,2010-12-08,121.06,18833,Australia,Toys,3723.67
INV000190,SKU0062,PremiumWidgetA,85,2010-12-08,37.62,13978,UnitedKingdom,HomeGarden,3080.18
INV000191,SKU0351,EliteWidgetG,97,2010-12-08,56.23,11432,Belgium,Books,2389.03
INV000192,SKU0230,BasicWidgetH,24,2010-12-09,111.87,18860,Netherlands,HomeGarden,890.43
INV000193,SKU0240,ClassicWidgetB,44,2010-12-09,73.66,17805,France,Books,4810.12
INV000194,SKU0051,PremiumWidgetA,98,2010-12-09,23.5,10968,Spain,Food,40.28
INV000195,SKU0095,BasicWidgetH,60,2010-12-09,36.8,15800,UnitedKingdom,Books,3462.71
INV000196,SKU0387,DeluxeWidgetC,9,2010-12-09,145.9,17845,France,Clothing,2537.71
INV000197,SKU0221,DeluxeWidgetC,2,2010-12-09,23.08,19372,France,Toys,4513.01
INV000198,SKU0484,BasicWidgetH,56,2010-12-09,109.05,15591,Netherlands,Food,1904.11
INV000199,SKU0406,DeluxeWidgetC,30,2010-12-09,71.96,15383,Australia,HomeGarden,2593.7
INV000200,SKU0230,ProWidgetF,22,2010-12-09,112.42,17470,Belgium,Books,3711.95
INV000201,SKU0236,ClassicWidgetB,75,2010-12-09,99.34,14819,Australia,Books,238.79
INV000202,SKU0142,ProWidgetF,81,2010-12-09,66.16,17632,Germany,HomeGarden,273.32
INV000203,SKU0170,EliteWidgetG,13,2010-12-09,53.41,13235,UnitedKingdom,Food,1059.15
INV000204,SKU0028,ClassicWidgetB,71,2010-12-09,113.28,15255,UnitedKingdom,Clothing,732.98
INV000205,SKU0035,PremiumWidgetA,16,2010-12-09,48.81,10251,Belgium,HomeGarden,33.21
INV000206,SKU0012,ProWidgetF,97,2010-12-09,118.27,14300,Netherlands,Clothing,3115.33
INV000207,SKU0159,ProWidgetF,45,2010-12-09,102.14,17409,Netherlands,Food,3979.89
INV000208,SKU0326,EliteWidgetG,65,2010-12-09,86.86,13998,Germany,Clothing,4785.62
INV000209,SKU0186,ProWidgetF,11,2010-12-09,55.64,18982,Germany,Sports,2205.06
INV000210,SKU0242,StandardWidgetD,70,2010-12-09,31.16,15180,France,Clothing,1399.32
INV000211,SKU0085,PremiumWidgetA,20,2010-12-09,106.71,15421,Spain,Sports,4319.65
INV000212,SKU0283,DeluxeWidgetC,99,2010-12-09,14.16,11495,Germany,Toys,4222.13
INV000213,SKU0065,PremiumWidgetA,63,2010-12-09,145.6,17978,Australia,Electronics,3124.59
INV000214,SKU0169,StandardWidgetD,90,2010-12-09,146.82,18141,France,Clothing,1366.47
INV000215,SKU0044,EliteWidgetG,12,2010-12-09,19.97,15378,Spain,HomeGarden,4542.68
INV000216,SKU0061,EliteWidgetG,62,2010-12-10,16.04,12577,Germany,Sports,892.83
INV000217,SKU0440,ClassicWidgetB,94,2010-12-10,62.2,15306,Spain,Food,219.19
INV000218,SKU0133,PremiumWidgetA,92,2010-12-10,144.57,18133,Australia,Food,3983.29
INV000219,SKU0283,BasicWidgetH,91,2010-12-10,60.35,11235,Australia,Electronics,2818.73
INV000220,SKU0027,BasicWidgetH,42,2010-12-10,54.89,11058,France,Toys,1233.09
INV000221,SKU0107,EliteWidgetG,83,2010-12-10,105.69,19362,France,Electronics,3354.81
INV000222,SKU0043,ProWidgetF,69,2010-12-10,27.22,13659,Australia,Clothing,3833.82
INV000223,SKU0339,EliteWidgetG,58,2010-12-10,54.82,15368,Netherlands,HomeGarden,4222.89
INV000224,SKU0285,EliteWidgetG,5,2010-12-10,44.05,10056,Belgium,Clothing,1411.35
INV000225,SKU0445,EliteWidgetG,27,2010-12-10,90.43,17472,France,Books,128.91
INV000226,SKU0330,EliteWidgetG,28,2010-12-10,24.83,12569,Belgium,Electronics,2550.68
INV000227,SKU0127,BasicWidgetH,26,2010-12-10,82.53,14080,UnitedKingdom,Books,4280.54
INV000228,SKU0347,BasicWidgetH,91,2010-12-10,128.7,16377,Netherlands,Books,1039.9
INV000229,SKU0472,DeluxeWidgetC,49,2010-12-10,77.37,11948,UnitedKingdom,Sports,2106.21
INV000230,SKU0230,DeluxeWidgetC,21,2010-12-10,102.68,10222,Spain,Food,1282.85
INV000231,SKU0189,ClassicWidgetB,1,2010-12-10,11.75,19831,Spain,Books,67.8
INV000232,SKU0224,EliteWidgetG,92,2010-12-10,67.63,15217,Spain,Electronics,4492.72
INV000233,SKU0384,BasicWidgetH,58,2010-12-10,14.69,19949,Germany,Electronics,676.13
INV000234,SKU0376,PremiumWidgetA,79,2010-12-10,90.12,19027,France,HomeGarden,3834.07
INV000235,SKU0282,StandardWidgetD,55,2010-12-10,42.52,12536,France,Clothing,1733.67
INV000236,SKU0445,ClassicWidgetB,81,2010-12-10,43.45,12525,Australia,HomeGarden,1389.13
INV000237,SKU0120,BasicWidgetH,26,2010-12-10,11.98,19176,Belgium,HomeGarden,4705.2
INV000238,SKU0115,PremiumWidgetA,84,2010-12-10,46.88,11357,France,Food,3286.34
INV000239,SKU0460,EliteWidgetG,25,2010-12-10,76.25,14887,Belgium,Clothing,3434.93
INV000240,SKU0232,BudgetWidgetE,77,2010-12-11,87.91,17722,Spain,Electronics,3798.5
INV000241,SKU0258,EliteWidgetG,33,2010-12-11,10.47,15982,UnitedKingdom,Sports,1705.33
INV000242,SKU0358,DeluxeWidgetC,89,2010-12-11,97.89,14477,Netherlands,Food,2818.76
INV000243,SKU0197,StandardWidgetD,72,2010-12-11,73.59,19638,Germany,Books,1351.85
INV000244,SKU0455,BasicWidgetH,69,2010-12-11,80.77,11371,Belgium,Sports,4172.87
INV000245,SKU0410,BasicWidgetH,6,2010-12-11,125.0,13224,Belgium,Books,2996.94
INV000246,SKU0136,ProWidgetF,23,2010-12-11,51.66,11874,Netherlands,Clothing,1217.79
INV000247,SKU0317,StandardWidgetD,30,2010-12-11,26.52,13361,UnitedKingdom,Clothing,4498.89
INV000248,SKU0164,ProWidgetF,78,2010-12-11,83.0,16104,Germany,HomeGarden,2904.62
INV000249,SKU0224,StandardWidgetD,54,2010-12-11,141.78,11142,Belgium,Toys,2475.66
INV000250,SKU0306,DeluxeWidgetC,87,2010-12-11,77.92,14309,Australia,Toys,173.4
INV000251,SKU0233,ProWidgetF,11,2010-12-11,124.87,18756,France,Clothing,4549.1
INV000252,SKU0171,PremiumWidgetA,31,2010-12-11,113.68,16898,France,Books,4761.42
INV000253,SKU0151,ProWidgetF,6,2010-12-11,77.99,11588,Australia,Toys,2813.43
INV000254,SKU0462,ClassicWidgetB,11,2010-12-11,97.31,14998,UnitedKingdom,Sports,2213.12
INV000255,SKU0314,PremiumWidgetA,77,2010-12-11,61.3,19662,Belgium,Food,1798.47
INV000256,SKU0373,ClassicWidgetB,12,2010-12-11,79.83,14342,Australia,Sports,1340.97
INV000257,SKU0159,EliteWidgetG,66,2010-12-11,76.34,13362,Belgium,Sports,2873.07
INV000258,SKU0095,StandardWidgetD,53,2010-12-11,106.51,11636,Spain,Toys,641.35
INV000259,SKU0471,PremiumWidgetA,99,2010-12-11,61.79,19664,Belgium,Food,4595.95
INV000260,SKU0232,StandardWidgetD,36,2010-12-11,15.42,16227,UnitedKingdom,Sports,880.62
INV000261,SKU0179,EliteWidgetG,17,2010-12-11,118.41,11244,Germany,HomeGarden,3727.82
INV000262,SKU0112,BudgetWidgetE,28,2010-12-11,102.89,16914,Netherlands,Toys,1535.13
INV000263,SKU0317,BasicWidgetH,92,2010-12-11,142.54,15306,Netherlands,Sports,1131.13
INV000264,SKU0496,StandardWidgetD,22,2010-12-12,64.59,14514,Australia,Books,2789.79
INV000265,SKU0441,EliteWidgetG,7,2010-12-12,12.19,18450,France,HomeGarden,3825.86
INV000266,SKU0051,StandardWidgetD,15,2010-12-12,18.68,12358,Australia,Food,3633.96
INV000267,SKU0267,EliteWidgetG,96,2010-12-12,116.11,15615,France,HomeGarden,1169.55
INV000268,SKU0294,ClassicWidgetB,11,2010-12-12,10.63,11268,Australia,Toys,1653.18
INV000269,SKU0385,EliteWidgetG,24,2010-12-12,136.22,19131,Australia,HomeGarden,4344.29
INV000270,SKU0386,ProWidgetF,67,2010-12-12,42.61,12376,Belgium,Clothing,3616.5
INV000271,SKU0112,BudgetWidgetE,30,2010-12-12,134.88,18387,Netherlands,HomeGarden,3563.76
INV000272,SKU0100,StandardWidgetD,70,2010-12-12,116.14,13096,Spain,Books,1345.26
INV000273,SKU0112,EliteWidgetG,66,2010-12-12,130.74,13635,France,Food,3960.23
INV000274,SKU0439,EliteWidgetG,61,2010-12-12,32.5,10561,Spain,Toys,1792.73
INV000275,SKU0080,StandardWidgetD,78,2010-12-12,89.56,18231,Spain,Toys,2007.55
INV000276,SKU0186,BasicWidgetH,41,2010-12-12,14.49,19959,Spain,Sports,1438.52
INV000277,SKU0112,BudgetWidgetE,82,2010-12-12,30.74,17739,Netherlands,Food,607.83
INV000278,SKU0001,BudgetWidgetE,51,2010-12-12,46.83,16871,Spain,Clothing,2102.55
INV000279,SKU0129,EliteWidgetG,44,2010-12-12,111.25,12504,Belgium,Sports,85.68
INV000280,SKU0219,PremiumWidgetA,95,2010-12-12,4.19,17021,France,Electronics,2280.1
INV000281,SKU0053,ClassicWidgetB,13,2010-12-12,135.52,15971,Germany,Clothing,3625.31
INV000282,SKU0342,BudgetWidgetE,90,2010-12-12,11.09,17876,Spain,Food,4803.76
INV000283,SKU0484,BudgetWidgetE,12,2010-12-12,56.79,18979,Spain,Books,393.99
INV000284,SKU0223,DeluxeWidgetC,82,2010-12-12,12.62,14097,Germany,Clothing,1407.17
INV000285,SKU0224,ProWidgetF,9,2010-12-12,115.46,19684,Spain,HomeGarden,2471.16
INV000286,SKU0384,BudgetWidgetE,85,2010-12-12,21.63,19321,Germany,Clothing,852.77
INV000287,SKU0402,ClassicWidgetB,48,2010-12-12,132.77,16822,UnitedKingdom,HomeGarden,585.03
INV000288,SKU0125,ProWidgetF,49,2010-12-13,79.77,15878,Netherlands,Sports,2262.14
INV000289,SKU0129,ProWidgetF,53,2010-12-13,142.3,14509,Netherlands,Clothing,2904.07
INV000290,SKU0052,StandardWidgetD,56,2010-12-13,43.91,16186,Germany,Clothing,4101.22
INV000291,SKU0171,StandardWidgetD,40,2010-12-13,68.42,19836,Australia,Books,4989.02
INV000292,SKU0217,StandardWidgetD,24,2010-12-13,104.29,13560,Netherlands,Electronics,3871.58
INV000293,SKU0159,StandardWidgetD,98,2010-12-13,124.87,15679,France,Clothing,1107.48
INV000294,SKU0197,DeluxeWidgetC,72,2010-12-13,63.49,12685,Netherlands,Sports,3740.14
INV000295,SKU0415,BudgetWidgetE,33,2010-12-13,133.92,16612,Netherlands,HomeGarden,2686.23
INV000296,SKU0246,StandardWidgetD,23,2010-12-13,18.14,14821,France,Sports,2254.6
INV000297,SKU0323,EliteWidgetG,77,2010-12-13,106.45,17807,Germany,Food,4678.71
INV000298,SKU0438,PremiumWidgetA,54,2010-12-13,52.56,11412,Belgium,Toys,3510.76
INV000299,SKU0202,StandardWidgetD,53,2010-12-13,15.65,11221,Belgium,Toys,3408.78
INV000300,SKU0183,BudgetWidgetE,49,2010-12-13,58.31,12249,Germany,Books,59.77
INV000301,SKU0122,StandardWidgetD,78,2010-12-13,132.09,12239,France,Toys,4325.49
INV000302,SKU0400,DeluxeWidgetC,78,2010-12-13,147.09,14202,Belgium,Clothing,3966.71
INV000303,SKU0254,ClassicWidgetB,80,2010-12-13,59.22,17873,Netherlands,Food,1495.41
INV000304,SKU0293,ClassicWidgetB,49,2010-12-13,133.02,16893,Spain,Electronics,1461.27
INV000305,SKU0279,BudgetWidgetE,60,2010-12-13,76.69,18835,Netherlands,Electronics,268.34
INV000306,SKU0324,EliteWidgetG,90,2010-12-13,107.69,15403,Germany,Clothing,255.23
INV000307,SKU0371,ClassicWidgetB,90,2010-12-13,7.28,15185,Spain,Electronics,3343.3
INV000308,SKU0097,BasicWidgetH,65,2010-12-13,83.82,14290,UnitedKingdom,Sports,932.0
INV000309,SKU0197,ClassicWidgetB,32,2010-12-13,10.99,14142,Germany,HomeGarden,4617.82
INV000310,SKU0469,PremiumWidgetA,79,2010-12-13,40.66,19577,France,Clothing,4212.18
INV000311,SKU0394,BudgetWidgetE,21,2010-12-13,85.24,17152,Spain,Toys,1745.08
INV000312,SKU0239,EliteWidgetG,18,2010-12-14,121.17,12584,UnitedKingdom,HomeGarden,1900.96
INV000313,SKU0143,BudgetWidgetE,94,2010-12-14,84.35,11601,Belgium,Electronics,1637.06
INV000314,SKU0096,ClassicWidgetB,60,2010-12-14,140.46,14942,UnitedKingdom,Books,462.88
INV000315,SKU0200,ClassicWidgetB,13,2010-12-14,121.64,15698,France,Food,158.12
INV000316,SKU0123,ClassicWidgetB,24,2010-12-14,23.86,10807,Spain,HomeGarden,2261.21
INV000317,SKU0186,ProWidgetF,30,2010-12-14,58.65,17345,Australia,Food,4715.26
INV000318,SKU0325,DeluxeWidgetC,2,2010-12-14,100.44,18306,Germany,Food,4586.33
INV000319,SKU0463,StandardWidgetD,83,2010-12-14,140.79,12727,Netherlands,Books,4049.38
INV000320,SKU0348,BasicWidgetH,25,2010-12-14,148.16,18165,Belgium,Sports,3143.35
INV000321,SKU0258,DeluxeWidgetC,50,2010-12-14,114.6,14171,Spain,Books,4281.26
INV000322,SKU0147,BudgetWidgetE,14,2010-12-14,86.28,19641,Germany,HomeGarden,2575.83
INV000323,SKU0251,BasicWidgetH,6,2010-12-14,113.61,11568,France,HomeGarden,901.62
INV000324,SKU0442,PremiumWidgetA,76,2010-12-14,41.35,19514,Netherlands,Clothing,3421.17
INV000325,SKU0419,StandardWidgetD,84,2010-12-14,42.9,19052,Australia,Toys,4603.31
INV000326,SKU0402,PremiumWidgetA,87,2010-12-14,98.33,10741,Belgium,Books,99.01
INV000327,SKU0345,EliteWidgetG,30,2010-12-14,130.84,19922,France,Sports,1257.97
INV000328,SKU0450,ProWidgetF,30,2010-12-14,145.49,16437,Germany,Clothing,1327.93
INV000329,SKU0146,BudgetWidgetE,38,2010-12-14,51.53,14904,Belgium,Clothing,496.1
INV000330,SKU0147,ProWidgetF,58,2010-12-14,119.58,12933,UnitedKingdom,Sports,1128.25
INV000331,SKU0351,BudgetWidgetE,94,2010-12-14,127.8,14509,France,Clothing,1920.53
INV000332,SKU0198,PremiumWidgetA,41,2010-12-14,93.66,14526,France,Sports,4699.24
INV000333,SKU0307,PremiumWidgetA,94,2010-12-14,52.46,15909,Germany,Electronics,4301.47
INV000334,SKU0488,PremiumWidgetA,57,2010-12-14,93.05,15349,Australia,Clothing,4730.09
INV000335,SKU0416,BudgetWidgetE,36,2010-12-14,87.88,13167,Germany,HomeGarden,603.74
INV000336,SKU0423,ClassicWidgetB,64,2010-12-15,91.18,17606,Germany,Electronics,141.21
INV000337,SKU0127,PremiumWidgetA,98,2010-12-15,93.08,12218,Australia,Clothing,550.31
INV000338,SKU0038,ProWidgetF,16,2010-12-15,127.14,11340,Australia,Sports,4571.56
INV000339,SKU0337,EliteWidgetG,88,2010-12-15,25.93,18009,France,Electronics,788.29
INV000340,SKU0359,StandardWidgetD,78,2010-12-15,55.41,14639,UnitedKingdom,Toys,2863.61
INV000341,SKU0128,BudgetWidgetE,90,2010-12-15,88.11,11514,Germany,Electronics,1138.68
INV000342,SKU0266,BasicWidgetH,72,2010-12-15,42.86,11411,UnitedKingdom,HomeGarden,104.16
INV000343,SKU0475,ProWidgetF,14,2010-12-15,146.73,17724,Australia,Clothing,424.02
INV000344,SKU0440,DeluxeWidgetC,31,2010-12-15,39.84,14167,Australia,Clothing,3549.28
INV000345,SKU0472,EliteWidgetG,66,2010-12-15,70.71,11022,Germany,Sports,912.65
INV000346,SKU0433,DeluxeWidgetC,68,2010-12-15,131.67,12758,France,Electronics,1146.47
INV000347,SKU0150,StandardWidgetD,65,2010-12-15,12.47,19304,Belgium,HomeGarden,1886.91
INV000348,SKU0414,ClassicWidgetB,55,2010-12-15,123.19,14808,Germany,Sports,3286.55
INV000349,SKU0477,PremiumWidgetA,84,2010-12-15,85.87,19750,France,Toys,2347.39
INV000350,SKU0297,BudgetWidgetE,78,2010-12-15,5.25,18833,Netherlands,Sports,4723.11
INV000351,SKU0098,ProWidgetF,40,2010-12-15,135.49,16733,France,HomeGarden,2171.48
INV000352,SKU0262,BasicWidgetH,25,2010-12-15,6.36,14907,Germany,Clothing,996.46
INV000353,SKU0251,PremiumWidgetA,25,2010-12-15,77.53,13225,Germany,HomeGarden,2681.18
INV000354,SKU0143,ProWidgetF,3,2010-12-15,7.83,11014,France,Clothing,2255.0
INV000355,SKU0345,BudgetWidgetE,69,2010-12-15,11.14,16768,UnitedKingdom,Books,3935.9
INV000356,SKU0111,DeluxeWidgetC,26,2010-12-15,133.14,15458,France,Electronics,4675.67
INV000357,SKU0499,PremiumWidgetA,40,2010-12-15,114.99,12021,Netherlands,HomeGarden,4181.64
INV000358,SKU0059,StandardWidgetD,38,2010-12-15,29.94,12676,Netherlands,Toys,1945.81
INV000359,SKU0368,ClassicWidgetB,38,2010-12-15,93.26,19732,UnitedKingdom,Toys,1081.36
INV000360,SKU0001,StandardWidgetD,68,2010-12-16,119.3,13106,Netherlands,Food,4572.53
INV000361,SKU0384,ClassicWidgetB,7,2010-12-16,133.49,18975,Germany,Sports,1930.31
INV000362,SKU0303,EliteWidgetG,94,2010-12-16,70.51,18862,UnitedKingdom,Clothing,3851.26
INV000363,SKU0253,ProWidgetF,30,2010-12-16,134.68,12584,UnitedKingdom,Electronics,4947.65
INV000364,SKU0139,PremiumWidgetA,19,2010-12-16,76.42,14942,UnitedKingdom,Toys,2887.64
INV000365,SKU0452,PremiumWidgetA,35,2010-12-16,103.39,11277,Spain,Electronics,2399.92
INV000366,SKU0036,EliteWidgetG,33,2010-12-16,146.86,13043,France,HomeGarden,3499.65
INV000367,SKU0159,ClassicWidgetB,33,2010-12-16,35.77,17370,France,Sports,970.46
INV000368,SKU0008,DeluxeWidgetC,78,2010-12-16,25.69,15860,UnitedKingdom,Toys,2441.71
INV000369,SKU0232,BudgetWidgetE,38,2010-12-16,51.63,13782,Belgium,HomeGarden,1562.34
INV000370,SKU0098,StandardWidgetD,10,2010-12-16,25.08,17057,Netherlands,Sports,821.98
INV000371,SKU0146,EliteWidgetG,57,2010-12-16,42.98,18369,Spain,Books,3051.07
INV000372,SKU0303,BasicWidgetH,28,2010-12-16,111.58,18467,Spain,HomeGarden,2878.95
INV000373,SKU0207,BasicWidgetH,78,2010-12-16,71.89,13481,Germany,Food,3806.26
INV000374,SKU0130,ProWidgetF,38,2010-12-16,56.57,15772,Germany,Clothing,4364.98
INV000375,SKU0403,EliteWidgetG,16,2010-12-16,55.62,19616,France,HomeGarden,1102.66
INV000376,SKU0151,StandardWidgetD,21,2010-12-16,29.58,15336,Australia,HomeGarden,3898.73
INV000377,SKU0053,StandardWidgetD,92,2010-12-16,67.39,14122,UnitedKingdom,Toys,1837.56
INV000378,SKU0119,ProWidgetF,97,2010-12-16,93.88,12960,Australia,Food,3144.4
INV000379,SKU0160,ProWidgetF,6,2010-12-16,21.3,17897,Germany,Books,4251.35
INV000380,SKU0407,PremiumWidgetA,41,2010-12-16,145.94,12469,Belgium,Toys,1281.67
INV000381,SKU0115,StandardWidgetD,15,2010-12-16,66.77,17051,France,Books,3005.21
INV000382,SKU0074,BudgetWidgetE,3,2010-12-16,142.22,14068,France,Toys,2402.11
INV000383,SKU0112,BasicWidgetH,43,2010-12-16,20.63,15443,France,HomeGarden,3953.1
INV000384,SKU0455,BudgetWidgetE,47,2010-12-17,115.2,19782,France,Sports,3486.51
INV000385,SKU0419,ClassicWidgetB,99,2010-12-17,92.84,14380,France,Books,3848.39
INV000386,SKU0421,EliteWidgetG,14,2010-12-17,123.1,19304,UnitedKingdom,Books,1440.43
INV000387,SKU0103,ProWidgetF,66,2010-12-17,90.3,19260,Spain,Sports,3522.08
INV000388,SKU0339,PremiumWidgetA,29,2010-12-17,144.44,12545,Australia,Electronics,3029.42
INV000389,SKU0253,BudgetWidgetE,4,2010-12-17,94.23,17665,Belgium,Food,2283.95
INV000390,SKU0226,DeluxeWidgetC,26,2010-12-17,117.8,13649,Spain,Books,1892.34
INV000391,SKU0111,BasicWidgetH,12,2010-12-17,131.7,11814,Germany,Books,1658.67
INV000392,SKU0472,PremiumWidgetA,2,2010-12-17,107.33,13907,Germany,Sports,49.36
INV000393,SKU0098,PremiumWidgetA,17,2010-12-17,78.87,13731,Spain,Sports,848.62
INV000394,SKU0152,BudgetWidgetE,35,2010-12-17,41.29,17685,France,HomeGarden,295.83
INV000395,SKU0348,DeluxeWidgetC,10,2010-12-17,128.25,18273,France,Food,4241.94
INV000396,SKU0401,ClassicWidgetB,86,2010-12-17,72.35,15869,Spain,HomeGarden,4300.58
INV000397,SKU0383,BudgetWidgetE,43,2010-12-17,93.3,18273,France,Electronics,4231.12
INV000398,SKU0365,DeluxeWidgetC,21,2010-12-17,12.34,10093,Spain,Electronics,4089.78
INV000399,SKU0337,PremiumWidgetA,15,2010-12-17,74.85,18186,Belgium,Electronics,1107.43
INV000400,SKU0193,BasicWidgetH,35,2010-12-17,104.87,10342,Netherlands,Clothing,2459.44
INV000401,SKU0309,DeluxeWidgetC,85,2010-12-17,87.82,16940,Germany,Sports,4539.31
INV000402,SKU0162,PremiumWidgetA,85,2010-12-17,67.56,12408,France,Books,3799.15
INV000403,SKU0207,EliteWidgetG,85,2010-12-17,33.9,19281,Australia,Sports,10.1
INV000404,SKU0444,BudgetWidgetE,60,2010-12-17,46.8,10623,Netherlands,Sports,2297.67
INV000405,SKU0168,ProWidgetF,44,2010-12-17,105.24,10867,UnitedKingdom,Electronics,54.34
INV000406,SKU0483,BudgetWidgetE,96,2010-12-17,34.02,13472,Belgium,Sports,1404.02
INV000407,SKU0160,EliteWidgetG,5,2010-12-17,93.45,10170,Netherlands,Clothing,2179.38
INV000408,SKU0067,StandardWidgetD,73,2010-12-18,88.67,19974,Netherlands,Toys,4464.6
INV000409,SKU0288,StandardWidgetD,18,2010-12-18,145.58,18769,Belgium,Books,3272.27
INV000410,SKU0397,StandardWidgetD,21,2010-12-18,9.59,18259,Netherlands,Toys,1813.06
INV000411,SKU0276,BudgetWidgetE,72,2010-12-18,16.66,11515,Australia,Electronics,2453.78
INV000412,SKU0303,ClassicWidgetB,98,2010-12-18,76.16,18192,Belgium,Food,4087.13
INV000413,SKU0403,BudgetWidgetE,74,2010-12-18,79.3,12198,Germany,HomeGarden,1498.98
INV000414,SKU0383,BasicWidgetH,51,2010-12-18,6.47,10901,Belgium,Food,3075.56
INV000415,SKU0391,EliteWidgetG,41,2010-12-18,123.97,15903,France,Food,1311.97
INV000416,SKU0134,BasicWidgetH,24,2010-12-18,74.46,17755,Australia,Toys,2400.34
INV000417,SKU0194,EliteWidgetG,24,2010-12-18,52.32,18986,Australia,Books,124.27
INV000418,SKU0400,ProWidgetF,96,2010-12-18,48.17,12066,Belgium,Toys,4261.52
INV000419,SKU0127,DeluxeWidgetC,97,2010-12-18,129.28,18562,Spain,HomeGarden,242.7
INV000420,SKU0032,BudgetWidgetE,38,2010-12-18,29.91,12538,France,HomeGarden,1122.58
INV000421,SKU0175,BudgetWidgetE,44,2010-12-18,24.48,13907,Spain,Sports,1668.23
INV000422,SKU0459,PremiumWidgetA,57,2010-12-18,32.37,16960,Spain,Books,3126.18
INV000423,SKU0442,EliteWidgetG,59,2010-12-18,93.94,12596,Belgium,Clothing,3600.45
INV000424,SKU0370,PremiumWidgetA,34,2010-12-18,121.73,19880,Netherlands,Sports,403.17
INV000425,SKU0469,PremiumWidgetA,75,2010-12-18,49.98,13321,Spain,HomeGarden,218.28
INV000426,SKU0374,BudgetWidgetE,95,2010-12-18,26.43,19330,UnitedKingdom,Toys,3995.15
INV000427,SKU0021,ClassicWidgetB,82,2010-12-18,31.77,17720,Netherlands,Books,3561.12
INV000428,SKU0237,DeluxeWidgetC,23,2010-12-18,93.07,12621,Netherlands,Sports,4157.92
INV000429,SKU0157,DeluxeWidgetC,86,2010-12-18,37.28,19357,Spain,Books,3383.01
INV000430,SKU0037,BasicWidgetH,43,2010-12-18,131.65,19700,Spain,Toys,3755.31
INV000431,SKU0229,EliteWidgetG,82,2010-12-18,16.03,13841,Germany,Electronics,1895.81
INV000432,SKU0364,ProWidgetF,40,2010-12-19,5.34,14558,Netherlands,Clothing,2951.33
INV000433,SKU0050,EliteWidgetG,47,2010-12-19,13.71,14918,UnitedKingdom,Clothing,4027.16
INV000434,SKU0437,ClassicWidgetB,41,2010-12-19,126.92,18715,Australia,Clothing,861.42
INV000435,SKU0263,ClassicWidgetB,47,2010-12-19,97.86,14339,Belgium,HomeGarden,2114.69
INV000436,SKU0282,DeluxeWidgetC,20,2010-12-19,143.68,10238,Spain,HomeGarden,3702.71
INV000437,SKU0026,StandardWidgetD,77,2010-12-19,50.78,11220,Netherlands,Clothing,2663.65
INV000438,SKU0225,PremiumWidgetA,65,2010-12-19,32.3,10768,Australia,Books,3408.61
INV000439,SKU0276,PremiumWidgetA,68,2010-12-19,84.52,18426,Spain,Electronics,1465.05
INV000440,SKU0285,DeluxeWidgetC,24,2010-12-19,80.91,16330,Germany,HomeGarden,162.68
INV000441,SKU0096,EliteWidgetG,36,2010-12-19,88.86,17388,Belgium,Toys,146.7
INV000442,SKU0283,ClassicWidgetB,45,2010-12-19,52.46,14592,Spain,Sports,4713.96
INV000443,SKU0366,EliteWidgetG,2,2010-12-19,1.38,19711,UnitedKingdom,Sports,4722.76
INV000444,SKU0447,ProWidgetF,28,2010-12-19,5.74,17617,France,HomeGarden,1057.2
INV000445,SKU0480,StandardWidgetD,26,2010-12-19,99.74,18082,France,Clothing,738.18
INV000446,SKU0452,DeluxeWidgetC,23,2010-12-19,78.73,17579,Spain,Books,91.68
INV000447,SKU0316,PremiumWidgetA,79,2010-12-19,123.24,19127,Germany,Electronics,1157.05
INV000448,SKU0303,BudgetWidgetE,36,2010-12-19,45.41,19460,UnitedKingdom,Sports,1672.42
INV000449,SKU0146,EliteWidgetG,91,2010-12-19,122.41,16456,Spain,HomeGarden,1206.97
INV000450,SKU0003,ClassicWidgetB,6,2010-12-19,64.11,19010,Australia,Books,3987.12
INV000451,SKU0034,BudgetWidgetE,35,2010-12-19,14.96,14117,Germany,Clothing,3747.4
INV000452,SKU0191,ProWidgetF,38,2010-12-19,146.7,12439,Netherlands,Electronics,405.99
INV000453,SKU0048,DeluxeWidgetC,35,2010-12-19,77.03,19280,Australia,Electronics,3486.91
INV000454,SKU0016,EliteWidgetG,74,2010-12-19,94.61,16086,Spain,Sports,2603.41
INV000455,SKU0171,PremiumWidgetA,94,2010-12-19,100.78,14824,Netherlands,Food,661.7
INV000456,SKU0219,EliteWidgetG,53,2010-12-20,54.68,19965,Netherlands,Sports,3697.94
INV000457,SKU0157,StandardWidgetD,38,2010-12-20,112.26,18391,Belgium,Toys,431.14
INV000458,SKU0476,BasicWidgetH,93,2010-12-20,130.6,18369,Australia,HomeGarden,886.58
INV000459,SKU0045,BudgetWidgetE,59,2010-12-20,58.38,15542,Belgium,Food,746.98
INV000460,SKU0372,StandardWidgetD,43,2010-12-20,98.72,19122,Netherlands,Electronics,4695.23
INV000461,SKU0005,ProWidgetF,4,2010-12-20,113.69,12036,Belgium,Clothing,3491.08
INV000462,SKU0098,PremiumWidgetA,5,2010-12-20,28.92,19677,France,Clothing,2057.02
INV000463,SKU0379,BudgetWidgetE,68,2010-12-20,50.22,12091,Belgium,Food,4111.2
INV000464,SKU0232,ProWidgetF,45,2010-12-20,16.76,15550,Australia,HomeGarden,1080.58
INV000465,SKU0036,StandardWidgetD,80,2010-12-20,90.53,14263,Germany,Electronics,4655.54
INV000466,SKU0279,StandardWidgetD,25,2010-12-20,120.24,16430,France,Sports,3485.29
INV000467,SKU0348,BasicWidgetH,78,2010-12-20,91.82,12384,Germany,Toys,2798.34
INV000468,SKU0496,BudgetWidgetE,11,2010-12-20,27.38,16326,UnitedKingdom,Clothing,3973.45
INV000469,SKU0301,PremiumWidgetA,29,2010-12-20,82.18,18207,Germany,Books,3224.26
INV000470,SKU0180,StandardWidgetD,34,2010-12-20,125.32,17663,Australia,HomeGarden,4435.66
INV000471,SKU0094,DeluxeWidgetC,86,2010-12-20,45.76,19028,Germany,Clothing,4145.93
INV000472,SKU0098,BasicWidgetH,14,2010-12-20,124.98,17721,UnitedKingdom,Books,989.95
INV000473,SKU0187,ProWidgetF,24,2010-12-20,117.8,12157,Netherlands,Food,1199.08
INV000474,SKU0480,BudgetWidgetE,59,2010-12-20,3.75,19768,Australia,Books,326.42
INV000475,SKU0115,ClassicWidgetB,39,2010-12-20,36.3,10305,Spain,Clothing,1101.77
INV000476,SKU0190,ClassicWidgetB,26,2010-12-20,81.67,17123,France,HomeGarden,1718.1
INV000477,SKU0252,PremiumWidgetA,43,2010-12-20,107.78,12053,France,Books,145.11
INV000478,SKU0468,DeluxeWidgetC,36,2010-12-20,132.14,15812,Germany,Books,1575.5
INV000479,SKU0415,StandardWidgetD,39,2010-12-20,96.34,13344,France,Electronics,3857.96
INV000480,SKU0470,ClassicWidgetB,61,2010-12-21,57.36,14456,Belgium,Toys,4201.8
INV000481,SKU0160,PremiumWidgetA,16,2010-12-21,28.1,11208,UnitedKingdom,Toys,45.36
INV000482,SKU0255,ProWidgetF,59,2010-12-21,114.13,11858,Spain,Toys,36.73
INV000483,SKU0322,BasicWidgetH,96,2010-12-21,31.41,12703,Belgium,Electronics,732.39
INV000484,SKU0127,DeluxeWidgetC,6,2010-12-21,104.47,11971,France,Toys,4363.01
INV000485,SKU0017,DeluxeWidgetC,98,2010-12-21,27.59,11113,Belgium,Electronics,2346.92
INV000486,SKU0280,EliteWidgetG,56,2010-12-21,14.11,10983,Germany,Books,4914.53
INV000487,SKU0489,PremiumWidgetA,8,2010-12-21,38.04,12127,France,Books,4436.77
INV000488,SKU0222,PremiumWidgetA,94,2010-12-21,43.1,13639,Belgium,HomeGarden,4450.75
INV000489,SKU0053,EliteWidgetG,27,2010-12-21,97.26,17476,Netherlands,Sports,643.25
INV000490,SKU0057,BasicWidgetH,71,2010-12-21,24.55,10560,Netherlands,Electronics,2376.67
INV000491,SKU0322,StandardWidgetD,27,2010-12-21,139.58,16652,France,Toys,4967.96
INV000492,SKU0359,PremiumWidgetA,89,2010-12-21,83.38,14387,Australia,Sports,746.07
INV000493,SKU0173,EliteWidgetG,46,2010-12-21,73.89,12932,Spain,Electronics,2871.59
INV000494,SKU0279,StandardWidgetD,41,2010-12-21,65.49,18482,France,Toys,1722.06
INV000495,SKU0113,BasicWidgetH,79,2010-12-21,85.21,11909,Netherlands,Food,1939.9
INV000496,SKU0287,StandardWidgetD,25,2010-12-21,3.86,17230,Netherlands,Food,4454.07
INV000497,SKU0430,BudgetWidgetE,86,2010-12-21,148.52,11428,UnitedKingdom,Electronics,2939.92
INV000498,SKU0341,DeluxeWidgetC,18,2010-12-21,83.85,10947,Germany,Toys,3794.12
INV000499,SKU0150,ProWidgetF,12,2010-12-21,5.76,11348,UnitedKingdom,HomeGarden,3366.5
INV000500,SKU0449,DeluxeWidgetC,87,2010-12-21,88.7,18572,Australia,HomeGarden,2645.55
INV000501,SKU0126,DeluxeWidgetC,51,2010-12-21,65.84,19896,Germany,Food,3958.76
INV000502,SKU0154,BudgetWidgetE,39,2010-12-21,4.09,10309,France,Clothing,4853.69
INV000503,SKU0489,StandardWidgetD,89,2010-12-21,138.7,13414,France,Electronics,4834.13
INV000504,SKU0385,StandardWidgetD,10,2010-12-22,2.08,15789,Australia,Electronics,3947.47
INV000505,SKU0473,PremiumWidgetA,94,2010-12-22,86.89,19690,Spain,Food,2437.16
INV000506,SKU0272,BudgetWidgetE,74,2010-12-22,144.29,16568,Netherlands,Electronics,816.63
INV000507,SKU0103,PremiumWidgetA,98,2010-12-22,36.02,18852,Spain,HomeGarden,223.31
INV000508,SKU0416,BudgetWidgetE,77,2010-12-22,38.5,13447,France,Toys,1157.99
INV000509,SKU0392,PremiumWidgetA,54,2010-12-22,0.56,12273,UnitedKingdom,Electronics,1701.95
INV000510,SKU0298,ClassicWidgetB,29,2010-12-22,10.42,19689,Netherlands,Clothing,650.12
INV000511,SKU0245,EliteWidgetG,41,2010-12-22,7.21,12142,France,Books,1124.6
INV000512,SKU0175,DeluxeWidgetC,9,2010-12-22,123.49,19797,Netherlands,Clothing,418.64
INV000513,SKU0038,DeluxeWidgetC,63,2010-12-22,125.59,14739,Spain,Toys,2618.86
INV000514,SKU0476,BasicWidgetH,77,2010-12-22,109.14,19623,Germany,Books,632.46
INV000515,SKU0169,ProWidgetF,37,2010-12-22,53.24,10458,France,HomeGarden,3714.1
INV000516,SKU0246,EliteWidgetG,14,2010-12-22,123.28,17580,France,Food,1663.92
INV000517,SKU0025,StandardWidgetD,73,2010-12-22,81.2,10337,Netherlands,Toys,3360.64
INV000518,SKU0354,ProWidgetF,72,2010-12-22,45.99,15450,Germany,Sports,4412.71
INV000519,SKU0305,ClassicWidgetB,39,2010-12-22,65.87,17380,UnitedKingdom,Toys,431.0
INV000520,SKU0408,BasicWidgetH,40,2010-12-22,10.33,14020,Germany,HomeGarden,4945.01
INV000521,SKU0407,ProWidgetF,54,2010-12-22,141.76,18536,UnitedKingdom,Sports,3226.57
INV000522,SKU0012,BasicWidgetH,3,2010-12-22,93.06,15643,Belgium,Books,267.78
INV000523,SKU0315,DeluxeWidgetC,55,2010-12-22,109.82,10942,Belgium,Sports,1570.7
INV000524,SKU0390,StandardWidgetD,33,2010-12-22,101.65,10345,Australia,Books,4431.34
INV000525,SKU0312,ClassicWidgetB,96,2010-12-22,100.33,13894,Spain,Toys,2981.57
INV000526,SKU0035,DeluxeWidgetC,71,2010-12-22,3.08,18516,Germany,Sports,1436.82
INV000527,SKU0172,EliteWidgetG,19,2010-12-22,79.04,16610,UnitedKingdom,Books,4702.53
INV000528,SKU0019,PremiumWidgetA,34,2010-12-23,123.35,12138,Netherlands,Toys,3936.48
INV000529,SKU0320,BudgetWidgetE,78,2010-12-23,7.16,14389,UnitedKingdom,Sports,3677.96
INV000530,SKU0263,ClassicWidgetB,50,2010-12-23,143.45,18715,Australia,Books,4442.25
INV000531,SKU0493,StandardWidgetD,47,2010-12-23,63.91,17826,UnitedKingdom,Clothing,3849.13
INV000532,SKU0399,BasicWidgetH,46,2010-12-23,43.84,17816,Spain,Electronics,1434.41
INV000533,SKU0141,ProWidgetF,56,2010-12-23,80.01,10258,Belgium,Clothing,2919.85
INV000534,SKU0459,EliteWidgetG,57,2010-12-23,120.28,11110,Germany,HomeGarden,4211.59
INV000535,SKU0370,ProWidgetF,83,2010-12-23,71.48,17325,UnitedKingdom,Food,905.06
INV000536,SKU0470,ClassicWidgetB,51,2010-12-23,96.94,16487,Germany,Food,815.95
INV000537,SKU0142,EliteWidgetG,54,2010-12-23,75.24,10820,Australia,Sports,795.72
INV000538,SKU0091,StandardWidgetD,90,2010-12-23,94.88,15988,UnitedKingdom,Food,972.08
INV000539,SKU0353,ClassicWidgetB,81,2010-12-23,21.14,15635,UnitedKingdom,Toys,517.05
INV000540,SKU0321,StandardWidgetD,28,2010-12-23,6.28,14664,Australia,Books,4188.31
INV000541,SKU0287,ProWidgetF,19,2010-12-23,20.97,17093,Spain,Clothing,4091.77
INV000542,SKU0214,DeluxeWidgetC,27,2010-12-23,43.23,14604,UnitedKingdom,Clothing,757.69
INV000543,SKU0446,EliteWidgetG,48,2010-12-23,38.38,11563,Germany,Toys,3527.98
INV000544,SKU0341,PremiumWidgetA,19,2010-12-23,92.47,16343,Spain,Books,3135.25
INV000545,SKU0050,DeluxeWidgetC,97,2010-12-23,68.66,19399,France,Sports,1381.7
INV000546,SKU0152,PremiumWidgetA,51,2010-12-23,6.3,18500,Spain,Toys,1137.61
INV000547,SKU0185,ProWidgetF,7,2010-12-23,5.71,11839,Belgium,HomeGarden,1253.68
INV000548,SKU0062,BasicWidgetH,29,2010-12-23,14.04,17675,France,HomeGarden,3653.42
INV000549,SKU0189,EliteWidgetG,43,2010-12-23,53.29,18001,Belgium,Toys,1597.27
INV000550,SKU0124,DeluxeWidgetC,69,2010-12-23,1.42,19575,Germany,HomeGarden,1390.52
INV000551,SKU0149,DeluxeWidgetC,94,2010-12-23,74.35,12306,Belgium,Food,113.38
INV000552,SKU0313,ClassicWidgetB,58,2010-12-24,54.42,19372,UnitedKingdom,Books,4541.27
INV000553,SKU0057,BudgetWidgetE,8,2010-12-24,83.54,15140,Germany,Clothing,3763.77
INV000554,SKU0341,ProWidgetF,42,2010-12-24,108.26,12686,Australia,Toys,2364.45
INV000555,SKU0304,StandardWidgetD,76,2010-12-24,38.02,10960,Germany,HomeGarden,4714.69
INV000556,SKU0179,ProWidgetF,42,2010-12-24,23.98,18629,France,Clothing,1468.37
INV000557,SKU0169,StandardWidgetD,13,2010-12-24,42.07,10455,Belgium,Toys,3373.85
INV000558,SKU0325,EliteWidgetG,26,2010-12-24,0.76,16767,Spain,HomeGarden,1526.45
INV000559,SKU0270,StandardWidgetD,18,2010-12-24,18.44,13817,Belgium,HomeGarden,1573.55
INV000560,SKU0053,BasicWidgetH,42,2010-12-24,112.75,19761,Netherlands,Toys,4223.7
INV000561,SKU0490,PremiumWidgetA,51,2010-12-24,33.81,19295,Australia,Sports,3935.32
INV000562,SKU0443,StandardWidgetD,84,2010-12-24,149.15,19810,UnitedKingdom,Books,1471.24
INV000563,SKU0100,StandardWidgetD,16,2010-12-24,25.59,11512,Belgium,Sports,407.87
INV000564,SKU0480,ClassicWidgetB,3,2010-12-24,118.42,14738,Spain,Food,1788.56
INV000565,SKU0263,DeluxeWidgetC,91,2010-12-24,105.9,10391,Germany,Clothing,3800.53
INV000566,SKU0052,ProWidgetF,79,2010-12-24,48.66,12621,Australia,Food,503.62
INV000567,SKU0059,ProWidgetF,98,2010-12-24,49.95,16176,France,Clothing,3360.83
INV000568,SKU0491,EliteWidgetG,45,2010-12-24,84.75,19112,Belgium,Toys,4448.93
INV000569,SKU0107,EliteWidgetG,22,2010-12-24,127.93,15719,UnitedKingdom,Books,896.96
INV000570,SKU0004,BasicWidgetH,23,2010-12-24,58.23,16041,Germany,HomeGarden,4311.16
INV000571,SKU0102,StandardWidgetD,59,2010-12-24,9.65,13600,Belgium,Books,257.77
INV000572,SKU0195,BudgetWidgetE,62,2010-12-24,56.48,15210,Spain,HomeGarden,3334.73
INV000573,SKU0261,ProWidgetF,68,2010-12-24,31.49,14508,Germany,Electronics,3955.4
INV000574,SKU0364,EliteWidgetG,54,2010-12-24,140.91,16442,UnitedKingdom,Food,2224.39
INV000575,SKU0479,StandardWidgetD,57,2010-12-24,104.74,17654,Spain,Electronics,1019.44
INV000576,SKU0371,EliteWidgetG,23,2010-12-25,8.1,19980,Netherlands,Books,4623.72
INV000577,SKU0349,BasicWidgetH,60,2010-12-25,44.3,16216,Netherlands,Food,100.82
INV000578,SKU0046,PremiumWidgetA,73,2010-12-25,8.01,17885,Australia,Electronics,2775.8
INV000579,SKU0354,PremiumWidgetA,88,2010-12-25,124.59,10260,Belgium,Electronics,1864.87
INV000580,SKU0310,EliteWidgetG,85,2010-12-25,135.99,16833,Germany,Food,2305.82
INV000581,SKU0423,PremiumWidgetA,55,2010-12-25,17.29,19527,Australia,Food,2683.29
INV000582,SKU0307,EliteWidgetG,80,2010-12-25,66.32,15944,UnitedKingdom,Clothing,2674.21
INV000583,SKU0143,StandardWidgetD,63,2010-12-25,139.82,16134,Spain,HomeGarden,1018.91
INV000584,SKU0268,ClassicWidgetB,56,2010-12-25,22.21,16875,Australia,Toys,3398.83
INV000585,SKU0369,BudgetWidgetE,55,2010-12-25,44.14,16828,Belgium,Electronics,96.72
INV000586,SKU0123,StandardWidgetD,25,2010-12-25,45.99,10334,Germany,Sports,106.9
INV000587,SKU0105,ClassicWidgetB,26,2010-12-25,4.99,17669,Belgium,Food,2392.96
INV000588,SKU0157,ClassicWidgetB,49,2010-12-25,5.92,12779,Netherlands,Clothing,2709.97
INV000589,SKU0146,ProWidgetF,63,2010-12-25,142.94,18995,Netherlands,HomeGarden,1375.17
INV000590,SKU0144,StandardWidgetD,45,2010-12-25,85.88,17328,UnitedKingdom,Clothing,2758.83
INV000591,SKU0119,StandardWidgetD,73,2010-12-25,46.34,12437,France,Sports,2581.03
INV000592,SKU0318,EliteWidgetG,79,2010-12-25,57.11,12807,Australia,Toys,1746.75
INV000593,SKU0274,ClassicWidgetB,39,2010-12-25,107.37,15190,UnitedKingdom,HomeGarden,3259.22
INV000594,SKU0091,ClassicWidgetB,97,2010-12-25,55.29,19132,Netherlands,Books,4789.73
INV000595,SKU0057,ClassicWidgetB,65,2010-12-25,34.55,13163,Belgium,Books,2454.52
INV000596,SKU0438,EliteWidgetG,69,2010-12-25,15.72,19094,Germany,Clothing,3930.47
INV000597,SKU0345,ProWidgetF,56,2010-12-25,109.48,17488,Germany,Toys,1238.74
INV000598,SKU0228,StandardWidgetD,9,2010-12-25,27.49,19460,Spain,Books,3809.99
INV000599,SKU0473,ClassicWidgetB,70,2010-12-25,10.91,10023,France,Food,3244.88
INV000600,SKU0116,PremiumWidgetA,28,2010-12-26,64.33,14652,France,HomeGarden,3198.85
INV000601,SKU0317,StandardWidgetD,45,2010-12-26,6.42,12748,Netherlands,Sports,4465.28
INV000602,SKU0278,EliteWidgetG,26,2010-12-26,144.77,12450,France,Sports,1167.52
INV000603,SKU0126,ProWidgetF,28,2010-12-26,94.28,19588,France,Books,1842.88
INV000604,SKU0392,PremiumWidgetA,40,2010-12-26,23.33,18095,Germany,Electronics,416.25
INV000605,SKU0395,EliteWidgetG,15,2010-12-26,26.28,13357,Spain,Electronics,3630.87
INV000606,SKU0128,DeluxeWidgetC,6,2010-12-26,85.69,18095,Australia,Toys,4219.49
INV000607,SKU0057,StandardWidgetD,27,2010-12-26,53.81,18083,Belgium,Electronics,2029.76
INV000608,SKU0121,DeluxeWidgetC,38,2010-12-26,116.25,15972,Germany,Books,1784.78
INV000609,SKU0000,EliteWidgetG,68,2010-12-26,82.1,19949,Spain,Books,3293.6
INV000610,SKU0238,EliteWidgetG,75,2010-12-26,65.28,18155,Germany,Books,378.88
INV000611,SKU0289,EliteWidgetG,85,2010-12-26,144.47,17069,Netherlands,Food,1469.92
INV000612,SKU0095,ClassicWidgetB,64,2010-12-26,58.91,15338,Spain,HomeGarden,1831.7
INV000613,SKU0125,ProWidgetF,30,2010-12-26,60.39,12532,Spain,Electronics,2593.43
INV000614,SKU0117,ClassicWidgetB,82,2010-12-26,100.03,15337,Netherlands,Clothing,2383.37
INV000615,SKU0047,ProWidgetF,99,2010-12-26,121.52,13773,Spain,Toys,1044.19
INV000616,SKU0088,BudgetWidgetE,3,2010-12-26,94.12,16465,Belgium,HomeGarden,2704.4
INV000617,SKU0487,ClassicWidgetB,62,2010-12-26,104.94,14661,Australia,Toys,4629.42
INV000618,SKU0236,DeluxeWidgetC,12,2010-12-26,56.25,12057,UnitedKingdom,Toys,136.41
INV000619,SKU0372,ProWidgetF,91,2010-12-26,72.18,10677,France,HomeGarden,3401.85
INV000620,SKU0384,ClassicWidgetB,30,2010-12-26,29.96,12974,Spain,Books,3123.92
INV000621,SKU0271,StandardWidgetD,85,2010-12-26,102.2,18476,France,Books,4622.21
INV000622,SKU0188,EliteWidgetG,38,2010-12-26,33.61,15648,Germany,HomeGarden,3227.08
INV000623,SKU0486,ProWidgetF,85,2010-12-26,0.69,16444,Germany,Books,3124.59
INV000624,SKU0191,ProWidgetF,60,2010-12-27,140.1,11840,Spain,Electronics,3849.26
INV000625,SKU0446,ClassicWidgetB,38,2010-12-27,46.25,11878,Spain,HomeGarden,1339.76
INV000626,SKU0068,BudgetWidgetE,15,2010-12-27,29.9,16289,Spain,Food,2979.07
INV000627,SKU0277,ClassicWidgetB,18,2010-12-27,40.59,19802,Belgium,Food,2597.59
INV000628,SKU0348,BasicWidgetH,52,2010-12-27,49.9,17219,Belgium,Toys,2192.92
INV000629,SKU0246,DeluxeWidgetC,29,2010-12-27,71.44,13314,Australia,Food,398.36
INV000630,SKU0450,DeluxeWidgetC,60,2010-12-27,10.87,11378,Spain,HomeGarden,1463.85
INV000631,SKU0075,ProWidgetF,21,2010-12-27,8.37,15340,Belgium,Food,1400.63
INV000632,SKU0153,ProWidgetF,17,2010-12-27,44.29,19907,France,HomeGarden,3621.53
INV000633,SKU0143,ClassicWidgetB,18,2010-12-27,44.72,10452,Germany,Books,4603.36
INV000634,SKU0434,DeluxeWidgetC,57,2010-12-27,18.09,18533,Germany,Food,1154.71
INV000635,SKU0484,DeluxeWidgetC,37,2010-12-27,61.02,10392,Belgium,HomeGarden,374.05
INV000636,SKU0085,BudgetWidgetE,60,2010-12-27,42.96,15471,Spain,Clothing,4999.78
INV000637,SKU0184,StandardWidgetD,38,2010-12-27,4.4,11269,Netherlands,Clothing,3456.34
INV000638,SKU0284,BudgetWidgetE,12,2010-12-27,132.92,18137,Belgium,Electronics,4432.47
INV000639,SKU0461,BasicWidgetH,75,2010-12-27,132.96,13050,UnitedKingdom,HomeGarden,720.25
INV000640,SKU0219,PremiumWidgetA,84,2010-12-27,31.77,17280,Spain,Food,4004.04
INV000641,SKU0068,EliteWidgetG,73,2010-12-27,24.85,19162,Australia,HomeGarden,4066.81
INV000642,SKU0046,BudgetWidgetE,1,2010-12-27,82.32,14794,UnitedKingdom,Toys,758.29
INV000643,SKU0496,BasicWidgetH,58,2010-12-27,94.8,17410,UnitedKingdom,Books,807.86
INV000644,SKU0093,ClassicWidgetB,3,2010-12-27,143.65,10165,Spain,Toys,1477.96
INV000645,SKU0237,StandardWidgetD,63,2010-12-27,56.91,18446,Australia,Food,1084.72
INV000646,SKU0445,ClassicWidgetB,21,2010-12-27,92.92,18493,Belgium,Sports,4877.07
INV000647,SKU0499,EliteWidgetG,23,2010-12-27,131.79,16363,France,Toys,1815.36
INV000648,SKU0452,BasicWidgetH,9,2010-12-28,67.77,18079,Spain,Food,3806.77
INV000649,SKU0203,PremiumWidgetA,83,2010-12-28,18.79,15030,Germany,Sports,4025.45
INV000650,SKU0399,StandardWidgetD,55,2010-12-28,56.93,11505,Australia,Food,1930.32
INV000651,SKU0217,ProWidgetF,19,2010-12-28,20.92,19448,Germany,HomeGarden,3413.25
INV000652,SKU0473,DeluxeWidgetC,62,2010-12-28,2.99,17409,Belgium,Electronics,539.89
INV000653,SKU0431,BudgetWidgetE,87,2010-12-28,112.86,14340,Belgium,Clothing,1985.41
INV000654,SKU0340,BasicWidgetH,91,2010-12-28,36.14,10209,Belgium,HomeGarden,4836.59
INV000655,SKU0038,ClassicWidgetB,91,2010-12-28,0.8,13793,Spain,HomeGarden,843.48
INV000656,SKU0099,PremiumWidgetA,39,2010-12-28,130.93,14521,Belgium,Electronics,1929.17
INV000657,SKU0288,DeluxeWidgetC,76,2010-12-28,66.85,13047,Spain,Electronics,3952.82
INV000658,SKU0253,BudgetWidgetE,27,2010-12-28,36.21,10980,Netherlands,Sports,3327.45
INV000659,SKU0221,DeluxeWidgetC,46,2010-12-28,39.79,12119,UnitedKingdom,Food,3157.96
INV000660,SKU0356,BudgetWidgetE,34,2010-12-28,36.46,13745,Netherlands,HomeGarden,4266.43
INV000661,SKU0022,BasicWidgetH,33,2010-12-28,29.59,10177,Belgium,Food,146.44
INV000662,SKU0249,ProWidgetF,92,2010-12-28,126.26,11546,UnitedKingdom,HomeGarden,3856.05
INV000663,SKU0009,StandardWidgetD,95,2010-12-28,25.96,18490,Belgium,Books,4412.86
INV000664,SKU0245,BasicWidgetH,96,2010-12-28,84.5,13566,Belgium,Clothing,81.86
INV000665,SKU0324,DeluxeWidgetC,50,2010-12-28,12.06,10274,France,Books,2795.26
INV000666,SKU0099,DeluxeWidgetC,20,2010-12-28,142.45,12995,Australia,Books,1743.59
INV000667,SKU0289,DeluxeWidgetC,40,2010-12-28,90.7,10052,France,Clothing,254.76
INV000668,SKU0179,StandardWidgetD,99,2010-12-28,135.52,17775,UnitedKingdom,HomeGarden,2089.32
INV000669,SKU0222,PremiumWidgetA,95,2010-12-28,59.98,19615,Spain,Sports,3220.51
INV000670,SKU0393,BudgetWidgetE,58,2010-12-28,121.7,11627,Belgium,Food,4595.15
INV000671,SKU0249,BasicWidgetH,31,2010-12-28,128.12,16043,Netherlands,Clothing,3103.03
INV000672,SKU0146,BasicWidgetH,38,2010-12-29,105.59,17823,Belgium,Electronics,4283.86
INV000673,SKU0441,ProWidgetF,86,2010-12-29,14.4,18680,UnitedKingdom,HomeGarden,608.74
INV000674,SKU0095,DeluxeWidgetC,45,2010-12-29,2.9,18608,Belgium,Clothing,1053.4
INV000675,SKU0256,EliteWidgetG,41,2010-12-29,25.7,19112,Spain,Clothing,4851.49
INV000676,SKU0324,BasicWidgetH,9,2010-12-29,18.16,11553,France,Toys,4437.12
INV000677,SKU0492,StandardWidgetD,9,2010-12-29,108.91,18857,Spain,Food,1176.9
INV000678,SKU0003,PremiumWidgetA,63,2010-12-29,83.77,12469,Spain,Clothing,3105.25
INV000679,SKU0015,BasicWidgetH,79,2010-12-29,79.13,11474,France,Sports,1813.8
INV000680,SKU0279,BudgetWidgetE,77,2010-12-29,38.3,16477,Netherlands,Books,2343.52
INV000681,SKU0335,StandardWidgetD,22,2010-12-29,23.61,10337,Belgium,Books,4304.53
INV000682,SKU0246,ProWidgetF,16,2010-12-29,31.38,16991,Spain,Toys,3678.83
INV000683,SKU0257,ProWidgetF,32,2010-12-29,60.34,18460,Netherlands,Clothing,1192.97
INV000684,SKU0496,BudgetWidgetE,66,2010-12-29,111.15,11087,Spain,Clothing,1580.65
INV000685,SKU0475,DeluxeWidgetC,90,2010-12-29,38.55,11293,Spain,Books,1449.26
INV000686,SKU0383,ProWidgetF,14,2010-12-29,104.94,18848,France,Sports,3903.53
INV000687,SKU0159,PremiumWidgetA,38,2010-12-29,73.98,15964,UnitedKingdom,HomeGarden,2450.95
INV000688,SKU0474,StandardWidgetD,98,2010-12-29,132.87,12828,Belgium,Books,4753.67
INV000689,SKU0339,BasicWidgetH,8,2010-12-29,35.32,16472,UnitedKingdom,Clothing,4083.62
INV000690,SKU0151,PremiumWidgetA,21,2010-12-29,67.9,13973,Australia,Sports,1056.76
INV000691,SKU0395,DeluxeWidgetC,56,2010-12-29,14.95,16661,France,Food,3929.93
INV000692,SKU0177,PremiumWidgetA,46,2010-12-29,50.61,14957,Australia,Sports,2530.89
INV000693,SKU0162,PremiumWidgetA,43,2010-12-29,76.28,16564,Spain,Food,1269.3
INV000694,SKU0379,ClassicWidgetB,92,2010-12-29,110.04,11336,France,Toys,1817.3
INV000695,SKU0032,PremiumWidgetA,46,2010-12-29,30.11,11667,Australia,Clothing,4860.66
INV000696,SKU0416,BudgetWidgetE,48,2010-12-30,33.1,11825,Germany,Electronics,2420.32
INV000697,SKU0444,StandardWidgetD,70,2010-12-30,94.92,11212,UnitedKingdom,Sports,3598.31
INV000698,SKU0178,ClassicWidgetB,84,2010-12-30,57.68,12768,UnitedKingdom,Books,2385.95
INV000699,SKU0426,StandardWidgetD,31,2010-12-30,72.57,15776,Germany,Electronics,1858.41
INV000700,SKU0100,StandardWidgetD,33,2010-12-30,125.5,10444,Netherlands,Toys,3982.3
INV000701,SKU0267,DeluxeWidgetC,44,2010-12-30,75.11,19589,Germany,HomeGarden,4241.77
INV000702,SKU0322,DeluxeWidgetC,71,2010-12-30,98.05,14381,Belgium,Books,360.37
INV000703,SKU0064,ClassicWidgetB,8,2010-12-30,98.69,13676,UnitedKingdom,Toys,1395.61
INV000704,SKU0416,ProWidgetF,73,2010-12-30,120.64,12310,Belgium,Food,2539.85
INV000705,SKU0167,EliteWidgetG,2,2010-12-30,95.9,14040,France,Toys,1583.17
INV000706,SKU0329,DeluxeWidgetC,17,2010-12-30,10.19,17085,Australia,Toys,3918.13
INV000707,SKU0042,EliteWidgetG,52,2010-12-30,51.65,11827,UnitedKingdom,Clothing,574.55
INV000708,SKU0043,DeluxeWidgetC,45,2010-12-30,148.4,16285,Belgium,Electronics,3989.19
INV000709,SKU0284,DeluxeWidgetC,37,2010-12-30,29.88,13219,Germany,Toys,3089.81
INV000710,SKU0396,StandardWidgetD,42,2010-12-30,88.22,15559,France,Toys,1447.55
INV000711,SKU0011,ClassicWidgetB,44,2010-12-30,126.52,16771,UnitedKingdom,Toys,1722.93
INV000712,SKU0094,StandardWidgetD,81,2010-12-30,88.19,14688,Germany,Books,915.31
INV000713,SKU0301,BasicWidgetH,38,2010-12-30,56.15,14511,Belgium,Toys,1263.61
INV000714,SKU0385,BudgetWidgetE,99,2010-12-30,12.49,12072,UnitedKingdom,Sports,3586.63
INV000715,SKU0252,StandardWidgetD,94,2010-12-30,54.57,16770,Germany,Clothing,1880.04
INV000716,SKU0498,EliteWidgetG,6,2010-12-30,27.72,16328,Spain,Electronics,3437.73
INV000717,SKU0241,EliteWidgetG,68,2010-12-30,144.15,12330,Germany,Sports,2571.02
INV000718,SKU0034,BudgetWidgetE,51,2010-12-30,107.4,10685,UnitedKingdom,Toys,727.34
INV000719,SKU0214,PremiumWidgetA,35,2010-12-30,112.53,14958,France,Food,2495.85
INV000720,SKU0336,PremiumWidgetA,58,2010-12-31,65.68,10684,UnitedKingdom,Clothing,3782.59
INV000721,SKU0089,BudgetWidgetE,57,2010-12-31,16.94,18532,UnitedKingdom,Clothing,1489.08
INV000722,SKU0263,BudgetWidgetE,73,2010-12-31,40.37,10733,Spain,Electronics,3240.76
INV000723,SKU0092,StandardWidgetD,6,2010-12-31,39.33,11496,France,Electronics,995.96
INV000724,SKU0409,BudgetWidgetE,13,2010-12-31,73.27,19323,Spain,Electronics,679.36
INV000725,SKU0457,BasicWidgetH,59,2010-12-31,69.42,15450,UnitedKingdom,Books,1801.77
INV000726,SKU0089,ClassicWidgetB,86,2010-12-31,65.29,14635,Spain,Food,1946.63
INV000727,SKU0417,PremiumWidgetA,92,2010-12-31,74.65,11732,Australia,Clothing,3805.29
INV000728,SKU0114,PremiumWidgetA,30,2010-12-31,148.06,16527,Australia,Toys,2300.93
INV000729,SKU0104,BasicWidgetH,2,2010-12-31,45.1,16725,Australia,HomeGarden,407.09
INV000730,SKU0390,ProWidgetF,58,2010-12-31,92.48,16303,Germany,Sports,3170.36
INV000731,SKU0195,BasicWidgetH,36,2010-12-31,36.31,18031,Netherlands,Electronics,2346.8
INV000732,SKU0313,BasicWidgetH,72,2010-12-31,70.26,11419,Belgium,Clothing,1658.88
INV000733,SKU0113,BudgetWidgetE,45,2010-12-31,30.41,14710,Spain,Food,4011.29
INV000734,SKU0492,DeluxeWidgetC,9,2010-12-31,83.95,18679,UnitedKingdom,Toys,772.77
INV000735,SKU0074,DeluxeWidgetC,65,2010-12-31,40.12,11441,Netherlands,Sports,4566.15
INV000736,SKU0412,BasicWidgetH,77,2010-12-31,6.0,12390,Spain,HomeGarden,1670.97
INV000737,SKU0375,BudgetWidgetE,50,2010-12-31,122.38,11384,Australia,Sports,2305.25
INV000738,SKU0419,ClassicWidgetB,79,2010-12-31,19.67,12156,Belgium,HomeGarden,4646.24
INV000739,SKU0216,DeluxeWidgetC,32,2010-12-31,55.52,14396,France,Toys,3806.44
INV000740,SKU0276,ProWidgetF,98,2010-12-31,71.84,11391,Australia,Electronics,372.44
INV000741,SKU0248,EliteWidgetG,43,2010-12-31,65.16,17422,Belgium,Books,2891.91
INV000742,SKU0163,BudgetWidgetE,95,2010-12-31,108.99,15435,UnitedKingdom,HomeGarden,1552.5
INV000743,SKU0393,BasicWidgetH,78,2010-12-31,89.72,14800,Netherlands,Electronics,2542.93
INV000744,SKU0356,ClassicWidgetB,54,2011-01-01,44.66,13142,Netherlands,Sports,3715.1
INV000745,SKU0456,ClassicWidgetB,47,2011-01-01,8.23,10268,Spain,Toys,2481.37
INV000746,SKU0407,StandardWidgetD,14,2011-01-01,115.26,13917,Germany,Food,356.04
INV000747,SKU0191,ClassicWidgetB,48,2011-01-01,53.2,19716,France,Sports,2650.37
INV000748,SKU0226,DeluxeWidgetC,55,2011-01-01,133.51,18669,Belgium,Sports,121.62
INV000749,SKU0176,BasicWidgetH,29,2011-01-01,59.56,14271,Australia,Toys,1742.7
INV000750,SKU0098,EliteWidgetG,47,2011-01-01,107.79,10238,Belgium,Toys,2390.67
INV000751,SKU0495,DeluxeWidgetC,63,2011-01-01,140.96,18801,Belgium,Books,3223.72
INV000752,SKU0035,BudgetWidgetE,19,2011-01-01,97.85,17002,France,Clothing,2531.53
INV000753,SKU0465,EliteWidgetG,91,2011-01-01,62.32,17768,UnitedKingdom,HomeGarden,760.58
INV000754,SKU0496,BudgetWidgetE,9,2011-01-01,85.33,15883,Germany,Food,4661.16
INV000755,SKU0486,ClassicWidgetB,37,2011-01-01,81.75,15785,Australia,Toys,3251.85
INV000756,SKU0095,ProWidgetF,92,2011-01-01,87.93,15093,UnitedKingdom,Clothing,1585.52
INV000757,SKU0151,PremiumWidgetA,52,2011-01-01,22.45,16438,France,Sports,4829.73
INV000758,SKU0150,EliteWidgetG,57,2011-01-01,104.93,16174,Germany,Food,4413.01
INV000759,SKU0189,BasicWidgetH,88,2011-01-01,22.18,19346,Australia,Books,718.31
INV000760,SKU0223,StandardWidgetD,28,2011-01-01,2.69,19943,France,Electronics,3277.49
INV000761,SKU0036,PremiumWidgetA,36,2011-01-01,93.9,15445,Australia,Books,2800.79
INV000762,SKU0267,ClassicWidgetB,64,2011-01-01,17.98,13338,Belgium,Toys,964.85
INV000763,SKU0368,ClassicWidgetB,18,2011-01-01,115.68,12333,Germany,Clothing,1168.14
INV000764,SKU0182,BasicWidgetH,89,2011-01-01,129.96,14386,Germany,Sports,2819.31
INV000765,SKU0012,PremiumWidgetA,35,2011-01-01,141.74,14581,France,Food,1607.12
INV000766,SKU0278,StandardWidgetD,68,2011-01-01,99.84,16698,Australia,Food,4174.32
INV000767,SKU0216,EliteWidgetG,78,2011-01-01,72.56,18359,Netherlands,Food,489.6
INV000768,SKU0354,EliteWidgetG,39,2011-01-02,53.17,13542,UnitedKingdom,HomeGarden,4570.24
INV000769,SKU0360,PremiumWidgetA,90,2011-01-02,73.89,15886,Germany,Books,4202.92
INV000770,SKU0285,BudgetWidgetE,8,2011-01-02,28.96,18054,Australia,Clothing,3693.38
INV000771,SKU0272,DeluxeWidgetC,88,2011-01-02,52.59,16914,France,Clothing,1313.57
INV000772,SKU0368,ProWidgetF,80,2011-01-02,107.83,17513,Belgium,Electronics,3575.07
INV000773,SKU0061,BudgetWidgetE,84,2011-01-02,33.0,18269,France,HomeGarden,2194.41
INV000774,SKU0083,EliteWidgetG,15,2011-01-02,39.98,11108,Germany,Food,3169.16
INV000775,SKU0367,DeluxeWidgetC,7,2011-01-02,112.52,19083,Spain,Clothing,1563.46
INV000776,SKU0216,ProWidgetF,17,2011-01-02,27.09,14756,Germany,HomeGarden,4179.45
INV000777,SKU0341,ProWidgetF,86,2011-01-02,37.26,11224,Belgium,Sports,203.84
INV000778,SKU0396,ProWidgetF,86,2011-01-02,3.12,17528,Spain,Toys,3457.61
INV000779,SKU0186,ClassicWidgetB,64,2011-01-02,108.15,18756,Netherlands,Books,4143.33
INV000780,SKU0018,BasicWidgetH,12,2011-01-02,92.88,12859,France,Clothing,3232.49
INV000781,SKU0176,ProWidgetF,82,2011-01-02,104.31,18493,Australia,Sports,960.77
INV000782,SKU0099,StandardWidgetD,56,2011-01-02,32.54,18300,Spain,Electronics,1425.62
INV000783,SKU0395,PremiumWidgetA,46,2011-01-02,103.26,12412,UnitedKingdom,HomeGarden,2575.01
INV000784,SKU0444,EliteWidgetG,47,2011-01-02,89.66,12647,UnitedKingdom,Toys,1647.92
INV000785,SKU0232,StandardWidgetD,79,2011-01-02,55.24,13338,Netherlands,Sports,25.58
INV000786,SKU0402,PremiumWidgetA,16,2011-01-02,65.95,15804,Spain,HomeGarden,204.35
INV000787,SKU0075,BudgetWidgetE,69,2011-01-02,85.4,17231,Spain,Food,3839.07
INV000788,SKU0264,BasicWidgetH,2,2011-01-02,74.25,14523,Australia,Food,419.45
INV000789,SKU0454,BudgetWidgetE,92,2011-01-02,96.45,13813,UnitedKingdom,Toys,4640.18
INV000790,SKU0283,PremiumWidgetA,54,2011-01-02,27.56,13645,UnitedKingdom,HomeGarden,2214.24
INV000791,SKU0205,StandardWidgetD,27,2011-01-02,81.34,13417,Belgium,Clothing,3791.18
INV000792,SKU0222,PremiumWidgetA,31,2011-01-03,67.82,10011,Australia,HomeGarden,628.4
INV000793,SKU0383,ProWidgetF,41,2011-01-03,69.42,16609,Belgium,Sports,4632.61
INV000794,SKU0051,ClassicWidgetB,36,2011-01-03,70.67,13145,Spain,Electronics,170.01
INV000795,SKU0338,EliteWidgetG,47,2011-01-03,132.28,10874,Australia,Clothing,211.64
INV000796,SKU0366,BudgetWidgetE,43,2011-01-03,122.88,17303,Germany,Books,273.87
INV000797,SKU0143,EliteWidgetG,65,2011-01-03,94.62,10883,UnitedKingdom,Electronics,517.94
INV000798,SKU0372,ClassicWidgetB,50,2011-01-03,107.61,14650,Spain,Sports,2434.67
INV000799,SKU0068,ProWidgetF,93,2011-01-03,6.9,17710,UnitedKingdom,Clothing,3941.59
INV000800,SKU0098,ProWidgetF,1,2011-01-03,111.73,16797,Belgium,Toys,1425.45
INV000801,SKU0395,BudgetWidgetE,72,2011-01-03,73.18,15439,Netherlands,Toys,3729.14
INV000802,SKU0024,BudgetWidgetE,57,2011-01-03,48.0,17008,Germany,HomeGarden,3870.53
INV000803,SKU0435,ProWidgetF,16,2011-01-03,21.4,19771,Germany,Food,4541.48
INV000804,SKU0378,DeluxeWidgetC,28,2011-01-03,11.74,18544,UnitedKingdom,Electronics,747.61
INV000805,SKU0468,EliteWidgetG,86,2011-01-03,7.21,18162,France,Clothing,678.54
INV000806,SKU0483,BasicWidgetH,82,2011-01-03,24.69,19698,France,Books,611.35
INV000807,SKU0052,ClassicWidgetB,22,2011-01-03,5.01,13487,Belgium,Food,1797.19
INV000808,SKU0150,EliteWidgetG,41,2011-01-03,110.03,17537,Australia,Books,2447.57
INV000809,SKU0143,ClassicWidgetB,76,2011-01-03,37.67,12390,Germany,Books,2308.59
INV000810,SKU0056,DeluxeWidgetC,19,2011-01-03,55.63,14030,UnitedKingdom,Toys,1285.99
INV000811,SKU0038,BasicWidgetH,89,2011-01-03,123.5,17492,Belgium,Clothing,3110.28
INV000812,SKU0108,StandardWidgetD,50,2011-01-03,17.64,13438,Belgium,Electronics,1692.03
INV000813,SKU0180,ClassicWidgetB,59,2011-01-03,125.42,12383,Spain,HomeGarden,1831.05
INV000814,SKU0041,EliteWidgetG,69,2011-01-03,96.11,13367,UnitedKingdom,Electronics,528.54
INV000815,SKU0185,PremiumWidgetA,34,2011-01-03,51.63,16167,UnitedKingdom,HomeGarden,2961.56
INV000816,SKU0422,BasicWidgetH,39,2011-01-04,18.11,11465,Belgium,Electronics,3276.75
INV000817,SKU0397,ProWidgetF,74,2011-01-04,14.18,12151,Spain,Electronics,3789.99
INV000818,SKU0222,ProWidgetF,7,2011-01-04,50.66,13483,Spain,Clothing,4520.14
INV000819,SKU0121,DeluxeWidgetC,52,2011-01-04,21.48,10573,Netherlands,Books,3830.26
INV000820,SKU0132,ClassicWidgetB,60,2011-01-04,40.52,10774,France,Food,1179.48
INV000821,SKU0162,StandardWidgetD,52,2011-01-04,8.42,17030,Netherlands,Books,1179.04
INV000822,SKU0214,ClassicWidgetB,79,2011-01-04,89.45,14338,UnitedKingdom,Books,4575.52
INV000823,SKU0220,ProWidgetF,24,2011-01-04,22.22,18021,UnitedKingdom,Food,3950.88
INV000824,SKU0234,BudgetWidgetE,26,2011-01-04,113.63,13930,Germany,Books,3911.45
INV000825,SKU0330,PremiumWidgetA,90,2011-01-04,33.12,14960,Germany,Electronics,3598.85
INV000826,SKU0145,BasicWidgetH,90,2011-01-04,119.8,12220,France,Books,1336.74
INV000827,SKU0238,DeluxeWidgetC,10,2011-01-04,28.89,11439,Spain,Electronics,4237.2
INV000828,SKU0075,BudgetWidgetE,17,2011-01-04,108.34,16246,Australia,HomeGarden,715.28
INV000829,SKU0008,EliteWidgetG,78,2011-01-04,50.29,17424,UnitedKingdom,Sports,1750.74
INV000830,SKU0073,StandardWidgetD,2,2011-01-04,87.68,18905,Germany,Food,1733.03
INV000831,SKU0441,BudgetWidgetE,77,2011-01-04,6.28,16700,France,Food,2801.1
INV000832,SKU0491,EliteWidgetG,27,2011-01-04,74.54,18767,Netherlands,Sports,2317.75
INV000833,SKU0400,BudgetWidgetE,73,2011-01-04,22.73,16339,UnitedKingdom,HomeGarden,2299.58
INV000834,SKU0252,StandardWidgetD,71,2011-01-04,73.2,15084,Australia,Electronics,2768.31
INV000835,SKU0229,BasicWidgetH,48,2011-01-04,21.63,15510,France,Food,2077.68
INV000836,SKU0006,BudgetWidgetE,74,2011-01-04,65.84,10069,Spain,Books,1250.67
INV000837,SKU0173,DeluxeWidgetC,9,2011-01-04,17.04,19109,Australia,Clothing,3320.94
INV000838,SKU0140,ProWidgetF,86,2011-01-04,33.38,18934,UnitedKingdom,Electronics,3953.38
INV000839,SKU0167,ClassicWidgetB,23,2011-01-04,89.46,16728,France,Electronics,2395.5
INV000840,SKU0169,BudgetWidgetE,71,2011-01-05,146.51,14150,Spain,Food,3247.77
INV000841,SKU0392,DeluxeWidgetC,73,2011-01-05,67.65,12533,Belgium,HomeGarden,2677.28
INV000842,SKU0433,ClassicWidgetB,27,2011-01-05,103.23,17410,Belgium,HomeGarden,295.92
INV000843,SKU0282,BasicWidgetH,88,2011-01-05,81.14,19568,Germany,Clothing,2116.0
INV000844,SKU0121,EliteWidgetG,93,2011-01-05,75.0,18601,Australia,Books,50.25
INV000845,SKU0193,ClassicWidgetB,81,2011-01-05,10.17,13007,Netherlands,Sports,3309.73
INV000846,SKU0004,EliteWidgetG,84,2011-01-05,22.07,18143,Netherlands,Toys,2541.3
INV000847,SKU0028,BudgetWidgetE,71,2011-01-05,132.52,16870,Belgium,Books,635.03
INV000848,SKU0164,DeluxeWidgetC,43,2011-01-05,61.82,15134,Australia,Books,2711.42
INV000849,SKU0421,ProWidgetF,7,2011-01-05,92.34,14242,UnitedKingdom,Toys,4492.23
INV000850,SKU0338,BudgetWidgetE,92,2011-01-05,79.47,15609,UnitedKingdom,Toys,1703.11
INV000851,SKU0135,EliteWidgetG,83,2011-01-05,57.14,19871,UnitedKingdom,Electronics,4911.86
INV000852,SKU0495,StandardWidgetD,63,2011-01-05,58.48,17778,Belgium,Clothing,4796.94
INV000853,SKU0364,ClassicWidgetB,84,2011-01-05,83.54,19906,Netherlands,Food,3926.76
INV000854,SKU0320,BudgetWidgetE,44,2011-01-05,21.6,11197,Netherlands,Electronics,4069.19
INV000855,SKU0341,EliteWidgetG,39,2011-01-05,58.4,12337,Germany,HomeGarden,2053.32
INV000856,SKU0499,BasicWidgetH,40,2011-01-05,67.32,18086,UnitedKingdom,Toys,2013.3
INV000857,SKU0144,ClassicWidgetB,7,2011-01-05,147.78,13193,Netherlands,Sports,4772.03
INV000858,SKU0326,BasicWidgetH,70,2011-01-05,53.04,18218,Netherlands,Food,1831.62
INV000859,SKU0216,EliteWidgetG,25,2011-01-05,96.86,15220,UnitedKingdom,Clothing,485.27
INV000860,SKU0300,DeluxeWidgetC,59,2011-01-05,21.04,12973,UnitedKingdom,Food,764.35
INV000861,SKU0131,PremiumWidgetA,13,2011-01-05,10.29,16531,Netherlands,Clothing,3552.28
INV000862,SKU0291,BasicWidgetH,86,2011-01-05,130.8,13165,Spain,Books,1915.52
INV000863,SKU0069,BudgetWidgetE,81,2011-01-05,109.74,11090,Australia,Electronics,997.51
INV000864,SKU0251,ProWidgetF,86,2011-01-06,47.97,18441,Netherlands,Books,4069.12
INV000865,SKU0414,BudgetWidgetE,98,2011-01-06,75.93,10141,Germany,Books,2443.88
INV000866,SKU0274,ClassicWidgetB,62,2011-01-06,20.79,10266,France,Clothing,2838.64
INV000867,SKU0444,DeluxeWidgetC,8,2011-01-06,106.22,17719,Spain,Sports,770.59
INV000868,SKU0363,EliteWidgetG,45,2011-01-06,11.01,14310,UnitedKingdom,HomeGarden,964.58
INV000869,SKU0181,StandardWidgetD,18,2011-01-06,113.68,18680,Belgium,Books,630.15
INV000870,SKU0166,ProWidgetF,88,2011-01-06,82.25,18687,Germany,Toys,2573.2
INV000871,SKU0090,DeluxeWidgetC,60,2011-01-06,42.19,10479,Australia,Sports,3878.51
INV000872,SKU0201,BasicWidgetH,60,2011-01-06,129.45,12690,Belgium,Toys,3661.69
INV000873,SKU0345,BasicWidgetH,2,2011-01-06,147.92,15999,France,Books,1306.89
INV000874,SKU0018,BudgetWidgetE,66,2011-01-06,38.53,14936,Spain,Sports,4257.9
INV000875,SKU0038,StandardWidgetD,91,2011-01-06,121.03,12427,Netherlands,Electronics,529.2
INV000876,SKU0125,DeluxeWidgetC,14,2011-01-06,112.65,19035,UnitedKingdom,Toys,571.14
INV000877,SKU0450,PremiumWidgetA,48,2011-01-06,112.2,18064,Netherlands,HomeGarden,4246.67
INV000878,SKU0172,ProWidgetF,56,2011-01-06,143.61,13215,Germany,Clothing,1222.85
INV000879,SKU0140,ClassicWidgetB,12,2011-01-06,73.25,15981,Belgium,Electronics,3540.87
INV000880,SKU0241,DeluxeWidgetC,96,2011-01-06,101.29,13911,Belgium,Books,46.39
INV000881,SKU0219,DeluxeWidgetC,92,2011-01-06,123.67,14077,UnitedKingdom,Books,468.91
INV000882,SKU0125,PremiumWidgetA,55,2011-01-06,72.19,12349,Netherlands,HomeGarden,3046.83
INV000883,SKU0057,BudgetWidgetE,28,2011-01-06,72.47,10649,Belgium,Food,912.9
INV000884,SKU0147,EliteWidgetG,89,2011-01-06,48.14,15536,UnitedKingdom,Food,142.04
INV000885,SKU0475,EliteWidgetG,4,2011-01-06,117.23,12856,Germany,Toys,2335.27
INV000886,SKU0455,ProWidgetF,90,2011-01-06,103.09,15578,Netherlands,Toys,1653.27
INV000887,SKU0316,ProWidgetF,36,2011-01-06,67.95,11725,France,HomeGarden,4011.48
INV000888,SKU0382,ClassicWidgetB,50,2011-01-07,63.19,18116,Belgium,HomeGarden,4094.33
INV000889,SKU0360,DeluxeWidgetC,3,2011-01-07,11.35,11354,Australia,Books,3072.5
INV000890,SKU0422,StandardWidgetD,1,2011-01-07,1.47,11293,Netherlands,Books,1465.88
INV000891,SKU0000,DeluxeWidgetC,17,2011-01-07,79.57,13258,UnitedKingdom,Clothing,2308.67
INV000892,SKU0386,EliteWidgetG,71,2011-01-07,62.92,12713,Spain,HomeGarden,3511.58
INV000893,SKU0460,ClassicWidgetB,62,2011-01-07,119.51,18595,Netherlands,Sports,347.47
INV000894,SKU0347,DeluxeWidgetC,48,2011-01-07,81.63,14032,UnitedKingdom,Food,1663.15
INV000895,SKU0189,PremiumWidgetA,62,2011-01-07,140.54,11546,Belgium,Clothing,4112.03
INV000896,SKU0190,EliteWidgetG,69,2011-01-07,29.82,12606,Spain,Sports,2030.74
INV000897,SKU0368,DeluxeWidgetC,19,2011-01-07,148.53,12825,Germany,Food,3123.72
INV000898,SKU0408,DeluxeWidgetC,34,2011-01-07,45.04,14206,Spain,Electronics,482.58
INV000899,SKU0311,EliteWidgetG,99,2011-01-07,96.54,19004,Australia,HomeGarden,3885.45
INV000900,SKU0416,StandardWidgetD,49,2011-01-07,75.53,13374,UnitedKingdom,Clothing,503.23
INV000901,SKU0421,EliteWidgetG,80,2011-01-07,54.26,19121,Netherlands,Toys,4307.76
INV000902,SKU0116,PremiumWidgetA,47,2011-01-07,21.33,17640,Belgium,Food,533.9
INV000903,SKU0133,PremiumWidgetA,91,2011-01-07,20.66,16934,Spain,Clothing,4454.57
INV000904,SKU0057,DeluxeWidgetC,50,2011-01-07,106.87,16078,Germany,Electronics,1819.49
INV000905,SKU0043,ProWidgetF,89,2011-01-07,56.96,13323,Spain,Electronics,3123.03
INV000906,SKU0172,StandardWidgetD,26,2011-01-07,144.21,18366,France,Electronics,4232.91
INV000907,SKU0159,DeluxeWidgetC,56,2011-01-07,49.18,17105,Netherlands,Food,52.2
INV000908,SKU0172,EliteWidgetG,78,2011-01-07,147.54,11363,Australia,Clothing,1329.2
INV000909,SKU0316,DeluxeWidgetC,14,2011-01-07,31.21,19229,Germany,Books,4541.78
INV000910,SKU0302,ClassicWidgetB,78,2011-01-07,15.87,17489,Netherlands,Sports,1941.49
INV000911,SKU0148,ClassicWidgetB,25,2011-01-07,47.23,17951,UnitedKingdom,Toys,3532.17
INV000912,SKU0079,ProWidgetF,4,2011-01-08,132.89,13011,UnitedKingdom,Toys,700.92
INV000913,SKU0373,StandardWidgetD,79,2011-01-08,78.52,12090,UnitedKingdom,Sports,3392.18
INV000914,SKU0212,BudgetWidgetE,32,2011-01-08,20.78,18652,Netherlands,Toys,366.73
INV000915,SKU0202,BasicWidgetH,82,2011-01-08,30.77,10148,Australia,Electronics,3586.91
INV000916,SKU0251,ClassicWidgetB,78,2011-01-08,47.03,14433,UnitedKingdom,Toys,1619.7
INV000917,SKU0228,BudgetWidgetE,65,2011-01-08,88.73,15098,Netherlands,Books,2329.77
INV000918,SKU0163,PremiumWidgetA,61,2011-01-08,50.19,11133,Netherlands,Books,832.13
INV000919,SKU0226,ClassicWidgetB,20,2011-01-08,112.18,10353,Belgium,Electronics,3139.62
INV000920,SKU0146,ClassicWidgetB,74,2011-01-08,92.64,19299,Australia,HomeGarden,1688.5
INV000921,SKU0019,StandardWidgetD,10,2011-01-08,131.14,12113,Germany,Clothing,1917.49
INV000922,SKU0440,ProWidgetF,88,2011-01-08,75.39,17555,Germany,Food,3261.31
INV000923,SKU0401,BudgetWidgetE,34,2011-01-08,50.01,16010,Netherlands,HomeGarden,895.13
INV000924,SKU0046,EliteWidgetG,61,2011-01-08,149.44,13685,Germany,Food,4260.19
INV000925,SKU0232,ClassicWidgetB,92,2011-01-08,53.67,13206,France,Food,3696.69
INV000926,SKU0304,ClassicWidgetB,27,2011-01-08,64.58,11109,Australia,Books,2889.07
INV000927,SKU0013,StandardWidgetD,40,2011-01-08,121.46,18418,Netherlands,Electronics,642.54
INV000928,SKU0142,StandardWidgetD,65,2011-01-08,13.75,19204,Germany,Clothing,3435.86
INV000929,SKU0414,ProWidgetF,33,2011-01-08,58.28,13106,Spain,Sports,91.48
INV000930,SKU0000,BudgetWidgetE,68,2011-01-08,13.31,13936,Germany,Toys,4022.17
INV000931,SKU0372,PremiumWidgetA,71,2011-01-08,21.33,19658,Australia,Books,1519.68
INV000932,SKU0053,EliteWidgetG,9,2011-01-08,1.19,18461,Spain,Clothing,586.94
INV000933,SKU0373,ProWidgetF,16,2011-01-08,1.93,13806,UnitedKingdom,Clothing,823.28
INV000934,SKU0258,BasicWidgetH,5,2011-01-08,57.35,16549,Germany,HomeGarden,4815.71
INV000935,SKU0143,PremiumWidgetA,98,2011-01-08,121.47,19723,Spain,Sports,3869.38
INV000936,SKU0470,DeluxeWidgetC,23,2011-01-09,88.26,18495,Australia,HomeGarden,1190.12
INV000937,SKU0440,ClassicWidgetB,43,2011-01-09,95.42,15148,Spain,HomeGarden,4817.37
INV000938,SKU0458,BudgetWidgetE,89,2011-01-09,78.13,11932,Belgium,HomeGarden,701.45
INV000939,SKU0011,ProWidgetF,57,2011-01-09,123.06,12040,UnitedKingdom,HomeGarden,3667.9
INV000940,SKU0329,ClassicWidgetB,51,2011-01-09,132.12,17934,Spain,Books,3284.04
INV000941,SKU0223,BudgetWidgetE,13,2011-01-09,127.54,18333,Belgium,Sports,4107.56
INV000942,SKU0271,BudgetWidgetE,24,2011-01-09,121.91,16789,Netherlands,HomeGarden,1909.11
INV000943,SKU0455,BudgetWidgetE,11,2011-01-09,27.82,15775,Belgium,Food,2009.78
INV000944,SKU0357,ClassicWidgetB,52,2011-01-09,89.28,19000,UnitedKingdom,Books,3123.21
INV000945,SKU0459,ProWidgetF,17,2011-01-09,87.53,10947,Germany,Food,1991.63
INV000946,SKU0407,EliteWidgetG,37,2011-01-09,79.43,10765,Netherlands,Toys,207.71
INV000947,SKU0155,StandardWidgetD,13,2011-01-09,72.38,17172,Netherlands,Books,3648.81
INV000948,SKU0372,ClassicWidgetB,62,2011-01-09,13.83,15015,UnitedKingdom,Clothing,3205.09
INV000949,SKU0007,BasicWidgetH,91,2011-01-09,15.77,19130,Netherlands,Clothing,2119.14
INV000950,SKU0121,BudgetWidgetE,84,2011-01-09,135.39,12496,Belgium,Electronics,1514.84
INV000951,SKU0347,ProWidgetF,97,2011-01-09,94.71,13562,Belgium,Books,1604.31
INV000952,SKU0163,EliteWidgetG,96,2011-01-09,39.72,11262,UnitedKingdom,Food,3705.4
INV000953,SKU0089,DeluxeWidgetC,8,2011-01-09,42.26,16393,UnitedKingdom,Electronics,3646.08
INV000954,SKU0135,BasicWidgetH,56,2011-01-09,91.72,15050,Spain,Books,4094.77
INV000955,SKU0185,PremiumWidgetA,93,2011-01-09,61.34,15410,Belgium,HomeGarden,3811.14
INV000956,SKU0315,BasicWidgetH,83,2011-01-09,66.48,10542,UnitedKingdom,HomeGarden,3789.96
INV000957,SKU0177,BudgetWidgetE,70,2011-01-09,9.57,16664,Belgium,Electronics,1259.61
INV000958,SKU0027,DeluxeWidgetC,44,2011-01-09,21.24,17723,Australia,HomeGarden,508.96
INV000959,SKU0219,StandardWidgetD,60,2011-01-09,59.31,12781,Germany,HomeGarden,3809.0
INV000960,SKU0356,EliteWidgetG,41,2011-01-10,105.1,12612,Netherlands,Food,493.99
INV000961,SKU0040,EliteWidgetG,21,2011-01-10,7.68,11199,France,Clothing,4910.57
INV000962,SKU0227,BudgetWidgetE,86,2011-01-10,50.52,17032,Spain,HomeGarden,4375.57
INV000963,SKU0191,BasicWidgetH,42,2011-01-10,104.41,16323,Germany,Clothing,2667.77
INV000964,SKU0410,BasicWidgetH,74,2011-01-10,118.91,14688,France,Sports,1761.57
INV000965,SKU0446,EliteWidgetG,74,2011-01-10,28.94,14786,UnitedKingdom,Books,2634.69
INV000966,SKU0144,DeluxeWidgetC,29,2011-01-10,109.86,13681,Netherlands,Clothing,3671.77
INV000967,SKU0200,BudgetWidgetE,80,2011-01-10,143.33,15229,Spain,Toys,3781.89
INV000968,SKU0416,ClassicWidgetB,65,2011-01-10,136.07,13495,Germany,Toys,369.26
INV000969,SKU0211,ProWidgetF,17,2011-01-10,118.51,18856,France,Clothing,4024.47
INV000970,SKU0460,DeluxeWidgetC,30,2011-01-10,106.99,16078,France,Clothing,3207.84
INV000971,SKU0219,ProWidgetF,26,2011-01-10,35.65,13162,France,Toys,203.86
INV000972,SKU0239,ClassicWidgetB,53,2011-01-10,95.27,11416,Germany,Books,1566.49
INV000973,SKU0412,ClassicWidgetB,19,2011-01-10,96.67,13108,Australia,Books,2553.7
INV000974,SKU0396,ProWidgetF,53,2011-01-10,61.32,18708,UnitedKingdom,Books,943.07
INV000975,SKU0045,DeluxeWidgetC,85,2011-01-10,74.21,19041,Netherlands,Toys,777.05
INV000976,SKU0034,ProWidgetF,17,2011-01-10,104.26,17829,France,HomeGarden,72.39
INV000977,SKU0252,ProWidgetF,46,2011-01-10,142.84,10907,Spain,Clothing,4557.84
INV000978,SKU0389,PremiumWidgetA,85,2011-01-10,44.65,18507,Germany,Books,281.48
INV000979,SKU0081,DeluxeWidgetC,53,2011-01-10,37.33,17573,Spain,Sports,1830.69
INV000980,SKU0370,BasicWidgetH,64,2011-01-10,90.47,19699,France,Toys,1029.65
INV000981,SKU0255,BasicWidgetH,45,2011-01-10,20.05,19710,Germany,Books,3705.42
INV000982,SKU0196,PremiumWidgetA,49,2011-01-10,87.59,11934,Spain,Food,3536.22
INV000983,SKU0302,BudgetWidgetE,19,2011-01-10,13.78,15951,Australia,Food,4031.31
INV000984,SKU0408,EliteWidgetG,71,2011-01-11,73.84,14344,France,Electronics,3084.42
INV000985,SKU0449,BasicWidgetH,81,2011-01-11,93.25,17426,Belgium,Electronics,2958.67
INV000986,SKU0009,ProWidgetF,65,2011-01-11,10.98,19993,France,Clothing,2036.15
INV000987,SKU0311,BudgetWidgetE,37,2011-01-11,31.44,16334,Netherlands,Clothing,3182.16
INV000988,SKU0285,BasicWidgetH,70,2011-01-11,50.64,12622,Germany,Clothing,576.91
INV000989,SKU0241,DeluxeWidgetC,26,2011-01-11,55.61,19048,Germany,Food,3422.88
INV000990,SKU0250,ProWidgetF,2,2011-01-11,101.58,15565,Australia,Food,520.38
INV000991,SKU0364,EliteWidgetG,59,2011-01-11,79.59,11525,France,HomeGarden,4308.84
INV000992,SKU0004,BudgetWidgetE,96,2011-01-11,57.63,11416,Netherlands,Toys,2528.91
INV000993,SKU0118,BasicWidgetH,5,2011-01-11,67.88,11794,Spain,Electronics,2652.25
INV000994,SKU0288,BasicWidgetH,37,2011-01-11,2.44,12720,UnitedKingdom,Electronics,2924.7
INV000995,SKU0373,StandardWidgetD,31,2011-01-11,115.69,16826,Netherlands,Clothing,3880.49
INV000996,SKU0064,BasicWidgetH,76,2011-01-11,6.63,16795,Spain,Toys,2392.87
INV000997,SKU0145,ClassicWidgetB,99,2011-01-11,124.48,13676,Netherlands,Electronics,2138.51
INV000998,SKU0223,ProWidgetF,94,2011-01-11,81.38,15076,Spain,Electronics,1442.38
INV000999,SKU0238,EliteWidgetG,48,2011-01-11,79.41,16369,Netherlands,HomeGarden,641.07
INV001000,SKU0176,ClassicWidgetB,6,2011-01-11,105.83,18544,Belgium,Sports,952.52
INV001001,SKU0266,PremiumWidgetA,15,2011-01-11,129.0,19619,Netherlands,Clothing,3.64
INV001002,SKU0340,BudgetWidgetE,15,2011-01-11,141.43,15826,France,Sports,4347.24
INV001003,SKU0281,BasicWidgetH,61,2011-01-11,81.73,12192,Netherlands,Sports,3825.03
INV001004,SKU0062,PremiumWidgetA,16,2011-01-11,23.02,19969,Spain,HomeGarden,1094.19
INV001005,SKU0216,EliteWidgetG,20,2011-01-11,131.86,13536,Spain,Food,12.95
INV001006,SKU0341,ProWidgetF,77,2011-01-11,6.58,17299,Germany,Electronics,2461.09
INV001007,SKU0314,ClassicWidgetB,44,2011-01-11,121.2,19308,Spain,Clothing,2063.45
INV001008,SKU0282,ClassicWidgetB,42,2011-01-12,102.22,12320,Germany,Books,3880.26
INV001009,SKU0176,BudgetWidgetE,46,2011-01-12,135.76,17871,Belgium,Food,2015.07
INV001010,SKU0460,ProWidgetF,95,2011-01-12,134.67,10533,Belgium,Sports,4320.7
INV001011,SKU0416,BasicWidgetH,34,2011-01-12,8.45,19409,Spain,Toys,480.1
INV001012,SKU0097,StandardWidgetD,64,2011-01-12,91.61,15351,Netherlands,Sports,1829.92
INV001013,SKU0104,StandardWidgetD,29,2011-01-12,19.14,11979,Spain,HomeGarden,4669.77
INV001014,SKU0098,BudgetWidgetE,3,2011-01-12,12.23,12076,Belgium,Sports,59.64
INV001015,SKU0384,ProWidgetF,9,2011-01-12,67.52,18723,Germany,Sports,1954.56
INV001016,SKU0404,BudgetWidgetE,75,2011-01-12,15.09,14235,Belgium,Sports,1299.26
INV001017,SKU0495,ProWidgetF,75,2011-01-12,109.32,16241,France,HomeGarden,2659.77
INV001018,SKU0310,EliteWidgetG,25,2011-01-12,145.36,14114,Belgium,Electronics,1394.56
INV001019,SKU0005,EliteWidgetG,86,2011-01-12,85.65,12584,Belgium,Toys,4349.67
INV001020,SKU0475,PremiumWidgetA,42,2011-01-12,35.66,19740,UnitedKingdom,Sports,4685.75
INV001021,SKU0464,BasicWidgetH,46,2011-01-12,126.56,11488,Netherlands,Clothing,4245.82
INV001022,SKU0196,BudgetWidgetE,73,2011-01-12,128.04,13659,Spain,Toys,1993.44
INV001023,SKU0350,BasicWidgetH,84,2011-01-12,110.05,16402,Germany,Sports,4949.68
INV001024,SKU0132,ProWidgetF,59,2011-01-12,92.46,18047,Germany,Sports,3675.45
INV001025,SKU0357,StandardWidgetD,21,2011-01-12,130.23,10227,Belgium,Clothing,1778.69
INV001026,SKU0258,BasicWidgetH,74,2011-01-12,24.91,14471,France,HomeGarden,469.37
INV001027,SKU0436,ProWidgetF,22,2011-01-12,139.77,15242,Belgium,Books,3335.57
INV001028,SKU0022,EliteWidgetG,29,2011-01-12,142.11,17623,Spain,Clothing,3643.11
INV001029,SKU0484,ProWidgetF,63,2011-01-12,130.86,14352,France,Food,613.17
INV001030,SKU0052,BudgetWidgetE,73,2011-01-12,37.97,14928,UnitedKingdom,Books,2749.13
INV001031,SKU0164,PremiumWidgetA,61,2011-01-12,128.8,17315,Spain,Electronics,4935.45
INV001032,SKU0201,PremiumWidgetA,64,2011-01-13,74.9,10698,Australia,Electronics,1631.88
INV001033,SKU0457,PremiumWidgetA,69,2011-01-13,89.44,10437,Australia,Sports,1510.17
INV001034,SKU0082,PremiumWidgetA,40,2011-01-13,126.17,15819,Spain,Toys,4516.61
INV001035,SKU0144,EliteWidgetG,75,2011-01-13,4.92,16180,Australia,Sports,587.96
INV001036,SKU0084,DeluxeWidgetC,1,2011-01-13,54.76,19876,UnitedKingdom,HomeGarden,4667.7
INV001037,SKU0077,BasicWidgetH,65,2011-01-13,122.45,12153,Netherlands,Books,3897.66
INV001038,SKU0456,BudgetWidgetE,62,2011-01-13,122.19,16038,Belgium,Electronics,1954.81
INV001039,SKU0365,ClassicWidgetB,54,2011-01-13,127.38,16008,Australia,Electronics,418.65
INV001040,SKU0000,BudgetWidgetE,60,2011-01-13,25.8,16375,Belgium,Sports,96.85
INV001041,SKU0050,DeluxeWidgetC,46,2011-01-13,106.03,15136,Australia,Sports,1879.78
INV001042,SKU0172,PremiumWidgetA,5,2011-01-13,22.4,15278,Spain,HomeGarden,3527.06
INV001043,SKU0204,DeluxeWidgetC,22,2011-01-13,117.87,10959,Germany,Sports,2438.16
INV001044,SKU0259,StandardWidgetD,90,2011-01-13,37.15,18469,Germany,Food,3693.52
INV001045,SKU0445,StandardWidgetD,53,2011-01-13,110.8,14220,Netherlands,Toys,3353.18
INV001046,SKU0448,BasicWidgetH,70,2011-01-13,68.52,13756,Spain,Sports,2864.96
INV001047,SKU0368,EliteWidgetG,32,2011-01-13,147.95,17587,France,Toys,4837.53
INV001048,SKU0487,BudgetWidgetE,11,2011-01-13,87.19,19535,UnitedKingdom,Food,3642.19
INV001049,SKU0287,BudgetWidgetE,10,2011-01-13,95.07,14770,Australia,Toys,4573.15
INV001050,SKU0033,ClassicWidgetB,39,2011-01-13,55.54,18906,Spain,HomeGarden,1211.56
INV001051,SKU0347,EliteWidgetG,98,2011-01-13,110.31,19697,Belgium,Sports,3568.48
INV001052,SKU0094,ClassicWidgetB,31,2011-01-13,74.49,13921,Belgium,Toys,2989.42
INV001053,SKU0071,StandardWidgetD,12,2011-01-13,3.2,12714,Spain,Toys,4621.56
INV001054,SKU0038,PremiumWidgetA,80,2011-01-13,91.48,11347,UnitedKingdom,Food,2552.75
INV001055,SKU0153,DeluxeWidgetC,38,2011-01-13,124.65,15008,Germany,Sports,1398.93
INV001056,SKU0249,ClassicWidgetB,67,2011-01-14,35.9,16085,UnitedKingdom,Sports,1924.81
INV001057,SKU0161,ProWidgetF,66,2011-01-14,33.55,18169,Germany,Books,1094.93
INV001058,SKU0437,ClassicWidgetB,52,2011-01-14,91.53,14868,UnitedKingdom,Electronics,1100.65
INV001059,SKU0117,PremiumWidgetA,5,2011-01-14,122.79,13960,Belgium,Clothing,2352.64
INV001060,SKU0258,PremiumWidgetA,11,2011-01-14,37.82,19944,Germany,Electronics,4462.95
INV001061,SKU0378,BudgetWidgetE,25,2011-01-14,139.87,12505,UnitedKingdom,Books,960.15
INV001062,SKU0305,DeluxeWidgetC,35,2011-01-14,139.14,15096,Australia,Clothing,1440.06
INV001063,SKU0267,PremiumWidgetA,35,2011-01-14,30.48,17375,Australia,Electronics,4265.09
INV001064,SKU0448,EliteWidgetG,22,2011-01-14,39.94,11737,Netherlands,HomeGarden,1696.94
INV001065,SKU0053,ClassicWidgetB,37,2011-01-14,105.24,11108,UnitedKingdom,Food,4812.1
INV001066,SKU0235,ClassicWidgetB,86,2011-01-14,142.78,12679,France,Books,1345.33
INV001067,SKU0388,StandardWidgetD,55,2011-01-14,106.63,11037,Netherlands,HomeGarden,2211.27
INV001068,SKU0477,PremiumWidgetA,75,2011-01-14,67.01,15760,UnitedKingdom,HomeGarden,478.95
INV001069,SKU0221,ProWidgetF,96,2011-01-14,25.77,19103,France,Electronics,4960.89
INV001070,SKU0250,BudgetWidgetE,99,2011-01-14,69.42,12096,Australia,Food,4450.82
INV001071,SKU0312,DeluxeWidgetC,95,2011-01-14,91.21,10358,Belgium,Toys,4087.99
INV001072,SKU0400,ProWidgetF,72,2011-01-14,49.98,15953,Belgium,Clothing,787.56
INV001073,SKU0111,BudgetWidgetE,64,2011-01-14,76.78,11076,Australia,Toys,4846.82
INV001074,SKU0254,ClassicWidgetB,20,2011-01-14,19.97,17236,Belgium,Sports,4645.83
INV001075,SKU0302,ProWidgetF,98,2011-01-14,68.1,15671,Spain,Sports,2178.92
INV001076,SKU0406,BudgetWidgetE,4,2011-01-14,14.07,15815,Australia,Books,3408.5
INV001077,SKU0206,ClassicWidgetB,18,2011-01-14,7.84,15764,Spain,HomeGarden,4962.3
INV001078,SKU0228,ClassicWidgetB,51,2011-01-14,128.66,14974,Belgium,Books,2049.32
INV001079,SKU0340,ClassicWidgetB,68,2011-01-14,31.16,13527,France,Electronics,566.12
INV001080,SKU0397,ClassicWidgetB,20,2011-01-15,86.49,12302,Germany,Food,4339.03
INV001081,SKU0065,EliteWidgetG,9,2011-01-15,22.77,19796,UnitedKingdom,Food,2382.95
INV001082,SKU0074,ClassicWidgetB,80,2011-01-15,39.75,11075,Netherlands,HomeGarden,4934.86
INV001083,SKU0434,StandardWidgetD,26,2011-01-15,54.52,14048,Spain,Sports,2754.91
INV001084,SKU0102,ProWidgetF,25,2011-01-15,21.98,10328,Netherlands,Electronics,148.36
INV001085,SKU0421,BudgetWidgetE,68,2011-01-15,7.37,13477,Belgium,Electronics,2459.14
INV001086,SKU0191,StandardWidgetD,41,2011-01-15,131.64,17124,Australia,Toys,3590.59
INV001087,SKU0251,EliteWidgetG,59,2011-01-15,2.27,11002,Germany,Books,131.12
INV001088,SKU0225,BasicWidgetH,45,2011-01-15,9.67,18768,Spain,Food,2067.83
INV001089,SKU0293,BasicWidgetH,41,2011-01-15,120.86,18518,UnitedKingdom,Books,778.65
INV001090,SKU0305,StandardWidgetD,38,2011-01-15,42.66,16386,Spain,Toys,3215.84
INV001091,SKU0097,PremiumWidgetA,19,2011-01-15,108.56,19719,UnitedKingdom,Food,4786.77
INV001092,SKU0337,PremiumWidgetA,14,2011-01-15,22.36,12821,Netherlands,Clothing,3123.3
INV001093,SKU0285,PremiumWidgetA,21,2011-01-15,35.97,19657,Netherlands,Sports,3474.69
INV001094,SKU0334,DeluxeWidgetC,15,2011-01-15,86.13,12380,Netherlands,Sports,1983.42
INV001095,SKU0346,PremiumWidgetA,3,2011-01-15,148.3,18686,UnitedKingdom,Books,2816.14
INV001096,SKU0434,BudgetWidgetE,37,2011-01-15,11.48,19330,Spain,Sports,2719.74
INV001097,SKU0446,StandardWidgetD,46,2011-01-15,60.38,12416,Netherlands,Sports,3798.27
INV001098,SKU0481,BudgetWidgetE,16,2011-01-15,6.94,19548,UnitedKingdom,Electronics,4284.7
INV001099,SKU0307,ProWidgetF,14,2011-01-15,30.28,19345,Australia,Toys,3314.77
INV001100,SKU0248,PremiumWidgetA,9,2011-01-15,136.17,13249,Belgium,Toys,4899.06
INV001101,SKU0165,EliteWidgetG,7,2011-01-15,14.92,12142,Belgium,HomeGarden,4141.61
INV001102,SKU0480,DeluxeWidgetC,14,2011-01-15,128.6,13388,Belgium,HomeGarden,624.11
INV001103,SKU0471,ProWidgetF,6,2011-01-15,27.08,19316,Spain,Clothing,2537.87
INV001104,SKU0334,EliteWidgetG,85,2011-01-16,129.34,15315,Spain,HomeGarden,4516.28
INV001105,SKU0029,DeluxeWidgetC,15,2011-01-16,80.93,18993,Spain,Toys,4719.73
INV001106,SKU0246,BasicWidgetH,52,2011-01-16,131.79,10207,Germany,Sports,1901.65
INV001107,SKU0105,ProWidgetF,72,2011-01-16,23.18,18664,Netherlands,Toys,3628.79
INV001108,SKU0050,BasicWidgetH,34,2011-01-16,114.42,11638,UnitedKingdom,Electronics,2053.32
INV001109,SKU0080,StandardWidgetD,1,2011-01-16,102.26,15127,Australia,Toys,619.17
INV001110,SKU0132,BudgetWidgetE,96,2011-01-16,81.67,18327,France,HomeGarden,4423.17
INV001111,SKU0284,ClassicWidgetB,69,2011-01-16,121.68,14356,Australia,Sports,4659.83
INV001112,SKU0387,BudgetWidgetE,94,2011-01-16,97.42,19362,Germany,Toys,2524.25
INV001113,SKU0137,PremiumWidgetA,86,2011-01-16,131.62,18649,Australia,Sports,92.52
INV001114,SKU0183,BasicWidgetH,20,2011-01-16,57.47,16024,Netherlands,Books,4080.37
INV001115,SKU0400,EliteWidgetG,80,2011-01-16,88.69,17605,Netherlands,Food,2385.32
INV001116,SKU0329,ClassicWidgetB,7,2011-01-16,130.65,11436,France,Toys,376.07
INV001117,SKU0272,DeluxeWidgetC,7,2011-01-16,32.61,16375,Spain,Books,947.77
INV001118,SKU0339,BasicWidgetH,50,2011-01-16,73.12,18698,UnitedKingdom,HomeGarden,761.44
INV001119,SKU0471,StandardWidgetD,2,2011-01-16,144.13,16247,Belgium,Books,3431.71
INV001120,SKU0068,StandardWidgetD,47,2011-01-16,71.3,18637,Australia,Sports,1497.75
INV001121,SKU0033,BasicWidgetH,14,2011-01-16,38.3,12781,France,Sports,639.32
INV001122,SKU0261,BasicWidgetH,31,2011-01-16,52.99,10443,Belgium,Books,4588.33
INV001123,SKU0052,BasicWidgetH,50,2011-01-16,132.82,10117,Netherlands,Food,4782.7
INV001124,SKU0449,DeluxeWidgetC,61,2011-01-16,143.26,19732,Belgium,Electronics,693.74
INV001125,SKU0204,PremiumWidgetA,41,2011-01-16,142.54,10566,Spain,Books,1151.95
INV001126,SKU0125,DeluxeWidgetC,14,2011-01-16,104.99,13602,UnitedKingdom,Electronics,2961.01
INV001127,SKU0234,ProWidgetF,5,2011-01-16,76.69,11936,UnitedKingdom,Food,753.39
INV001128,SKU0042,EliteWidgetG,75,2011-01-17,27.81,14183,Germany,Books,793.8
INV001129,SKU0239,BasicWidgetH,5,2011-01-17,18.92,17926,Spain,Sports,1683.54
INV001130,SKU0458,EliteWidgetG,64,2011-01-17,9.44,19844,Netherlands,Toys,4745.9
INV001131,SKU0370,PremiumWidgetA,29,2011-01-17,3.15,14571,UnitedKingdom,Sports,4812.25
INV001132,SKU0110,ClassicWidgetB,75,2011-01-17,131.78,15801,Germany,Books,4209.1
INV001133,SKU0248,DeluxeWidgetC,5,2011-01-17,121.46,14390,Germany,Clothing,3478.87
INV001134,SKU0150,PremiumWidgetA,96,2011-01-17,85.39,14815,Netherlands,Electronics,3603.65
INV001135,SKU0182,EliteWidgetG,36,2011-01-17,149.81,15500,UnitedKingdom,Clothing,2348.39
INV001136,SKU0335,ClassicWidgetB,79,2011-01-17,142.98,15402,Belgium,Sports,2651.24
INV001137,SKU0094,DeluxeWidgetC,19,2011-01-17,98.44,16987,Spain,Food,3172.63
INV001138,SKU0458,StandardWidgetD,64,2011-01-17,69.95,14781,UnitedKingdom,Electronics,3656.7
INV001139,SKU0373,DeluxeWidgetC,22,2011-01-17,23.25,12686,Australia,Toys,485.13
INV001140,SKU0399,BudgetWidgetE,34,2011-01-17,77.58,11203,UnitedKingdom,Food,1125.21
INV001141,SKU0007,DeluxeWidgetC,56,2011-01-17,24.08,15056,Germany,Books,4814.75
INV001142,SKU0387,BudgetWidgetE,17,2011-01-17,60.07,17057,France,Electronics,1676.38
INV001143,SKU0359,ClassicWidgetB,76,2011-01-17,141.43,18597,Netherlands,Electronics,1343.1
INV001144,SKU0387,DeluxeWidgetC,89,2011-01-17,51.63,15713,France,Food,2110.13
INV001145,SKU0183,ClassicWidgetB,56,2011-01-17,23.34,15183,UnitedKingdom,HomeGarden,1455.31
INV001146,SKU0280,ClassicWidgetB,17,2011-01-17,87.57,14214,Spain,Toys,456.81
INV001147,SKU0194,EliteWidgetG,74,2011-01-17,90.55,14079,Spain,Electronics,1040.6
INV001148,SKU0351,PremiumWidgetA,92,2011-01-17,29.47,10312,Belgium,Toys,3201.16
INV001149,SKU0194,ClassicWidgetB,82,2011-01-17,29.89,18354,Belgium,Sports,1116.69
INV001150,SKU0154,ClassicWidgetB,18,2011-01-17,148.44,11528,Germany,Toys,3238.69
INV001151,SKU0092,EliteWidgetG,45,2011-01-17,36.87,15496,France,Clothing,501.3
INV001152,SKU0159,EliteWidgetG,96,2011-01-18,125.81,19757,Netherlands,Clothing,210.34
INV001153,SKU0433,DeluxeWidgetC,78,2011-01-18,70.81,14768,Australia,Toys,4307.98
INV001154,SKU0060,EliteWidgetG,56,2011-01-18,65.53,17567,France,Books,3800.37
INV001155,SKU0121,DeluxeWidgetC,80,2011-01-18,44.6,10398,Spain,HomeGarden,3330.47
INV001156,SKU0050,StandardWidgetD,50,2011-01-18,116.19,16630,Australia,Clothing,155.47
INV001157,SKU0402,EliteWidgetG,58,2011-01-18,132.16,11047,Spain,Food,1197.53
INV001158,SKU0276,PremiumWidgetA,18,2011-01-18,39.54,11942,Belgium,Clothing,4061.76
INV001159,SKU0004,ClassicWidgetB,80,2011-01-18,14.72,10239,Belgium,Electronics,724.19
INV001160,SKU0465,PremiumWidgetA,81,2011-01-18,20.97,16464,UnitedKingdom,Toys,4064.45
INV001161,SKU0091,BudgetWidgetE,7,2011-01-18,119.02,10671,UnitedKingdom,Sports,2921.58
INV001162,SKU0169,BasicWidgetH,76,2011-01-18,65.66,12619,Netherlands,Toys,3702.1
INV001163,SKU0316,EliteWidgetG,98,2011-01-18,20.22,17919,Australia,Toys,3222.89
INV001164,SKU0021,ClassicWidgetB,10,2011-01-18,51.37,12461,Australia,Sports,2085.53
INV001165,SKU0404,PremiumWidgetA,69,2011-01-18,77.38,18593,Netherlands,Books,1460.59
INV001166,SKU0325,EliteWidgetG,85,2011-01-18,127.88,12106,Belgium,Sports,3363.97
INV001167,SKU0000,EliteWidgetG,3,2011-01-18,96.44,14148,Spain,Clothing,4034.76
INV001168,SKU0132,BasicWidgetH,83,2011-01-18,26.82,11087,France,Electronics,224.62
INV001169,SKU0232,StandardWidgetD,44,2011-01-18,24.23,16776,Netherlands,Sports,1900.16
INV001170,SKU0011,StandardWidgetD,99,2011-01-18,62.14,19334,Belgium,HomeGarden,1754.3
INV001171,SKU0345,ClassicWidgetB,70,2011-01-18,11.74,14381,UnitedKingdom,HomeGarden,2797.79
INV001172,SKU0045,BudgetWidgetE,14,2011-01-18,113.46,15124,Australia,HomeGarden,570.51
INV001173,SKU0033,StandardWidgetD,4,2011-01-18,60.52,17559,Germany,Sports,4667.16
INV001174,SKU0432,BasicWidgetH,18,2011-01-18,51.78,10141,Spain,Electronics,2743.0
INV001175,SKU0077,StandardWidgetD,93,2011-01-18,76.61,10396,Belgium,Sports,4618.84
INV001176,SKU0217,BudgetWidgetE,99,2011-01-19,106.49,15137,Germany,Clothing,4084.89
INV001177,SKU0300,PremiumWidgetA,52,2011-01-19,85.62,17281,UnitedKingdom,Sports,959.0
INV001178,SKU0410,StandardWidgetD,38,2011-01-19,120.46,11555,Australia,Food,662.56
INV001179,SKU0072,BasicWidgetH,80,2011-01-19,94.59,17054,Australia,Food,4306.39
INV001180,SKU0281,DeluxeWidgetC,20,2011-01-19,118.3,15894,Netherlands,Toys,2680.97
INV001181,SKU0248,BasicWidgetH,88,2011-01-19,104.67,11028,France,HomeGarden,99.69
INV001182,SKU0046,ProWidgetF,99,2011-01-19,29.37,15051,Netherlands,HomeGarden,4671.2
INV001183,SKU0120,ProWidgetF,44,2011-01-19,8.33,10670,Germany,Toys,2365.67
INV001184,SKU0213,StandardWidgetD,51,2011-01-19,135.56,14594,Australia,Electronics,1505.38
INV001185,SKU0238,PremiumWidgetA,19,2011-01-19,141.88,11855,France,Books,2583.47
INV001186,SKU0055,EliteWidgetG,68,2011-01-19,109.18,13429,Netherlands,HomeGarden,4114.77
INV001187,SKU0349,PremiumWidgetA,97,2011-01-19,108.77,15276,France,HomeGarden,552.35
INV001188,SKU0106,BasicWidgetH,66,2011-01-19,40.89,16986,Belgium,Books,1795.31
INV001189,SKU0318,ClassicWidgetB,13,2011-01-19,81.6,19880,Spain,Sports,1595.01
INV001190,SKU0047,DeluxeWidgetC,62,2011-01-19,148.84,14431,Spain,HomeGarden,4198.41
INV001191,SKU0060,PremiumWidgetA,61,2011-01-19,128.49,10569,Germany,Electronics,3892.56
INV001192,SKU0336,BudgetWidgetE,30,2011-01-19,46.01,16456,France,Food,2001.12
INV001193,SKU0025,BasicWidgetH,98,2011-01-19,45.51,11146,Belgium,Sports,3322.78
INV001194,SKU0291,DeluxeWidgetC,30,2011-01-19,72.79,19056,Spain,Sports,1972.83
INV001195,SKU0256,ProWidgetF,51,2011-01-19,60.99,16514,Australia,HomeGarden,2857.0
INV001196,SKU0007,BasicWidgetH,88,2011-01-19,55.99,14900,Spain,Sports,4956.09
INV001197,SKU0112,DeluxeWidgetC,48,2011-01-19,94.23,10027,France,Sports,2678.34
INV001198,SKU0354,BudgetWidgetE,33,2011-01-19,2.22,15349,France,Electronics,4942.89
INV001199,SKU0252,StandardWidgetD,74,2011-01-19,114.62,11029,Netherlands,Sports,3736.25
INV001200,SKU0179,BudgetWidgetE,82,2011-01-20,111.14,16616,Belgium,Toys,604.49
INV001201,SKU0206,BudgetWidgetE,19,2011-01-20,124.63,11996,Belgium,HomeGarden,3980.03
INV001202,SKU0302,StandardWidgetD,71,2011-01-20,126.3,11341,France,HomeGarden,807.27
INV001203,SKU0126,StandardWidgetD,57,2011-01-20,85.18,19440,France,Toys,2662.11
INV001204,SKU0055,StandardWidgetD,19,2011-01-20,117.12,12087,Germany,Food,3066.61
INV001205,SKU0213,StandardWidgetD,88,2011-01-20,74.11,18872,France,Toys,4461.26
INV001206,SKU0013,StandardWidgetD,79,2011-01-20,142.75,10374,Belgium,Toys,1052.91
INV001207,SKU0473,BudgetWidgetE,41,2011-01-20,29.01,13045,Netherlands,Books,4379.83
INV001208,SKU0027,ClassicWidgetB,42,2011-01-20,137.38,16275,Belgium,Clothing,4672.53
INV001209,SKU0470,ClassicWidgetB,87,2011-01-20,39.15,15949,Netherlands,Books,448.35
INV001210,SKU0077,BasicWidgetH,52,2011-01-20,15.86,10805,Belgium,Electronics,4426.54
INV001211,SKU0215,PremiumWidgetA,4,2011-01-20,66.15,16352,Belgium,Electronics,1296.64
INV001212,SKU0385,ClassicWidgetB,4,2011-01-20,92.43,16470,Australia,Food,405.92
INV001213,SKU0364,ProWidgetF,5,2011-01-20,35.03,16646,Spain,HomeGarden,4792.91
INV001214,SKU0153,ClassicWidgetB,41,2011-01-20,83.59,10278,Germany,Clothing,1961.63
INV001215,SKU0013,BudgetWidgetE,87,2011-01-20,121.28,11405,UnitedKingdom,Books,3115.29
INV001216,SKU0186,StandardWidgetD,61,2011-01-20,38.93,18979,Australia,Food,2764.81
INV001217,SKU0311,BasicWidgetH,75,2011-01-20,87.26,17150,France,Food,1066.7
INV001218,SKU0370,StandardWidgetD,55,2011-01-20,51.23,11332,Spain,Clothing,3348.16
INV001219,SKU0006,EliteWidgetG,75,2011-01-20,79.7,18065,Germany,HomeGarden,231.53
INV001220,SKU0002,EliteWidgetG,13,2011-01-20,100.2,13147,Australia,Food,1016.27
INV001221,SKU0110,EliteWidgetG,14,2011-01-20,52.89,17992,Netherlands,Food,4723.37
INV001222,SKU0406,BudgetWidgetE,60,2011-01-20,149.18,13449,Germany,Sports,4767.58
INV001223,SKU0237,ProWidgetF,72,2011-01-20,84.78,10432,Germany,HomeGarden,2413.79
INV001224,SKU0362,ClassicWidgetB,25,2011-01-21,123.76,18026,Belgium,Food,846.19
INV001225,SKU0238,BudgetWidgetE,82,2011-01-21,108.91,11009,Belgium,HomeGarden,2108.68
INV001226,SKU0492,PremiumWidgetA,44,2011-01-21,127.99,17279,France,Clothing,4385.48
INV001227,SKU0273,BasicWidgetH,82,2011-01-21,26.48,15191,Germany,Electronics,352.3
INV001228,SKU0293,StandardWidgetD,10,2011-01-21,33.77,18508,Spain,Sports,640.22
INV001229,SKU0226,EliteWidgetG,71,2011-01-21,73.37,15307,Belgium,Sports,4478.37
INV001230,SKU0370,DeluxeWidgetC,50,2011-01-21,127.92,14216,Belgium,Food,2077.5
INV001231,SKU0014,PremiumWidgetA,44,2011-01-21,30.04,11365,Spain,Electronics,418.21
INV001232,SKU0191,EliteWidgetG,14,2011-01-21,145.67,16796,Germany,Clothing,696.91
INV001233,SKU0472,ProWidgetF,15,2011-01-21,19.58,19127,UnitedKingdom,Clothing,4412.36
INV001234,SKU0118,PremiumWidgetA,16,2011-01-21,26.67,13518,Belgium,Electronics,2451.03
INV001235,SKU0484,BudgetWidgetE,2,2011-01-21,25.5,12768,France,Books,815.81
INV001236,SKU0027,ClassicWidgetB,30,2011-01-21,88.11,10495,Belgium,Clothing,4470.4
INV001237,SKU0201,StandardWidgetD,30,2011-01-21,137.67,13592,Germany,Food,4226.55
INV001238,SKU0038,BasicWidgetH,82,2011-01-21,38.64,12232,Germany,Electronics,116.09
INV001239,SKU0440,ProWidgetF,31,2011-01-21,83.18,18048,UnitedKingdom,Books,2905.37
INV001240,SKU0272,ProWidgetF,77,2011-01-21,26.78,12935,UnitedKingdom,HomeGarden,1222.44
INV001241,SKU0230,DeluxeWidgetC,20,2011-01-21,94.85,16719,Netherlands,Sports,2666.15
INV001242,SKU0085,PremiumWidgetA,49,2011-01-21,18.93,14445,France,Electronics,1397.06
INV001243,SKU0473,DeluxeWidgetC,35,2011-01-21,73.95,12367,UnitedKingdom,Food,1580.07
INV001244,SKU0125,ClassicWidgetB,23,2011-01-21,98.45,16555,Germany,Clothing,3009.66
INV001245,SKU0299,EliteWidgetG,97,2011-01-21,87.08,10905,UnitedKingdom,Sports,2694.76
INV001246,SKU0024,ClassicWidgetB,99,2011-01-21,21.43,18168,Australia,Books,1976.57
INV001247,SKU0144,EliteWidgetG,61,2011-01-21,24.63,17900,Netherlands,Food,538.73
INV001248,SKU0012,DeluxeWidgetC,84,2011-01-22,100.87,14597,Netherlands,Sports,4847.15
INV001249,SKU0211,StandardWidgetD,55,2011-01-22,121.43,17653,Spain,Food,873.85
INV001250,SKU0024,ClassicWidgetB,67,2011-01-22,136.26,15009,France,Toys,3165.95
INV001251,SKU0067,DeluxeWidgetC,8,2011-01-22,122.13,17235,Netherlands,Electronics,414.64
INV001252,SKU0393,PremiumWidgetA,40,2011-01-22,146.1,19707,France,HomeGarden,3441.88
INV001253,SKU0066,DeluxeWidgetC,59,2011-01-22,61.53,17208,Australia,Books,475.1
INV001254,SKU0232,DeluxeWidgetC,32,2011-01-22,50.01,17958,Spain,Food,1148.31
INV001255,SKU0108,BudgetWidgetE,93,2011-01-22,4.71,15288,Germany,Books,3235.28
INV001256,SKU0145,ClassicWidgetB,7,2011-01-22,67.76,17813,Australia,Books,1415.39
INV001257,SKU0110,BasicWidgetH,2,2011-01-22,97.88,16136,France,Sports,2664.72
INV001258,SKU0227,StandardWidgetD,85,2011-01-22,122.4,18303,France,HomeGarden,623.4
INV001259,SKU0110,StandardWidgetD,6,2011-01-22,40.48,16606,France,Food,1012.8
INV001260,SKU0469,BudgetWidgetE,92,2011-01-22,77.28,19864,Germany,Electronics,3669.15
INV001261,SKU0033,EliteWidgetG,36,2011-01-22,99.47,12302,Spain,Electronics,176.66
INV001262,SKU0110,ProWidgetF,32,2011-01-22,82.96,19842,Spain,Sports,559.89
INV001263,SKU0263,EliteWidgetG,45,2011-01-22,41.47,17325,France,Toys,1075.57
INV001264,SKU0423,StandardWidgetD,42,2011-01-22,119.54,14395,Australia,Food,101.93
INV001265,SKU0368,DeluxeWidgetC,53,2011-01-22,26.42,13995,Spain,Electronics,477.8
INV001266,SKU0235,BudgetWidgetE,9,2011-01-22,135.79,18498,Germany,Electronics,1407.68
INV001267,SKU0082,PremiumWidgetA,75,2011-01-22,142.91,18312,Australia,HomeGarden,465.49
INV001268,SKU0041,ClassicWidgetB,87,2011-01-22,55.15,17769,Belgium,Sports,4330.73
INV001269,SKU0424,ClassicWidgetB,75,2011-01-22,56.74,19469,Germany,Sports,331.3
INV001270,SKU0100,BasicWidgetH,49,2011-01-22,111.62,11427,France,Books,4305.06
INV001271,SKU0005,ClassicWidgetB,2,2011-01-22,68.72,15613,Spain,Electronics,4114.48
INV001272,SKU0179,DeluxeWidgetC,67,2011-01-23,4.78,13102,Germany,Clothing,504.71
INV001273,SKU0281,PremiumWidgetA,11,2011-01-23,138.02,19377,UnitedKingdom,Toys,126.93
INV001274,SKU0319,BudgetWidgetE,50,2011-01-23,64.9,11455,Australia,HomeGarden,250.91
INV001275,SKU0225,BudgetWidgetE,35,2011-01-23,30.92,19371,UnitedKingdom,HomeGarden,2952.3
INV001276,SKU0442,ClassicWidgetB,15,2011-01-23,83.57,11346,UnitedKingdom,Food,3352.1
INV001277,SKU0439,PremiumWidgetA,75,2011-01-23,33.23,18820,France,Toys,3103.65
INV001278,SKU0314,PremiumWidgetA,31,2011-01-23,31.3,11214,Belgium,Toys,2707.84
INV001279,SKU0364,PremiumWidgetA,92,2011-01-23,82.09,11961,France,Clothing,874.25
INV001280,SKU0453,StandardWidgetD,62,2011-01-23,58.96,12995,UnitedKingdom,Books,4204.93
INV001281,SKU0228,StandardWidgetD,28,2011-01-23,86.16,14612,Germany,Clothing,1638.45
INV001282,SKU0376,ClassicWidgetB,96,2011-01-23,149.53,19739,France,Toys,4930.9
INV001283,SKU0288,PremiumWidgetA,25,2011-01-23,128.92,15690,Australia,Food,1924.9
INV001284,SKU0436,ProWidgetF,84,2011-01-23,1.65,12858,UnitedKingdom,Toys,1315.76
INV001285,SKU0149,PremiumWidgetA,92,2011-01-23,8.06,10761,Australia,Clothing,4471.36
INV001286,SKU0276,BudgetWidgetE,25,2011-01-23,91.71,15458,Belgium,Books,2837.5
INV001287,SKU0197,BudgetWidgetE,75,2011-01-23,94.13,18047,Spain,Clothing,3609.53
INV001288,SKU0069,ClassicWidgetB,83,2011-01-23,131.79,14902,Belgium,Food,2042.59
INV001289,SKU0111,ProWidgetF,92,2011-01-23,94.54,18105,Australia,Books,4434.69
INV001290,SKU0003,PremiumWidgetA,1,2011-01-23,34.54,11496,Australia,Toys,4588.71
INV001291,SKU0349,EliteWidgetG,59,2011-01-23,70.54,19435,UnitedKingdom,Toys,2184.41
INV001292,SKU0330,ProWidgetF,69,2011-01-23,121.44,14582,Netherlands,Toys,1204.38
INV001293,SKU0445,BasicWidgetH,74,2011-01-23,138.46,12043,Belgium,Electronics,3238.71
INV001294,SKU0317,ClassicWidgetB,42,2011-01-23,35.92,13376,Spain,Books,4772.97
INV001295,SKU0349,BudgetWidgetE,34,2011-01-23,81.17,18708,France,Toys,3112.61
INV001296,SKU0094,EliteWidgetG,66,2011-01-24,24.26,10834,Australia,Sports,4771.16
INV001297,SKU0151,BudgetWidgetE,18,2011-01-24,74.8,10623,UnitedKingdom,Food,1719.7
INV001298,SKU0310,StandardWidgetD,77,2011-01-24,13.97,11047,Netherlands,Sports,4575.48
INV001299,SKU0136,ClassicWidgetB,5,2011-01-24,141.29,11564,UnitedKingdom,Clothing,563.72
INV001300,SKU0246,ClassicWidgetB,20,2011-01-24,95.89,13982,France,Sports,1794.81
INV001301,SKU0386,PremiumWidgetA,66,2011-01-24,128.21,15440,Belgium,Books,2472.86
INV001302,SKU0242,PremiumWidgetA,75,2011-01-24,149.75,10496,Belgium,Electronics,3265.9
INV001303,SKU0030,StandardWidgetD,62,2011-01-24,27.81,10542,UnitedKingdom,Books,1471.4
INV001304,SKU0039,EliteWidgetG,94,2011-01-24,104.27,10915,Belgium,HomeGarden,4621.27
INV001305,SKU0228,BasicWidgetH,96,2011-01-24,133.1,11801,Germany,Clothing,4517.58
INV001306,SKU0035,DeluxeWidgetC,32,2011-01-24,86.6,10081,Spain,Toys,3996.88
INV001307,SKU0407,ProWidgetF,58,2011-01-24,96.13,11179,Germany,Electronics,572.7
INV001308,SKU0222,DeluxeWidgetC,50,2011-01-24,61.45,18357,Belgium,Clothing,392.38
INV001309,SKU0005,DeluxeWidgetC,38,2011-01-24,101.38,12071,Australia,HomeGarden,2491.16
INV001310,SKU0321,ClassicWidgetB,55,2011-01-24,59.64,18998,UnitedKingdom,Sports,3826.95
INV001311,SKU0467,ProWidgetF,28,2011-01-24,71.75,17030,UnitedKingdom,HomeGarden,617.06
INV001312,SKU0219,ClassicWidgetB,74,2011-01-24,15.89,10331,Australia,Sports,3207.55
INV001313,SKU0074,BasicWidgetH,86,2011-01-24,1.67,17145,Australia,Clothing,2639.75
INV001314,SKU0003,ProWidgetF,81,2011-01-24,8.75,19726,Belgium,Clothing,3630.22
INV001315,SKU0334,BudgetWidgetE,22,2011-01-24,29.28,16979,Spain,Toys,2177.44
INV001316,SKU0133,ClassicWidgetB,43,2011-01-24,68.76,18372,Belgium,Toys,3466.79
INV001317,SKU0117,ClassicWidgetB,83,2011-01-24,3.64,19508,Netherlands,Clothing,798.88
INV001318,SKU0368,ClassicWidgetB,81,2011-01-24,23.81,16112,UnitedKingdom,Toys,1073.76
INV001319,SKU0093,EliteWidgetG,88,2011-01-24,117.33,19298,France,Books,4516.77
INV001320,SKU0485,StandardWidgetD,36,2011-01-25,114.44,11589,France,Electronics,1647.55
INV001321,SKU0434,ClassicWidgetB,96,2011-01-25,118.56,12486,France,Books,4927.54
INV001322,SKU0061,BasicWidgetH,52,2011-01-25,138.27,15834,Australia,Food,231.98
INV001323,SKU0440,PremiumWidgetA,36,2011-01-25,18.3,12590,Australia,Food,2479.88
INV001324,SKU0193,PremiumWidgetA,28,2011-01-25,24.89,18679,Australia,HomeGarden,1625.61
INV001325,SKU0334,ProWidgetF,78,2011-01-25,50.37,18803,Belgium,Food,4979.83
INV001326,SKU0202,BudgetWidgetE,58,2011-01-25,137.31,13420,France,Electronics,4950.18
INV001327,SKU0391,StandardWidgetD,36,2011-01-25,116.43,15208,Netherlands,Clothing,1176.98
INV001328,SKU0025,EliteWidgetG,70,2011-01-25,48.96,19589,Spain,Clothing,1337.02
INV001329,SKU0434,ProWidgetF,9,2011-01-25,13.6,17214,Germany,Clothing,3748.61
INV001330,SKU0172,PremiumWidgetA,21,2011-01-25,92.65,11456,UnitedKingdom,Sports,4448.48
INV001331,SKU0299,StandardWidgetD,64,2011-01-25,38.89,19529,Germany,HomeGarden,3318.82
INV001332,SKU0132,StandardWidgetD,76,2011-01-25,79.91,14497,UnitedKingdom,Books,4323.68
INV001333,SKU0325,BudgetWidgetE,61,2011-01-25,141.3,12867,Australia,Toys,317.4
INV001334,SKU0409,BasicWidgetH,94,2011-01-25,86.11,14583,France,HomeGarden,3203.0
INV001335,SKU0117,StandardWidgetD,95,2011-01-25,138.61,15254,Germany,Food,3501.15
INV001336,SKU0323,ClassicWidgetB,40,2011-01-25,59.26,16345,Australia,Sports,952.4
INV001337,SKU0274,StandardWidgetD,56,2011-01-25,95.19,16571,UnitedKingdom,Sports,3890.07
INV001338,SKU0211,BudgetWidgetE,4,2011-01-25,134.14,17083,Spain,HomeGarden,4721.38
INV001339,SKU0224,ProWidgetF,31,2011-01-25,88.4,15298,Spain,Sports,4489.93
INV001340,SKU0019,BudgetWidgetE,27,2011-01-25,92.43,10078,Germany,Toys,1225.59
INV001341,SKU0112,EliteWidgetG,58,2011-01-25,107.59,15652,Germany,Electronics,1620.64
INV001342,SKU0139,BudgetWidgetE,25,2011-01-25,132.38,10377,Germany,Clothing,2498.56
INV001343,SKU0046,PremiumWidgetA,69,2011-01-25,13.68,10164,Germany,Books,792.65
INV001344,SKU0000,ClassicWidgetB,70,2011-01-26,50.86,17967,Germany,Sports,4769.81
INV001345,SKU0089,BasicWidgetH,5,2011-01-26,59.95,19912,Australia,Books,808.82
INV001346,SKU0141,PremiumWidgetA,91,2011-01-26,136.5,15941,Belgium,Clothing,3807.35
INV001347,SKU0319,ProWidgetF,8,2011-01-26,143.42,18346,UnitedKingdom,Toys,1707.8
INV001348,SKU0037,DeluxeWidgetC,9,2011-01-26,18.5,11146,UnitedKingdom,HomeGarden,2869.03
INV001349,SKU0292,ProWidgetF,15,2011-01-26,18.31,19255,Netherlands,Food,236.82
INV001350,SKU0381,ClassicWidgetB,7,2011-01-26,140.26,12216,Belgium,Toys,1025.85
INV001351,SKU0138,StandardWidgetD,96,2011-01-26,44.72,15449,Belgium,Clothing,2222.51
INV001352,SKU0355,BudgetWidgetE,72,2011-01-26,36.65,11463,France,Books,3386.28
INV001353,SKU0332,DeluxeWidgetC,15,2011-01-26,5.83,13470,Spain,Electronics,3888.03
INV001354,SKU0490,ClassicWidgetB,37,2011-01-26,41.7,11516,Germany,HomeGarden,151.67
INV001355,SKU0258,PremiumWidgetA,83,2011-01-26,104.18,14423,Spain,Sports,763.3
INV001356,SKU0160,BudgetWidgetE,39,2011-01-26,64.19,11526,UnitedKingdom,Electronics,3649.23
INV001357,SKU0389,ProWidgetF,6,2011-01-26,77.77,10788,France,Clothing,4065.46
INV001358,SKU0177,PremiumWidgetA,83,2011-01-26,137.64,16520,France,Books,1183.62
INV001359,SKU0009,ClassicWidgetB,57,2011-01-26,17.65,17421,Australia,Books,1149.04
INV001360,SKU0260,ClassicWidgetB,92,2011-01-26,11.15,16577,Germany,Books,441.06
INV001361,SKU0406,ProWidgetF,81,2011-01-26,127.86,12548,Netherlands,Clothing,752.32
INV001362,SKU0137,DeluxeWidgetC,19,2011-01-26,116.34,17252,France,HomeGarden,41.07
INV001363,SKU0171,ProWidgetF,63,2011-01-26,39.93,14608,Australia,Sports,2949.57
INV001364,SKU0385,StandardWidgetD,31,2011-01-26,48.97,18707,Germany,Electronics,4519.55
INV001365,SKU0012,PremiumWidgetA,75,2011-01-26,46.89,16640,UnitedKingdom,Clothing,748.73
INV001366,SKU0167,DeluxeWidgetC,79,2011-01-26,97.35,16745,Netherlands,Books,3757.47
INV001367,SKU0129,BudgetWidgetE,10,2011-01-26,9.65,13062,Germany,Sports,2868.72
INV001368,SKU0083,EliteWidgetG,87,2011-01-27,73.67,15281,Australia,Books,4699.67
INV001369,SKU0320,StandardWidgetD,67,2011-01-27,20.51,14762,Spain,Clothing,3990.81
INV001370,SKU0318,DeluxeWidgetC,62,2011-01-27,123.05,19759,Australia,Books,4263.79
INV001371,SKU0100,EliteWidgetG,3,2011-01-27,57.41,19640,Australia,Clothing,3196.07
INV001372,SKU0328,EliteWidgetG,18,2011-01-27,79.37,10966,Australia,Food,4056.87
INV001373,SKU0272,PremiumWidgetA,25,2011-01-27,4.88,16076,Australia,Books,1755.0
INV001374,SKU0264,ClassicWidgetB,20,2011-01-27,9.21,15694,Netherlands,Clothing,1045.88
INV001375,SKU0458,BudgetWidgetE,58,2011-01-27,101.42,18555,France,Books,4562.69
INV001376,SKU0398,ProWidgetF,93,2011-01-27,115.13,10107,Belgium,Sports,3671.95
INV001377,SKU0407,PremiumWidgetA,86,2011-01-27,106.65,17181,France,Sports,454.42
INV001378,SKU0037,StandardWidgetD,50,2011-01-27,110.68,18814,Belgium,Books,4334.68
INV001379,SKU0418,BasicWidgetH,79,2011-01-27,16.14,14416,UnitedKingdom,Books,1745.17
INV001380,SKU0093,EliteWidgetG,10,2011-01-27,104.17,10509,Belgium,Clothing,1492.09
INV001381,SKU0094,StandardWidgetD,21,2011-01-27,27.67,16815,France,Clothing,3116.94
INV001382,SKU0304,EliteWidgetG,29,2011-01-27,15.15,19256,Australia,Clothing,2843.42
INV001383,SKU0068,ClassicWidgetB,96,2011-01-27,113.7,13865,France,HomeGarden,2691.75
INV001384,SKU0317,BasicWidgetH,10,2011-01-27,133.47,18495,Belgium,Books,1275.13
INV001385,SKU0443,ClassicWidgetB,13,2011-01-27,107.65,19160,Spain,Toys,4798.91
INV001386,SKU0235,BudgetWidgetE,47,2011-01-27,120.93,19630,Belgium,Books,4750.65
INV001387,SKU0433,ProWidgetF,23,2011-01-27,148.67,13871,Spain,Books,21.81
INV001388,SKU0333,BudgetWidgetE,50,2011-01-27,20.65,15513,France,Books,1689.8
INV001389,SKU0372,ClassicWidgetB,87,2011-01-27,144.79,16508,Australia,Clothing,228.7
INV001390,SKU0375,ClassicWidgetB,95,2011-01-27,90.38,17164,Belgium,Food,4251.39
INV001391,SKU0458,StandardWidgetD,4,2011-01-27,122.08,13500,Netherlands,Food,4432.7
INV001392,SKU0136,ClassicWidgetB,67,2011-01-28,97.7,12199,Australia,Food,2591.97
INV001393,SKU0417,BasicWidgetH,85,2011-01-28,85.72,13901,France,Food,4198.55
INV001394,SKU0075,BasicWidgetH,53,2011-01-28,105.69,17758,France,Clothing,3517.1
INV001395,SKU0482,DeluxeWidgetC,2,2011-01-28,48.38,16070,UnitedKingdom,HomeGarden,2498.37
INV001396,SKU0034,EliteWidgetG,68,2011-01-28,138.68,12270,Australia,Food,1819.69
INV001397,SKU0000,PremiumWidgetA,65,2011-01-28,17.74,15385,UnitedKingdom,Clothing,1331.86
INV001398,SKU0295,ClassicWidgetB,79,2011-01-28,48.05,10229,UnitedKingdom,Toys,1297.89
INV001399,SKU0319,BudgetWidgetE,57,2011-01-28,5.16,12486,Germany,Books,2810.76
INV001400,SKU0405,ProWidgetF,97,2011-01-28,41.06,18341,Spain,Books,834.88
INV001401,SKU0059,EliteWidgetG,70,2011-01-28,33.12,10909,UnitedKingdom,Food,874.78
INV001402,SKU0319,EliteWidgetG,7,2011-01-28,7.92,10977,Spain,Electronics,52.96
INV001403,SKU0348,ProWidgetF,19,2011-01-28,74.02,10634,France,Clothing,3067.03
INV001404,SKU0327,ProWidgetF,44,2011-01-28,70.56,15989,Belgium,Electronics,4971.73
INV001405,SKU0266,EliteWidgetG,63,2011-01-28,12.12,14717,France,Books,4446.21
INV001406,SKU0360,DeluxeWidgetC,65,2011-01-28,39.65,12190,Germany,Clothing,3528.74
INV001407,SKU0228,BudgetWidgetE,39,2011-01-28,143.02,15189,Germany,Food,3927.84
INV001408,SKU0269,DeluxeWidgetC,83,2011-01-28,17.06,14939,Belgium,Books,2084.85
INV001409,SKU0315,ClassicWidgetB,26,2011-01-28,46.1,17081,Australia,Electronics,1491.1
INV001410,SKU0285,PremiumWidgetA,44,2011-01-28,5.86,13474,Belgium,Food,1843.77
INV001411,SKU0290,ProWidgetF,12,2011-01-28,22.76,16695,Germany,Electronics,408.03
INV001412,SKU0212,BasicWidgetH,22,2011-01-28,105.06,17194,Netherlands,Sports,3169.34
INV001413,SKU0164,BudgetWidgetE,77,2011-01-28,55.32,11865,France,Food,875.15
INV001414,SKU0004,ProWidgetF,92,2011-01-28,68.09,10298,France,Sports,3814.63
INV001415,SKU0338,DeluxeWidgetC,14,2011-01-28,23.97,12739,Spain,Clothing,950.69
INV001416,SKU0378,StandardWidgetD,86,2011-01-29,102.48,16701,Germany,Clothing,1141.39
INV001417,SKU0077,ClassicWidgetB,30,2011-01-29,112.85,13725,Spain,Food,4786.57
INV001418,SKU0409,PremiumWidgetA,44,2011-01-29,27.58,14540,Germany,Clothing,527.87
INV001419,SKU0061,ClassicWidgetB,84,2011-01-29,7.23,18289,France,Clothing,2494.71
INV001420,SKU0131,StandardWidgetD,91,2011-01-29,12.6,14814,Germany,Clothing,314.37
INV001421,SKU0088,PremiumWidgetA,38,2011-01-29,98.73,16134,Australia,Clothing,452.86
INV001422,SKU0236,StandardWidgetD,59,2011-01-29,20.76,13522,Germany,Toys,3167.87
INV001423,SKU0041,ClassicWidgetB,42,2011-01-29,74.34,14418,Germany,Clothing,3154.01
INV001424,SKU0088,DeluxeWidgetC,52,2011-01-29,23.32,16818,Belgium,Electronics,966.41
INV001425,SKU0401,EliteWidgetG,63,2011-01-29,25.94,18124,Australia,Electronics,4362.56
INV001426,SKU0295,ClassicWidgetB,61,2011-01-29,1.15,18162,Australia,Electronics,3511.23
INV001427,SKU0327,ClassicWidgetB,34,2011-01-29,48.46,15489,Australia,Toys,1503.75
INV001428,SKU0294,ClassicWidgetB,39,2011-01-29,13.92,16085,Spain,Books,1242.68
INV001429,SKU0103,BudgetWidgetE,41,2011-01-29,59.4,19037,France,Food,3771.67
INV001430,SKU0013,StandardWidgetD,37,2011-01-29,89.87,14185,Belgium,Food,3668.39
INV001431,SKU0287,BasicWidgetH,65,2011-01-29,55.45,14226,Germany,HomeGarden,745.01
INV001432,SKU0178,StandardWidgetD,79,2011-01-29,105.91,18096,Australia,Books,1746.59
INV001433,SKU0124,ProWidgetF,32,2011-01-29,111.35,13881,Australia,Clothing,1084.17
INV001434,SKU0421,StandardWidgetD,8,2011-01-29,104.64,17692,France,HomeGarden,1471.43
INV001435,SKU0352,ProWidgetF,97,2011-01-29,140.54,19244,Netherlands,Electronics,1438.53
INV001436,SKU0022,BudgetWidgetE,18,2011-01-29,35.98,13615,Germany,Electronics,4880.14
INV001437,SKU0062,DeluxeWidgetC,45,2011-01-29,28.82,16805,Netherlands,Sports,3751.31
INV001438,SKU0142,ProWidgetF,93,2011-01-29,91.65,13157,Netherlands,Clothing,3900.48
INV001439,SKU0480,ClassicWidgetB,96,2011-01-29,89.43,12105,Australia,Clothing,1387.84
INV001440,SKU0152,DeluxeWidgetC,33,2011-01-30,76.76,15176,Spain,Sports,3.63
INV001441,SKU0144,EliteWidgetG,5,2011-01-30,1.15,10993,France,Books,291.73
INV001442,SKU0224,BudgetWidgetE,82,2011-01-30,83.51,13096,Germany,Sports,2765.45
INV001443,SKU0494,StandardWidgetD,74,2011-01-30,139.95,10189,Germany,Toys,1428.12
INV001444,SKU0449,ProWidgetF,36,2011-01-30,50.52,12898,Germany,Clothing,965.58
INV001445,SKU0461,BasicWidgetH,97,2011-01-30,145.16,15856,Spain,Toys,249.15
INV001446,SKU0308,ClassicWidgetB,23,2011-01-30,53.84,14249,Netherlands,Toys,4379.53
INV001447,SKU0103,PremiumWidgetA,40,2011-01-30,21.41,15388,UnitedKingdom,Toys,3001.04
INV001448,SKU0103,EliteWidgetG,5,2011-01-30,60.06,17046,France,Electronics,537.76
INV001449,SKU0434,PremiumWidgetA,34,2011-01-30,74.44,13411,UnitedKingdom,Sports,3832.25
INV001450,SKU0038,DeluxeWidgetC,24,2011-01-30,94.6,19238,Netherlands,HomeGarden,3779.37
INV001451,SKU0434,StandardWidgetD,17,2011-01-30,75.98,10605,Australia,Electronics,1447.73
INV001452,SKU0197,BasicWidgetH,95,2011-01-30,80.74,11366,UnitedKingdom,Books,942.95
INV001453,SKU0133,PremiumWidgetA,71,2011-01-30,4.1,16482,UnitedKingdom,Electronics,4070.1
INV001454,SKU0066,DeluxeWidgetC,81,2011-01-30,38.42,19256,France,Books,1648.49
INV001455,SKU0390,BudgetWidgetE,92,2011-01-30,46.95,15795,Netherlands,Electronics,4237.29
INV001456,SKU0178,DeluxeWidgetC,22,2011-01-30,148.07,10517,France,Clothing,219.21
INV001457,SKU0455,EliteWidgetG,15,2011-01-30,44.69,15218,Australia,Food,2496.95
INV001458,SKU0041,BasicWidgetH,15,2011-01-30,134.54,13807,Spain,Toys,898.8
INV001459,SKU0447,BasicWidgetH,25,2011-01-30,46.06,15435,Spain,Food,3360.55
INV001460,SKU0499,DeluxeWidgetC,53,2011-01-30,14.87,12272,Spain,Books,4986.07
INV001461,SKU0014,EliteWidgetG,21,2011-01-30,37.52,12308,Germany,Books,2063.14
INV001462,SKU0110,DeluxeWidgetC,66,2011-01-30,41.29,19294,Spain,Sports,502.45
INV001463,SKU0156,BasicWidgetH,91,2011-01-30,146.75,14792,Belgium,Electronics,1589.05
INV001464,SKU0288,BasicWidgetH,32,2011-01-31,101.31,10810,Spain,Books,4457.64
INV001465,SKU0499,ClassicWidgetB,21,2011-01-31,139.79,18268,Netherlands,Books,3829.04
INV001466,SKU0477,DeluxeWidgetC,68,2011-01-31,125.33,12309,Belgium,Electronics,1161.83
INV001467,SKU0230,ProWidgetF,44,2011-01-31,87.0,17908,Spain,Electronics,4768.04
INV001468,SKU0410,DeluxeWidgetC,83,2011-01-31,101.47,19217,Spain,HomeGarden,3111.32
INV001469,SKU0419,BasicWidgetH,66,2011-01-31,93.91,14439,Australia,Sports,841.08
INV001470,SKU0156,ClassicWidgetB,90,2011-01-31,100.11,16389,Australia,Books,2862.04
INV001471,SKU0037,ClassicWidgetB,98,2011-01-31,40.08,13558,UnitedKingdom,Electronics,2256.93
INV001472,SKU0440,BudgetWidgetE,14,2011-01-31,61.51,18008,Belgium,Books,4098.67
INV001473,SKU0096,EliteWidgetG,15,2011-01-31,89.1,10845,France,HomeGarden,1721.46
INV001474,SKU0484,StandardWidgetD,20,2011-01-31,5.87,18884,UnitedKingdom,HomeGarden,4375.02
INV001475,SKU0410,PremiumWidgetA,34,2011-01-31,72.68,11332,UnitedKingdom,Books,4060.04
INV001476,SKU0438,PremiumWidgetA,36,2011-01-31,129.03,16300,Germany,Sports,3373.34
INV001477,SKU0288,DeluxeWidgetC,83,2011-01-31,74.11,11274,France,Clothing,1293.78
INV001478,SKU0253,BudgetWidgetE,9,2011-01-31,83.07,17166,Germany,Food,4851.68
INV001479,SKU0195,DeluxeWidgetC,71,2011-01-31,30.68,19436,Spain,Books,2743.79
INV001480,SKU0085,PremiumWidgetA,30,2011-01-31,119.25,10337,Australia,HomeGarden,4537.66
INV001481,SKU0321,EliteWidgetG,77,2011-01-31,54.15,13294,Spain,Sports,1079.43
INV001482,SKU0009,BasicWidgetH,91,2011-01-31,143.51,10336,Germany,Toys,4916.91
INV001483,SKU0004,EliteWidgetG,63,2011-01-31,149.06,11867,Australia,Electronics,4080.48
INV001484,SKU0122,EliteWidgetG,35,2011-01-31,137.44,16914,UnitedKingdom,Food,4746.19
INV001485,SKU0329,ClassicWidgetB,13,2011-01-31,13.19,10494,Spain,Toys,1062.62
INV001486,SKU0352,BasicWidgetH,79,2011-01-31,50.31,14642,Germany,Sports,2153.86
INV001487,SKU0117,StandardWidgetD,46,2011-01-31,141.8,13886,Spain,Sports,489.07
INV001488,SKU0293,BasicWidgetH,56,2011-02-01,120.78,18352,France,Food,685.71
INV001489,SKU0396,BudgetWidgetE,9,2011-02-01,136.72,12036,Germany,Food,1420.51
INV001490,SKU0158,ClassicWidgetB,87,2011-02-01,86.1,19933,Australia,Books,4758.18
INV001491,SKU0302,StandardWidgetD,36,2011-02-01,72.32,19699,Netherlands,Sports,3336.29
INV001492,SKU0227,BudgetWidgetE,3,2011-02-01,16.42,15083,Spain,Electronics,1573.85
INV001493,SKU0364,BudgetWidgetE,98,2011-02-01,126.0,13560,Belgium,Food,4772.91
INV001494,SKU0215,PremiumWidgetA,19,2011-02-01,111.9,19567,Spain,Toys,3698.92
INV001495,SKU0435,ClassicWidgetB,28,2011-02-01,9.3,19745,Belgium,Books,4534.99
INV001496,SKU0183,BudgetWidgetE,23,2011-02-01,31.81,12281,France,HomeGarden,4636.18
INV001497,SKU0014,ProWidgetF,7,2011-02-01,83.81,11601,Australia,Food,3754.1
INV001498,SKU0156,EliteWidgetG,76,2011-02-01,102.82,11299,Spain,Electronics,1216.42
INV001499,SKU0135,BudgetWidgetE,14,2011-02-01,21.08,18902,Belgium,Books,4982.95
INV001500,SKU0260,StandardWidgetD,46,2011-02-01,37.1,14167,Netherlands,Food,1626.13
INV001501,SKU0156,PremiumWidgetA,15,2011-02-01,29.37,12046,Spain,Books,3358.86
INV001502,SKU0046,DeluxeWidgetC,67,2011-02-01,33.39,12881,France,Food,4224.21
INV001503,SKU0323,EliteWidgetG,15,2011-02-01,138.15,15474,Netherlands,Clothing,876.58
INV001504,SKU0331,PremiumWidgetA,51,2011-02-01,107.52,11817,UnitedKingdom,Electronics,3045.6
INV001505,SKU0172,DeluxeWidgetC,88,2011-02-01,110.7,12198,UnitedKingdom,Sports,1876.49
INV001506,SKU0129,ClassicWidgetB,8,2011-02-01,119.2,13332,Spain,Electronics,1222.2
INV001507,SKU0410,ClassicWidgetB,69,2011-02-01,53.81,11103,Germany,Food,59.85
INV001508,SKU0094,BudgetWidgetE,62,2011-02-01,115.19,13177,Germany,Electronics,4360.0
INV001509,SKU0114,ProWidgetF,51,2011-02-01,146.77,14815,Germany,Clothing,680.27
INV001510,SKU0242,ClassicWidgetB,63,2011-02-01,104.91,12177,Germany,Food,4390.71
INV001511,SKU0419,BasicWidgetH,68,2011-02-01,62.8,11194,Belgium,Sports,3003.85
INV001512,SKU0291,BudgetWidgetE,78,2011-02-02,107.6,14501,Spain,Toys,3105.66
INV001513,SKU0281,EliteWidgetG,16,2011-02-02,135.17,16041,Netherlands,Clothing,4143.43
INV001514,SKU0298,PremiumWidgetA,84,2011-02-02,19.75,18727,France,Clothing,2547.7
INV001515,SKU0282,ClassicWidgetB,24,2011-02-02,40.16,17060,France,Clothing,1787.07
INV001516,SKU0068,BasicWidgetH,6,2011-02-02,137.93,19261,Belgium,Food,694.89
INV001517,SKU0147,PremiumWidgetA,57,2011-02-02,141.96,18324,Germany,Electronics,2852.51
INV001518,SKU0010,PremiumWidgetA,31,2011-02-02,72.88,10263,UnitedKingdom,Toys,2766.28
INV001519,SKU0253,ProWidgetF,6,2011-02-02,56.5,14462,Australia,Clothing,1470.19
INV001520,SKU0329,ClassicWidgetB,99,2011-02-02,42.78,16968,Germany,HomeGarden,3000.68
INV001521,SKU0359,PremiumWidgetA,79,2011-02-02,75.06,12052,Germany,Sports,2197.4
INV001522,SKU0037,ProWidgetF,29,2011-02-02,140.21,14946,Spain,Toys,4027.85
INV001523,SKU0133,ProWidgetF,67,2011-02-02,22.9,15825,Belgium,Sports,2797.87
INV001524,SKU0199,ClassicWidgetB,75,2011-02-02,63.26,16044,UnitedKingdom,Toys,4668.46
INV001525,SKU0022,ProWidgetF,3,2011-02-02,136.79,14089,Australia,Clothing,2590.4
INV001526,SKU0302,ClassicWidgetB,28,2011-02-02,52.69,10357,Netherlands,Toys,4437.59
INV001527,SKU0345,BasicWidgetH,74,2011-02-02,115.33,15505,Netherlands,Electronics,2603.11
INV001528,SKU0301,ClassicWidgetB,97,2011-02-02,58.69,14420,Australia,Toys,2790.62
INV001529,SKU0362,DeluxeWidgetC,48,2011-02-02,120.84,18942,Australia,Food,1834.67
INV001530,SKU0395,PremiumWidgetA,80,2011-02-02,147.16,13250,Belgium,Books,2001.45
INV001531,SKU0217,BasicWidgetH,10,2011-02-02,58.48,16562,Netherlands,Food,4665.57
INV001532,SKU0140,StandardWidgetD,33,2011-02-02,126.84,12258,Germany,Books,1117.19
INV001533,SKU0103,ClassicWidgetB,67,2011-02-02,148.27,19102,Belgium,Electronics,608.17
INV001534,SKU0445,PremiumWidgetA,69,2011-02-02,147.58,13810,Germany,Clothing,4151.22
INV001535,SKU0209,EliteWidgetG,12,2011-02-02,65.35,10583,Spain,Clothing,2884.98
INV001536,SKU0472,ProWidgetF,57,2011-02-03,73.12,13438,UnitedKingdom,HomeGarden,1423.95
INV001537,SKU0480,BudgetWidgetE,44,2011-02-03,45.86,18768,Australia,Books,2162.57
INV001538,SKU0110,ClassicWidgetB,13,2011-02-03,47.45,16357,Germany,Books,2625.0
INV001539,SKU0103,ProWidgetF,24,2011-02-03,74.12,19344,Germany,Sports,2961.11
INV001540,SKU0315,ProWidgetF,44,2011-02-03,30.48,16146,UnitedKingdom,Clothing,4105.43
INV001541,SKU0170,ProWidgetF,57,2011-02-03,106.81,14990,Australia,Electronics,1972.37
INV001542,SKU0459,ProWidgetF,96,2011-02-03,80.68,11783,UnitedKingdom,Clothing,3382.84
INV001543,SKU0491,ProWidgetF,16,2011-02-03,134.76,11093,UnitedKingdom,Clothing,4174.0
INV001544,SKU0355,ClassicWidgetB,96,2011-02-03,121.68,14532,Netherlands,HomeGarden,4219.02
INV001545,SKU0495,EliteWidgetG,21,2011-02-03,48.71,15117,UnitedKingdom,Toys,1271.97
INV001546,SKU0323,StandardWidgetD,76,2011-02-03,76.12,17938,Belgium,Toys,1751.52
INV001547,SKU0132,DeluxeWidgetC,51,2011-02-03,112.7,16746,Belgium,Electronics,2974.94
INV001548,SKU0375,ProWidgetF,21,2011-02-03,29.38,12133,Belgium,HomeGarden,4428.98
INV001549,SKU0292,ProWidgetF,60,2011-02-03,5.22,18709,Australia,HomeGarden,3952.44
INV001550,SKU0327,DeluxeWidgetC,51,2011-02-03,127.92,18933,Germany,HomeGarden,2920.23
INV001551,SKU0126,EliteWidgetG,21,2011-02-03,21.06,16120,Germany,Toys,4918.68
INV001552,SKU0105,BasicWidgetH,6,2011-02-03,133.47,12477,Netherlands,HomeGarden,2195.5
INV001553,SKU0496,EliteWidgetG,73,2011-02-03,137.08,14958,Australia,Clothing,4212.41
INV001554,SKU0091,BasicWidgetH,65,2011-02-03,69.37,16137,Belgium,Toys,4092.28
INV001555,SKU0286,ClassicWidgetB,76,2011-02-03,121.11,12876,Germany,Toys,4540.28
INV001556,SKU0377,PremiumWidgetA,58,2011-02-03,54.8,10042,UnitedKingdom,Sports,4938.4
INV001557,SKU0392,BudgetWidgetE,78,2011-02-03,128.81,15829,Belgium,Clothing,2478.99
INV001558,SKU0050,BudgetWidgetE,6,2011-02-03,123.79,13441,Belgium,HomeGarden,978.95
INV001559,SKU0028,PremiumWidgetA,65,2011-02-03,12.24,18595,France,HomeGarden,2305.02
INV001560,SKU0461,ClassicWidgetB,86,2011-02-04,87.6,19518,Belgium,Sports,4269.57
INV001561,SKU0295,BudgetWidgetE,34,2011-02-04,96.18,16346,France,Books,4180.7
INV001562,SKU0296,EliteWidgetG,56,2011-02-04,0.63,16849,Belgium,Food,1680.51
INV001563,SKU0213,DeluxeWidgetC,75,2011-02-04,147.0,16686,Belgium,Electronics,237.49
INV001564,SKU0266,PremiumWidgetA,3,2011-02-04,61.28,12650,Belgium,HomeGarden,2549.7
INV001565,SKU0406,EliteWidgetG,42,2011-02-04,77.84,14345,France,Food,2371.03
INV001566,SKU0256,StandardWidgetD,62,2011-02-04,29.62,10877,France,HomeGarden,429.73
INV001567,SKU0301,ClassicWidgetB,6,2011-02-04,91.83,11886,UnitedKingdom,Clothing,3974.65
INV001568,SKU0100,PremiumWidgetA,6,2011-02-04,121.69,11303,Germany,HomeGarden,1418.67
INV001569,SKU0404,BudgetWidgetE,63,2011-02-04,88.09,11740,Netherlands,HomeGarden,3229.11
INV001570,SKU0345,ClassicWidgetB,20,2011-02-04,118.31,11112,UnitedKingdom,Electronics,508.34
INV001571,SKU0109,DeluxeWidgetC,21,2011-02-04,109.8,13876,Germany,Food,4303.66
INV001572,SKU0419,ClassicWidgetB,2,2011-02-04,36.03,16040,Australia,Clothing,3696.63
INV001573,SKU0181,ClassicWidgetB,90,2011-02-04,65.65,17452,Germany,Food,1942.73
INV001574,SKU0470,DeluxeWidgetC,95,2011-02-04,22.72,16118,Germany,Books,3147.82
INV001575,SKU0312,ProWidgetF,90,2011-02-04,6.77,18439,Germany,HomeGarden,938.08
INV001576,SKU0000,DeluxeWidgetC,56,2011-02-04,9.93,16795,UnitedKingdom,HomeGarden,4927.13
INV001577,SKU0318,EliteWidgetG,96,2011-02-04,141.4,17044,Germany,Books,3980.74
INV001578,SKU0437,ClassicWidgetB,10,2011-02-04,147.69,10567,Belgium,Sports,3944.91
INV001579,SKU0054,BasicWidgetH,87,2011-02-04,14.7,15958,Germany,Food,767.75
INV001580,SKU0370,DeluxeWidgetC,70,2011-02-04,50.61,19380,Australia,Books,89.65
INV001581,SKU0423,ProWidgetF,23,2011-02-04,17.61,11353,Australia,Books,2927.27
INV001582,SKU0398,EliteWidgetG,92,2011-02-04,125.22,15029,France,Clothing,721.46
INV001583,SKU0148,BasicWidgetH,30,2011-02-04,74.7,19172,Spain,Toys,3902.39
INV001584,SKU0430,BasicWidgetH,78,2011-02-05,93.38,14965,UnitedKingdom,Books,2080.96
INV001585,SKU0456,PremiumWidgetA,37,2011-02-05,81.22,10168,Germany,Clothing,1693.63
INV001586,SKU0308,DeluxeWidgetC,55,2011-02-05,106.68,17712,France,Toys,369.17
INV001587,SKU0136,DeluxeWidgetC,96,2011-02-05,48.21,12671,France,Books,4980.33
INV001588,SKU0201,ClassicWidgetB,49,2011-02-05,21.06,10378,UnitedKingdom,Food,4780.1
INV001589,SKU0435,EliteWidgetG,34,2011-02-05,3.13,11932,Spain,HomeGarden,658.85
INV001590,SKU0312,PremiumWidgetA,44,2011-02-05,67.13,10193,France,HomeGarden,1664.73
INV001591,SKU0116,StandardWidgetD,22,2011-02-05,136.22,18455,France,Toys,1954.55
INV001592,SKU0153,StandardWidgetD,31,2011-02-05,46.14,19663,UnitedKingdom,Sports,1484.71
INV001593,SKU0424,BudgetWidgetE,7,2011-02-05,29.8,14616,Netherlands,Toys,4672.41
INV001594,SKU0290,DeluxeWidgetC,21,2011-02-05,138.94,15014,France,Food,3606.99
INV001595,SKU0062,DeluxeWidgetC,16,2011-02-05,16.26,17878,Australia,Books,4779.63
INV001596,SKU0243,PremiumWidgetA,20,2011-02-05,8.24,11300,Belgium,Electronics,4372.65
INV001597,SKU0024,ProWidgetF,43,2011-02-05,131.97,13200,France,Books,3772.95
INV001598,SKU0089,StandardWidgetD,44,2011-02-05,105.29,13373,UnitedKingdom,Toys,3485.14
INV001599,SKU0074,BudgetWidgetE,47,2011-02-05,63.6,18765,UnitedKingdom,Food,4330.95
INV001600,SKU0293,PremiumWidgetA,19,2011-02-05,112.98,19729,Spain,Electronics,3421.07
INV001601,SKU0385,DeluxeWidgetC,48,2011-02-05,111.35,11383,Belgium,Food,944.41
INV001602,SKU0390,StandardWidgetD,96,2011-02-05,6.49,19572,Netherlands,Food,3240.98
INV001603,SKU0209,EliteWidgetG,79,2011-02-05,101.6,13537,Netherlands,Toys,2575.49
INV001604,SKU0474,BudgetWidgetE,69,2011-02-05,96.31,17924,Spain,Books,4909.49
INV001605,SKU0417,ClassicWidgetB,11,2011-02-05,144.58,19715,Spain,Clothing,2550.32
INV001606,SKU0346,StandardWidgetD,79,2011-02-05,145.01,14991,Australia,HomeGarden,193.24
INV001607,SKU0016,BudgetWidgetE,29,2011-02-05,56.98,15202,Belgium,Food,1321.68
INV001608,SKU0127,PremiumWidgetA,45,2011-02-06,88.68,13932,Australia,Food,4586.99
INV001609,SKU0426,ClassicWidgetB,68,2011-02-06,21.63,13622,France,Electronics,4811.82
INV001610,SKU0442,BudgetWidgetE,36,2011-02-06,10.44,19087,Netherlands,Electronics,3642.76
INV001611,SKU0363,BudgetWidgetE,48,2011-02-06,65.2,10464,Australia,Books,285.26
INV001612,SKU0250,BasicWidgetH,87,2011-02-06,103.64,17980,France,HomeGarden,118.68
INV001613,SKU0178,BasicWidgetH,15,2011-02-06,85.38,11610,Germany,Food,2398.5
INV001614,SKU0181,BasicWidgetH,44,2011-02-06,64.73,18804,France,Sports,4998.36
INV001615,SKU0151,DeluxeWidgetC,67,2011-02-06,122.81,10604,Belgium,Electronics,4346.61
INV001616,SKU0024,ProWidgetF,96,2011-02-06,119.27,17967,Australia,HomeGarden,4665.6
INV001617,SKU0454,StandardWidgetD,74,2011-02-06,109.93,10620,Belgium,HomeGarden,3118.08
INV001618,SKU0179,DeluxeWidgetC,40,2011-02-06,12.02,12602,France,Food,4295.76
INV001619,SKU0197,EliteWidgetG,86,2011-02-06,119.57,16473,Belgium,Electronics,1599.17
INV001620,SKU0343,ClassicWidgetB,14,2011-02-06,137.95,13800,Belgium,Clothing,137.79
INV001621,SKU0160,ProWidgetF,63,2011-02-06,9.39,17098,Germany,Toys,4591.33
INV001622,SKU0176,BudgetWidgetE,81,2011-02-06,60.55,16538,Australia,Clothing,1092.93
INV001623,SKU0284,DeluxeWidgetC,85,2011-02-06,148.26,10155,France,Books,3642.7
INV001624,SKU0062,BasicWidgetH,51,2011-02-06,90.09,18160,Australia,Food,3295.18
INV001625,SKU0490,ProWidgetF,79,2011-02-06,77.28,16681,Spain,Toys,791.66
INV001626,SKU0149,EliteWidgetG,58,2011-02-06,27.03,12715,Spain,Toys,979.7
INV001627,SKU0153,StandardWidgetD,15,2011-02-06,85.04,14339,France,Books,1646.03
INV001628,SKU0155,EliteWidgetG,65,2011-02-06,66.14,18070,UnitedKingdom,HomeGarden,3784.9
INV001629,SKU0369,ClassicWidgetB,88,2011-02-06,19.55,16690,Australia,Food,197.18
INV001630,SKU0468,PremiumWidgetA,55,2011-02-06,69.92,10449,Australia,Electronics,2035.94
INV001631,SKU0048,DeluxeWidgetC,76,2011-02-06,25.08,11069,Spain,Clothing,3325.9
INV001632,SKU0454,BasicWidgetH,10,2011-02-07,109.73,14017,Spain,HomeGarden,858.18
INV001633,SKU0336,ClassicWidgetB,42,2011-02-07,146.06,12819,Belgium,Food,597.97
INV001634,SKU0083,PremiumWidgetA,95,2011-02-07,70.7,12285,Australia,Clothing,1951.67
INV001635,SKU0360,BasicWidgetH,11,2011-02-07,95.04,19382,Australia,Electronics,1433.51
INV001636,SKU0176,BasicWidgetH,16,2011-02-07,64.93,11399,Spain,Clothing,3245.83
INV001637,SKU0147,BasicWidgetH,73,2011-02-07,21.2,12248,France,Sports,4847.87
INV001638,SKU0117,DeluxeWidgetC,78,2011-02-07,145.6,16375,Netherlands,Food,23.34
INV001639,SKU0341,ClassicWidgetB,19,2011-02-07,19.87,10723,Belgium,Books,4512.0
INV001640,SKU0475,BasicWidgetH,31,2011-02-07,17.19,19633,France,Toys,2166.68
INV001641,SKU0062,EliteWidgetG,73,2011-02-07,69.15,15273,Germany,Clothing,3320.37
INV001642,SKU0188,ClassicWidgetB,53,2011-02-07,99.0,17535,UnitedKingdom,Electronics,4255.28
INV001643,SKU0359,ProWidgetF,90,2011-02-07,53.56,14820,France,Food,2867.72
INV001644,SKU0048,EliteWidgetG,8,2011-02-07,29.28,10086,France,Electronics,487.46
INV001645,SKU0326,DeluxeWidgetC,24,2011-02-07,122.94,17697,Australia,Sports,703.84
INV001646,SKU0256,BasicWidgetH,8,2011-02-07,54.78,16846,Belgium,Electronics,3946.61
INV001647,SKU0223,ClassicWidgetB,83,2011-02-07,29.55,14149,Germany,Sports,1146.26
INV001648,SKU0140,BudgetWidgetE,48,2011-02-07,55.08,11751,Belgium,HomeGarden,2845.62
INV001649,SKU0477,DeluxeWidgetC,30,2011-02-07,32.58,15161,Australia,Clothing,2140.97
INV001650,SKU0214,ClassicWidgetB,58,2011-02-07,78.16,13420,Spain,Electronics,1518.89
INV001651,SKU0434,ProWidgetF,86,2011-02-07,100.41,14837,Belgium,Books,3935.05
INV001652,SKU0378,BasicWidgetH,55,2011-02-07,120.03,12483,Australia,Clothing,3656.35
INV001653,SKU0439,PremiumWidgetA,73,2011-02-07,34.52,13212,Netherlands,Food,3230.9
INV001654,SKU0210,BasicWidgetH,62,2011-02-07,25.46,13922,UnitedKingdom,Sports,1863.98
INV001655,SKU0317,PremiumWidgetA,48,2011-02-07,3.43,16310,Netherlands,Clothing,1133.13
INV001656,SKU0031,BudgetWidgetE,4,2011-02-08,34.6,16042,Australia,Clothing,2579.96
INV001657,SKU0157,DeluxeWidgetC,37,2011-02-08,4.07,18013,UnitedKingdom,Electronics,4085.7
INV001658,SKU0284,ProWidgetF,8,2011-02-08,52.15,19678,France,Books,2878.75
INV001659,SKU0304,ClassicWidgetB,1,2011-02-08,22.28,13527,Belgium,HomeGarden,4850.73
INV001660,SKU0428,ClassicWidgetB,92,2011-02-08,87.19,18264,Germany,Books,78.17
INV001661,SKU0476,PremiumWidgetA,70,2011-02-08,57.87,18916,Netherlands,Toys,4991.74
INV001662,SKU0285,ProWidgetF,47,2011-02-08,14.49,13754,Germany,Sports,3457.35
INV001663,SKU0143,EliteWidgetG,75,2011-02-08,60.28,18162,Australia,Toys,4163.54
INV001664,SKU0423,BudgetWidgetE,5,2011-02-08,31.8,14365,UnitedKingdom,Food,1675.43
INV001665,SKU0018,PremiumWidgetA,50,2011-02-08,102.19,18410,Spain,Books,2542.2
INV001666,SKU0017,PremiumWidgetA,24,2011-02-08,54.98,10546,Belgium,Books,3985.15
INV001667,SKU0256,BudgetWidgetE,47,2011-02-08,22.48,13729,Belgium,Sports,3803.49
INV001668,SKU0077,DeluxeWidgetC,18,2011-02-08,52.77,17350,France,Food,1670.84
INV001669,SKU0370,ClassicWidgetB,84,2011-02-08,34.04,15884,UnitedKingdom,Food,1622.73
INV001670,SKU0174,DeluxeWidgetC,28,2011-02-08,119.47,11968,Spain,Books,3314.39
INV001671,SKU0497,ProWidgetF,77,2011-02-08,147.51,14516,Germany,HomeGarden,4668.36
INV001672,SKU0193,EliteWidgetG,5,2011-02-08,4.31,11259,Germany,Clothing,2194.49
INV001673,SKU0475,BasicWidgetH,30,2011-02-08,103.66,16992,France,HomeGarden,1765.36
INV001674,SKU0112,StandardWidgetD,1,2011-02-08,39.96,17756,Spain,Toys,4473.54
INV001675,SKU0113,StandardWidgetD,86,2011-02-08,10.43,12933,Spain,Clothing,3415.6
INV001676,SKU0221,StandardWidgetD,82,2011-02-08,2.65,12509,France,Clothing,1941.99
INV001677,SKU0165,BudgetWidgetE,46,2011-02-08,132.21,11562,UnitedKingdom,Books,287.32
INV001678,SKU0434,PremiumWidgetA,69,2011-02-08,53.36,19981,Netherlands,Clothing,3607.72
INV001679,SKU0318,EliteWidgetG,31,2011-02-08,149.18,18075,UnitedKingdom,Sports,1765.08
INV001680,SKU0131,DeluxeWidgetC,70,2011-02-09,66.64,13669,Belgium,HomeGarden,353.76
INV001681,SKU0384,BasicWidgetH,91,2011-02-09,28.55,12481,Germany,Clothing,3061.83
INV001682,SKU0263,ClassicWidgetB,56,2011-02-09,116.68,17198,UnitedKingdom,Books,1615.71
INV001683,SKU0412,StandardWidgetD,89,2011-02-09,139.01,10204,Australia,Books,1692.94
INV001684,SKU0054,DeluxeWidgetC,93,2011-02-09,122.44,10741,UnitedKingdom,Books,2396.37
INV001685,SKU0358,StandardWidgetD,28,2011-02-09,111.91,17049,Belgium,Electronics,3587.66
INV001686,SKU0130,EliteWidgetG,16,2011-02-09,50.54,14263,UnitedKingdom,HomeGarden,1382.38
INV001687,SKU0287,StandardWidgetD,54,2011-02-09,10.14,17837,Spain,Books,405.65
INV001688,SKU0265,ClassicWidgetB,53,2011-02-09,30.59,14737,Belgium,Food,2122.7
INV001689,SKU0457,BasicWidgetH,12,2011-02-09,67.3,11105,Belgium,Sports,275.57
INV001690,SKU0466,ProWidgetF,20,2011-02-09,143.45,16830,Australia,Books,3486.65
INV001691,SKU0365,ProWidgetF,82,2011-02-09,108.57,14197,Germany,Electronics,4796.26
INV001692,SKU0161,EliteWidgetG,34,2011-02-09,124.33,10088,France,HomeGarden,3294.14
INV001693,SKU0379,ProWidgetF,53,2011-02-09,41.96,16488,UnitedKingdom,Clothing,1377.68
INV001694,SKU0480,BudgetWidgetE,64,2011-02-09,102.73,13381,Netherlands,HomeGarden,909.33
INV001695,SKU0086,PremiumWidgetA,23,2011-02-09,129.43,13185,Spain,Clothing,1164.69
INV001696,SKU0054,BudgetWidgetE,27,2011-02-09,72.17,16679,Spain,Food,1108.83
INV001697,SKU0475,DeluxeWidgetC,17,2011-02-09,64.77,16306,France,Clothing,1569.84
INV001698,SKU0287,BudgetWidgetE,48,2011-02-09,108.05,10864,Netherlands,Books,487.64
INV001699,SKU0177,DeluxeWidgetC,21,2011-02-09,84.21,18246,UnitedKingdom,Toys,4478.7
INV001700,SKU0390,DeluxeWidgetC,50,2011-02-09,148.98,14671,Netherlands,Sports,4425.72
INV001701,SKU0348,PremiumWidgetA,40,2011-02-09,64.05,10557,Spain,Sports,3076.57
INV001702,SKU0007,ClassicWidgetB,95,2011-02-09,26.8,19184,France,Toys,310.54
INV001703,SKU0320,BasicWidgetH,3,2011-02-09,71.05,14291,Netherlands,Books,4020.2
INV001704,SKU0312,EliteWidgetG,17,2011-02-10,35.66,10447,Netherlands,Electronics,309.88
INV001705,SKU0246,PremiumWidgetA,61,2011-02-10,84.41,11821,France,Clothing,533.0
INV001706,SKU0322,EliteWidgetG,50,2011-02-10,19.31,13819,Belgium,Toys,1627.16
INV001707,SKU0471,ProWidgetF,90,2011-02-10,142.52,10091,France,Sports,2157.92
INV001708,SKU0470,ProWidgetF,87,2011-02-10,129.04,10607,France,HomeGarden,1770.09
INV001709,SKU0442,BudgetWidgetE,6,2011-02-10,23.76,19443,Spain,Electronics,826.98
INV001710,SKU0254,DeluxeWidgetC,28,2011-02-10,26.27,10285,France,Books,561.54
INV001711,SKU0327,StandardWidgetD,72,2011-02-10,77.11,12921,Australia,Electronics,4297.22
INV001712,SKU0053,StandardWidgetD,55,2011-02-10,116.05,10101,UnitedKingdom,Food,1816.54
INV001713,SKU0248,EliteWidgetG,58,2011-02-10,33.25,13835,Spain,Food,1093.78
INV001714,SKU0238,DeluxeWidgetC,45,2011-02-10,9.62,18169,Belgium,Sports,2435.47
INV001715,SKU0228,EliteWidgetG,72,2011-02-10,82.06,14235,France,Toys,185.08
INV001716,SKU0066,PremiumWidgetA,19,2011-02-10,103.89,19870,Germany,Food,3001.81
INV001717,SKU0050,ClassicWidgetB,29,2011-02-10,37.03,17509,Netherlands,Food,1243.2
INV001718,SKU0096,BasicWidgetH,23,2011-02-10,111.1,16716,France,Food,2991.38
INV001719,SKU0091,PremiumWidgetA,32,2011-02-10,142.62,10534,France,Books,3071.01
INV001720,SKU0494,DeluxeWidgetC,10,2011-02-10,20.99,16666,UnitedKingdom,Sports,4046.31
INV001721,SKU0263,DeluxeWidgetC,91,2011-02-10,76.9,18207,France,Clothing,1150.29
INV001722,SKU0417,ClassicWidgetB,49,2011-02-10,9.0,18752,Spain,Food,2317.86
INV001723,SKU0290,EliteWidgetG,65,2011-02-10,31.4,12925,Australia,Food,4809.47
INV001724,SKU0095,BudgetWidgetE,29,2011-02-10,13.93,10909,Germany,Food,3635.9
INV001725,SKU0087,BudgetWidgetE,59,2011-02-10,60.9,19605,Germany,Electronics,4876.74
INV001726,SKU0077,ClassicWidgetB,45,2011-02-10,123.21,15008,Belgium,Toys,4636.9
INV001727,SKU0287,BudgetWidgetE,67,2011-02-10,86.78,10118,France,Clothing,3054.13
INV001728,SKU0119,StandardWidgetD,51,2011-02-11,33.78,13113,UnitedKingdom,HomeGarden,1320.39
INV001729,SKU0301,BudgetWidgetE,95,2011-02-11,6.5,16153,Spain,Clothing,3784.86
INV001730,SKU0490,BudgetWidgetE,11,2011-02-11,83.23,11491,Spain,Electronics,3490.9
INV001731,SKU0399,BudgetWidgetE,86,2011-02-11,20.35,12096,France,HomeGarden,2944.86
INV001732,SKU0451,StandardWidgetD,82,2011-02-11,51.74,17944,Netherlands,Sports,3489.45
INV001733,SKU0499,EliteWidgetG,99,2011-02-11,76.77,12254,Spain,Toys,3068.32
INV001734,SKU0164,BudgetWidgetE,6,2011-02-11,135.61,18705,Spain,HomeGarden,2597.38
INV001735,SKU0181,ProWidgetF,67,2011-02-11,12.73,16103,Spain,Electronics,2080.36
INV001736,SKU0468,StandardWidgetD,62,2011-02-11,100.46,11233,Germany,Food,224.5
INV001737,SKU0397,ClassicWidgetB,5,2011-02-11,2.61,15258,Spain,Books,4328.57
INV001738,SKU0222,PremiumWidgetA,9,2011-02-11,94.67,19671,Netherlands,HomeGarden,4327.84
INV001739,SKU0310,ClassicWidgetB,28,2011-02-11,82.95,15631,Australia,Sports,2970.64
INV001740,SKU0431,PremiumWidgetA,83,2011-02-11,121.87,13349,Germany,HomeGarden,1340.15
INV001741,SKU0465,BasicWidgetH,92,2011-02-11,79.98,19732,Germany,Toys,141.63
INV001742,SKU0006,ClassicWidgetB,91,2011-02-11,53.22,10129,Australia,Clothing,8.14
INV001743,SKU0329,ProWidgetF,77,2011-02-11,36.79,13716,Netherlands,Books,365.46
INV001744,SKU0262,PremiumWidgetA,38,2011-02-11,13.24,16754,France,Electronics,1800.07
INV001745,SKU0160,PremiumWidgetA,43,2011-02-11,80.42,13743,Belgium,Books,942.79
INV001746,SKU0150,DeluxeWidgetC,21,2011-02-11,133.3,11771,UnitedKingdom,Clothing,1326.03
INV001747,SKU0084,PremiumWidgetA,91,2011-02-11,77.45,14454,Netherlands,Food,3498.6
INV001748,SKU0146,PremiumWidgetA,62,2011-02-11,111.0,16770,Australia,Books,4795.79
INV001749,SKU0111,DeluxeWidgetC,46,2011-02-11,45.12,17250,Belgium,Food,1034.67
INV001750,SKU0380,BudgetWidgetE,70,2011-02-11,67.5,15273,Spain,Food,2328.75
INV001751,SKU0402,BudgetWidgetE,38,2011-02-11,49.03,18697,Spain,Clothing,4957.41
INV001752,SKU0035,DeluxeWidgetC,49,2011-02-12,16.84,15628,Australia,Toys,4658.44
INV001753,SKU0284,StandardWidgetD,75,2011-02-12,62.84,14913,Spain,HomeGarden,1762.23
INV001754,SKU0187,BasicWidgetH,81,2011-02-12,114.76,19030,Australia,Electronics,1599.13
INV001755,SKU0081,PremiumWidgetA,39,2011-02-12,59.55,14718,Belgium,Clothing,1211.61
INV001756,SKU0001,PremiumWidgetA,71,2011-02-12,97.7,12676,Germany,Food,777.86
INV001757,SKU0384,DeluxeWidgetC,30,2011-02-12,113.91,10096,France,Clothing,2300.8
INV001758,SKU0302,DeluxeWidgetC,21,2011-02-12,48.75,11963,Germany,HomeGarden,1706.26
INV001759,SKU0196,StandardWidgetD,1,2011-02-12,119.73,15401,Germany,Clothing,3724.44
INV001760,SKU0403,ProWidgetF,89,2011-02-12,51.17,17767,Germany,Electronics,1185.1
INV001761,SKU0010,BudgetWidgetE,32,2011-02-12,38.79,10598,Australia,Sports,3681.92
INV001762,SKU0233,ClassicWidgetB,8,2011-02-12,33.76,13963,Netherlands,Books,1441.44
INV001763,SKU0385,ProWidgetF,69,2011-02-12,30.39,18620,Belgium,Toys,2964.05
INV001764,SKU0194,EliteWidgetG,30,2011-02-12,110.7,17293,UnitedKingdom,Toys,3192.51
INV001765,SKU0470,BudgetWidgetE,8,2011-02-12,133.18,11324,UnitedKingdom,Clothing,3359.24
INV001766,SKU0118,PremiumWidgetA,19,2011-02-12,34.98,18111,France,Books,877.52
INV001767,SKU0395,EliteWidgetG,59,2011-02-12,13.24,11767,France,Toys,1414.27
INV001768,SKU0019,ProWidgetF,55,2011-02-12,47.41,15164,Australia,Books,1231.33
INV001769,SKU0260,DeluxeWidgetC,30,2011-02-12,98.85,19708,UnitedKingdom,Toys,2881.23
INV001770,SKU0292,StandardWidgetD,79,2011-02-12,55.59,11339,Netherlands,Sports,379.66
INV001771,SKU0421,BudgetWidgetE,36,2011-02-12,82.6,19168,Australia,Clothing,2591.76
INV001772,SKU0255,StandardWidgetD,55,2011-02-12,111.77,16466,France,Food,438.25
INV001773,SKU0221,EliteWidgetG,44,2011-02-12,61.57,19806,Australia,Electronics,1685.94
INV001774,SKU0392,BudgetWidgetE,27,2011-02-12,149.95,19776,France,Clothing,3433.84
INV001775,SKU0225,BasicWidgetH,77,2011-02-12,45.04,15463,UnitedKingdom,Books,2063.41
INV001776,SKU0052,BasicWidgetH,78,2011-02-13,146.75,15490,Belgium,HomeGarden,1402.43
INV001777,SKU0427,ProWidgetF,54,2011-02-13,30.85,14061,Australia,Sports,3079.67
INV001778,SKU0354,PremiumWidgetA,48,2011-02-13,17.08,17604,Germany,Electronics,3701.61
INV001779,SKU0499,BasicWidgetH,30,2011-02-13,112.75,11270,Spain,Electronics,1273.67
INV001780,SKU0341,BasicWidgetH,39,2011-02-13,105.5,10218,Belgium,Books,1497.7
INV001781,SKU0363,ClassicWidgetB,13,2011-02-13,121.77,10533,France,Electronics,3201.83
INV001782,SKU0279,StandardWidgetD,16,2011-02-13,51.87,17951,Germany,Books,4826.15
INV001783,SKU0080,StandardWidgetD,44,2011-02-13,139.66,19687,France,Electronics,1070.14
INV001784,SKU0201,BasicWidgetH,71,2011-02-13,18.36,19565,Belgium,Electronics,3271.58
INV001785,SKU0157,ClassicWidgetB,27,2011-02-13,5.03,13823,Germany,Toys,4533.04
INV001786,SKU0119,StandardWidgetD,45,2011-02-13,45.43,10064,UnitedKingdom,Toys,2310.37
INV001787,SKU0058,StandardWidgetD,35,2011-02-13,119.7,14341,Belgium,Books,1584.9
INV001788,SKU0493,BudgetWidgetE,79,2011-02-13,101.11,15082,Belgium,Sports,3334.69
INV001789,SKU0214,BudgetWidgetE,28,2011-02-13,65.71,19916,UnitedKingdom,Electronics,158.13
INV001790,SKU0127,ClassicWidgetB,99,2011-02-13,38.81,12985,Netherlands,Clothing,1801.44
INV001791,SKU0223,EliteWidgetG,7,2011-02-13,9.36,15594,Netherlands,HomeGarden,1290.61
INV001792,SKU0208,PremiumWidgetA,62,2011-02-13,50.96,13913,Netherlands,Toys,1123.88
INV001793,SKU0369,ProWidgetF,51,2011-02-13,69.27,19240,Australia,Food,899.62
INV001794,SKU0114,BasicWidgetH,46,2011-02-13,103.21,18017,Belgium,Books,3685.58
INV001795,SKU0208,BasicWidgetH,20,2011-02-13,97.07,14255,France,Electronics,4775.54
INV001796,SKU0013,ProWidgetF,96,2011-02-13,142.13,11004,Australia,Toys,1924.47
INV001797,SKU0008,BasicWidgetH,38,2011-02-13,15.51,12122,Netherlands,Sports,246.47
INV001798,SKU0039,BasicWidgetH,61,2011-02-13,50.78,16696,France,Toys,3594.84
INV001799,SKU0449,EliteWidgetG,32,2011-02-13,72.5,13981,Australia,Clothing,2691.48
INV001800,SKU0236,StandardWidgetD,26,2011-02-14,100.77,10471,UnitedKingdom,Books,3618.5
INV001801,SKU0280,PremiumWidgetA,58,2011-02-14,74.57,13405,France,Clothing,3239.87
INV001802,SKU0358,BasicWidgetH,39,2011-02-14,136.96,10308,Belgium,Toys,4527.27
INV001803,SKU0200,ClassicWidgetB,20,2011-02-14,91.5,17695,Netherlands,HomeGarden,703.06
INV001804,SKU0245,EliteWidgetG,82,2011-02-14,6.43,17707,UnitedKingdom,Sports,846.64
INV001805,SKU0277,BasicWidgetH,50,2011-02-14,17.49,13047,France,Books,1708.5
INV001806,SKU0234,ClassicWidgetB,79,2011-02-14,113.15,12017,Australia,Books,2457.45
INV001807,SKU0493,BudgetWidgetE,52,2011-02-14,107.51,14881,Spain,Electronics,4628.64
INV001808,SKU0003,StandardWidgetD,86,2011-02-14,23.45,11478,Spain,Clothing,4534.91
INV001809,SKU0153,DeluxeWidgetC,22,2011-02-14,9.31,14197,Netherlands,Books,4359.49
INV001810,SKU0441,BasicWidgetH,53,2011-02-14,87.02,17721,Australia,Clothing,1113.41
INV001811,SKU0028,ClassicWidgetB,85,2011-02-14,95.54,14870,UnitedKingdom,HomeGarden,3648.65
INV001812,SKU0108,EliteWidgetG,66,2011-02-14,20.73,13459,Belgium,Electronics,1918.08
INV001813,SKU0097,StandardWidgetD,43,2011-02-14,71.31,19423,UnitedKingdom,Food,4655.98
INV001814,SKU0214,PremiumWidgetA,82,2011-02-14,46.22,15434,UnitedKingdom,HomeGarden,1073.46
INV001815,SKU0292,EliteWidgetG,23,2011-02-14,139.73,10571,France,Electronics,707.15
INV001816,SKU0074,BudgetWidgetE,77,2011-02-14,33.27,13589,Netherlands,Electronics,4212.08
INV001817,SKU0325,ProWidgetF,64,2011-02-14,110.12,18339,Belgium,Clothing,3584.82
INV001818,SKU0145,BasicWidgetH,9,2011-02-14,77.96,15918,Spain,Food,4107.29
INV001819,SKU0127,PremiumWidgetA,7,2011-02-14,2.22,10596,UnitedKingdom,Food,790.56
INV001820,SKU0340,ClassicWidgetB,41,2011-02-14,77.79,15073,Australia,Toys,4424.08
INV001821,SKU0041,BasicWidgetH,54,2011-02-14,15.37,11070,Netherlands,Electronics,3388.42
INV001822,SKU0355,ClassicWidgetB,65,2011-02-14,99.03,14250,Spain,HomeGarden,3258.15
INV001823,SKU0040,PremiumWidgetA,2,2011-02-14,85.05,14325,Australia,Toys,2913.34
INV001824,SKU0421,ClassicWidgetB,4,2011-02-15,2.06,13371,Belgium,HomeGarden,3824.62
INV001825,SKU0033,EliteWidgetG,78,2011-02-15,31.1,10157,Australia,Food,2078.63
INV001826,SKU0016,StandardWidgetD,32,2011-02-15,116.55,19114,Belgium,Toys,664.97
INV001827,SKU0164,ClassicWidgetB,2,2011-02-15,41.73,13318,UnitedKingdom,HomeGarden,2696.79
INV001828,SKU0152,BudgetWidgetE,64,2011-02-15,75.14,16711,Netherlands,Clothing,3740.76
INV001829,SKU0485,StandardWidgetD,14,2011-02-15,47.14,17221,Germany,Clothing,769.08
INV001830,SKU0377,EliteWidgetG,20,2011-02-15,138.27,19438,Belgium,Sports,1120.88
INV001831,SKU0075,BasicWidgetH,89,2011-02-15,80.72,18957,France,Food,3483.03
INV001832,SKU0086,DeluxeWidgetC,49,2011-02-15,104.58,12612,Germany,Food,1348.99
INV001833,SKU0116,BasicWidgetH,8,2011-02-15,12.98,14562,France,Books,850.53
INV001834,SKU0361,ClassicWidgetB,92,2011-02-15,6.53,10443,Netherlands,Sports,4447.07
INV001835,SKU0341,ClassicWidgetB,63,2011-02-15,39.25,15973,Spain,Sports,805.32
INV001836,SKU0468,BudgetWidgetE,46,2011-02-15,46.72,10904,UnitedKingdom,Electronics,1721.4
INV001837,SKU0026,EliteWidgetG,21,2011-02-15,103.31,12910,Netherlands,Food,2142.72
INV001838,SKU0312,BudgetWidgetE,87,2011-02-15,85.59,11801,Germany,Electronics,2381.22
INV001839,SKU0286,ProWidgetF,32,2011-02-15,56.5,10925,Australia,Sports,1807.19
INV001840,SKU0133,EliteWidgetG,8,2011-02-15,98.29,17851,France,Books,4562.78
INV001841,SKU0218,PremiumWidgetA,95,2011-02-15,24.95,15930,France,Sports,3293.47
INV001842,SKU0167,PremiumWidgetA,16,2011-02-15,9.99,18943,Germany,Clothing,1798.11
INV001843,SKU0097,PremiumWidgetA,40,2011-02-15,128.25,19426,UnitedKingdom,HomeGarden,1789.24
INV001844,SKU0267,BudgetWidgetE,27,2011-02-15,84.81,12922,Netherlands,Sports,2515.26
INV001845,SKU0236,PremiumWidgetA,18,2011-02-15,97.54,18854,Germany,Electronics,169.28
INV001846,SKU0308,EliteWidgetG,35,2011-02-15,46.43,17555,Belgium,Books,4633.29
INV001847,SKU0454,PremiumWidgetA,52,2011-02-15,56.11,19776,Netherlands,Electronics,1117.32
INV001848,SKU0393,DeluxeWidgetC,15,2011-02-16,12.81,10919,Belgium,Food,3488.27
INV001849,SKU0172,PremiumWidgetA,63,2011-02-16,128.62,15004,UnitedKingdom,Clothing,3888.84
INV001850,SKU0400,ClassicWidgetB,53,2011-02-16,89.07,14219,Australia,Food,4137.09
INV001851,SKU0409,ProWidgetF,91,2011-02-16,13.0,18259,Belgium,Toys,829.05
INV001852,SKU0468,BudgetWidgetE,81,2011-02-16,120.78,14570,Netherlands,Electronics,2683.93
INV001853,SKU0475,StandardWidgetD,66,2011-02-16,66.9,14453,Belgium,Food,419.29
INV001854,SKU0189,ProWidgetF,31,2011-02-16,114.88,19958,UnitedKingdom,Toys,4024.16
INV001855,SKU0121,DeluxeWidgetC,61,2011-02-16,2.39,15575,Germany,Electronics,2432.77
INV001856,SKU0045,BudgetWidgetE,64,2011-02-16,4.8,11953,Spain,Books,793.29
INV001857,SKU0063,EliteWidgetG,98,2011-02-16,26.03,12568,Australia,Food,3593.68
INV001858,SKU0129,BasicWidgetH,34,2011-02-16,32.03,17945,Australia,Toys,1656.52
INV001859,SKU0309,BudgetWidgetE,55,2011-02-16,114.71,13708,Australia,Books,573.42
INV001860,SKU0362,ClassicWidgetB,59,2011-02-16,106.15,14928,France,Electronics,2305.91
INV001861,SKU0192,EliteWidgetG,3,2011-02-16,92.61,13399,Spain,Electronics,1177.0
INV001862,SKU0306,ProWidgetF,17,2011-02-16,132.79,19545,UnitedKingdom,Sports,4751.16
INV001863,SKU0180,ProWidgetF,78,2011-02-16,37.45,16570,Netherlands,Clothing,1807.45
INV001864,SKU0291,PremiumWidgetA,78,2011-02-16,135.71,10442,Germany,Toys,2862.69
INV001865,SKU0370,EliteWidgetG,46,2011-02-16,136.47,10600,Belgium,Sports,4741.86
INV001866,SKU0281,BasicWidgetH,38,2011-02-16,65.42,14582,Belgium,Books,1969.21
INV001867,SKU0028,ClassicWidgetB,35,2011-02-16,14.61,12786,Australia,Sports,1791.28
INV001868,SKU0148,PremiumWidgetA,1,2011-02-16,109.12,12695,Australia,Sports,812.87
INV001869,SKU0266,PremiumWidgetA,29,2011-02-16,50.87,12052,Australia,Toys,4691.58
INV001870,SKU0295,BasicWidgetH,4,2011-02-16,119.34,10631,UnitedKingdom,Electronics,4003.92
INV001871,SKU0010,BudgetWidgetE,61,2011-02-16,24.97,13442,Germany,Electronics,1105.83
INV001872,SKU0163,ProWidgetF,97,2011-02-17,81.16,11754,UnitedKingdom,Toys,1664.04
INV001873,SKU0112,PremiumWidgetA,17,2011-02-17,76.46,17020,Germany,Clothing,4574.64
INV001874,SKU0186,DeluxeWidgetC,28,2011-02-17,15.5,19770,Netherlands,HomeGarden,2686.86
INV001875,SKU0294,DeluxeWidgetC,50,2011-02-17,54.82,10025,Belgium,HomeGarden,2782.12
INV001876,SKU0231,ProWidgetF,90,2011-02-17,13.17,17946,France,Toys,3241.07
INV001877,SKU0226,DeluxeWidgetC,8,2011-02-17,69.98,17297,Germany,Toys,3811.06
INV001878,SKU0309,BasicWidgetH,34,2011-02-17,126.51,16553,Spain,Sports,4696.49
INV001879,SKU0097,BudgetWidgetE,59,2011-02-17,40.9,15759,UnitedKingdom,Clothing,4011.32
INV001880,SKU0054,ClassicWidgetB,18,2011-02-17,114.85,17755,UnitedKingdom,Clothing,4672.81
INV001881,SKU0110,StandardWidgetD,95,2011-02-17,27.92,11129,UnitedKingdom,Books,4103.23
INV001882,SKU0151,PremiumWidgetA,59,2011-02-17,101.22,14996,France,Electronics,233.12
INV001883,SKU0245,StandardWidgetD,27,2011-02-17,137.37,14145,Germany,Food,588.56
INV001884,SKU0405,ClassicWidgetB,16,2011-02-17,48.93,15641,Germany,Toys,4424.58
INV001885,SKU0068,ClassicWidgetB,10,2011-02-17,135.11,18633,Germany,Food,139.45
INV001886,SKU0311,BasicWidgetH,76,2011-02-17,76.06,15897,Germany,Toys,3971.08
INV001887,SKU0288,BudgetWidgetE,22,2011-02-17,47.86,17369,Australia,Toys,4249.37
INV001888,SKU0249,DeluxeWidgetC,16,2011-02-17,134.53,13895,Australia,Toys,2077.91
INV001889,SKU0035,DeluxeWidgetC,12,2011-02-17,5.29,14797,Spain,Books,1774.92
INV001890,SKU0238,BasicWidgetH,75,2011-02-17,4.69,11828,UnitedKingdom,HomeGarden,972.83
INV001891,SKU0147,ClassicWidgetB,84,2011-02-17,90.17,19727,Belgium,Clothing,245.55
INV001892,SKU0466,BudgetWidgetE,51,2011-02-17,119.61,10559,Australia,Food,3727.17
INV001893,SKU0226,BudgetWidgetE,1,2011-02-17,112.86,19365,Belgium,HomeGarden,369.56
INV001894,SKU0243,ProWidgetF,27,2011-02-17,12.38,19276,Belgium,Electronics,4723.4
INV001895,SKU0490,EliteWidgetG,67,2011-02-17,142.56,13914,Germany,Electronics,1484.42
INV001896,SKU0336,PremiumWidgetA,12,2011-02-18,105.61,18430,Germany,Toys,3971.43
INV001897,SKU0445,BasicWidgetH,30,2011-02-18,142.39,18050,Australia,Food,299.35
INV001898,SKU0364,EliteWidgetG,9,2011-02-18,49.7,19663,Netherlands,Electronics,2681.86
INV001899,SKU0490,BasicWidgetH,53,2011-02-18,104.24,16900,Spain,HomeGarden,1746.15
INV001900,SKU0481,DeluxeWidgetC,61,2011-02-18,129.06,15587,Belgium,Food,150.98
INV001901,SKU0200,ClassicWidgetB,54,2011-02-18,57.38,15412,Belgium,Clothing,3279.34
INV001902,SKU0153,BasicWidgetH,37,2011-02-18,144.75,14612,UnitedKingdom,Food,4715.87
INV001903,SKU0449,BasicWidgetH,65,2011-02-18,40.12,13683,France,Books,54.75
INV001904,SKU0072,ProWidgetF,42,2011-02-18,47.68,18396,Spain,Clothing,1352.91
INV001905,SKU0200,StandardWidgetD,49,2011-02-18,138.09,17347,UnitedKingdom,Clothing,3518.33
INV001906,SKU0295,DeluxeWidgetC,4,2011-02-18,145.46,13600,UnitedKingdom,Sports,4356.4
INV001907,SKU0016,PremiumWidgetA,64,2011-02-18,43.14,16643,UnitedKingdom,Clothing,954.71
INV001908,SKU0128,BudgetWidgetE,79,2011-02-18,20.89,11213,Spain,Books,354.51
INV001909,SKU0216,ClassicWidgetB,51,2011-02-18,113.98,17347,Belgium,Sports,44.2
INV001910,SKU0060,DeluxeWidgetC,91,2011-02-18,139.48,13091,Spain,Clothing,1076.82
INV001911,SKU0426,StandardWidgetD,72,2011-02-18,90.31,11382,Australia,Sports,357.52
INV001912,SKU0103,BasicWidgetH,60,2011-02-18,95.36,13680,Belgium,Food,1797.55
INV001913,SKU0041,PremiumWidgetA,87,2011-02-18,114.56,19871,UnitedKingdom,Clothing,2201.19
INV001914,SKU0024,BasicWidgetH,79,2011-02-18,23.39,18198,Germany,Electronics,2400.14
INV001915,SKU0038,PremiumWidgetA,91,2011-02-18,146.03,13498,UnitedKingdom,Electronics,712.5
INV001916,SKU0290,ProWidgetF,31,2011-02-18,54.97,18487,Germany,Clothing,2320.48
INV001917,SKU0130,BasicWidgetH,72,2011-02-18,94.42,15506,Australia,Food,46.25
INV001918,SKU0497,DeluxeWidgetC,94,2011-02-18,70.56,18455,Australia,Sports,1197.87
INV001919,SKU0228,StandardWidgetD,58,2011-02-18,70.49,12137,UnitedKingdom,Books,1846.06
INV001920,SKU0107,PremiumWidgetA,82,2011-02-19,105.56,17655,Spain,Electronics,592.64
INV001921,SKU0171,ClassicWidgetB,4,2011-02-19,149.2,18124,Germany,Sports,4070.21
INV001922,SKU0434,PremiumWidgetA,22,2011-02-19,99.03,14948,Germany,Books,1006.86
INV001923,SKU0477,StandardWidgetD,3,2011-02-19,119.21,13865,Germany,Sports,3774.69
INV001924,SKU0101,BudgetWidgetE,79,2011-02-19,4.63,15460,Germany,Clothing,2369.99
INV001925,SKU0353,BudgetWidgetE,99,2011-02-19,121.66,15448,France,Electronics,2399.24
INV001926,SKU0011,ProWidgetF,47,2011-02-19,45.35,14496,Australia,Electronics,3226.33
INV001927,SKU0274,DeluxeWidgetC,38,2011-02-19,19.44,14452,Germany,Electronics,222.34
INV001928,SKU0100,StandardWidgetD,33,2011-02-19,17.44,16898,France,Clothing,394.72
INV001929,SKU0043,ProWidgetF,78,2011-02-19,102.14,12546,France,Books,1634.89
INV001930,SKU0442,EliteWidgetG,48,2011-02-19,149.64,14929,Australia,Books,2084.7
INV001931,SKU0304,PremiumWidgetA,65,2011-02-19,100.1,18310,Netherlands,Toys,2150.27
INV001932,SKU0444,EliteWidgetG,26,2011-02-19,39.72,17214,UnitedKingdom,Toys,3384.76
INV001933,SKU0016,PremiumWidgetA,8,2011-02-19,30.89,12395,Australia,Food,4.52
INV001934,SKU0329,BudgetWidgetE,50,2011-02-19,79.13,17671,Netherlands,Electronics,4795.57
INV001935,SKU0056,ProWidgetF,80,2011-02-19,10.22,15514,Spain,Toys,873.26
INV001936,SKU0310,BudgetWidgetE,38,2011-02-19,60.2,11702,UnitedKingdom,Food,1243.91
INV001937,SKU0496,ClassicWidgetB,10,2011-02-19,100.1,18721,UnitedKingdom,Books,4528.23
INV001938,SKU0302,EliteWidgetG,42,2011-02-19,145.17,13674,UnitedKingdom,Toys,28.45
INV001939,SKU0011,EliteWidgetG,37,2011-02-19,64.14,18494,France,Toys,4956.54
INV001940,SKU0317,BudgetWidgetE,26,2011-02-19,30.43,14251,Germany,Electronics,180.75
INV001941,SKU0079,ClassicWidgetB,92,2011-02-19,122.7,10013,UnitedKingdom,Books,603.61
INV001942,SKU0215,PremiumWidgetA,12,2011-02-19,111.76,17187,Belgium,Food,1201.29
INV001943,SKU0338,ProWidgetF,84,2011-02-19,129.03,12803,Germany,Electronics,2194.17
INV001944,SKU0263,ClassicWidgetB,49,2011-02-20,32.6,10888,UnitedKingdom,Books,2592.74
INV001945,SKU0478,ProWidgetF,14,2011-02-20,61.02,19388,France,Sports,524.49
INV001946,SKU0148,EliteWidgetG,46,2011-02-20,147.24,14540,Spain,Electronics,369.3
INV001947,SKU0080,ProWidgetF,35,2011-02-20,24.13,18090,UnitedKingdom,Toys,160.26
INV001948,SKU0214,EliteWidgetG,29,2011-02-20,100.88,12169,Australia,Food,1284.5
INV001949,SKU0484,ClassicWidgetB,12,2011-02-20,35.96,13651,Belgium,Food,4607.74
INV001950,SKU0373,EliteWidgetG,82,2011-02-20,75.27,18017,Netherlands,Food,1949.82
INV001951,SKU0463,BasicWidgetH,44,2011-02-20,120.18,18240,UnitedKingdom,Toys,3820.27
INV001952,SKU0197,DeluxeWidgetC,66,2011-02-20,73.54,10180,Belgium,Electronics,951.75
INV001953,SKU0199,EliteWidgetG,2,2011-02-20,120.92,13878,Netherlands,Toys,324.33
INV001954,SKU0024,BudgetWidgetE,59,2011-02-20,64.24,19609,Netherlands,HomeGarden,2771.84
INV001955,SKU0465,ClassicWidgetB,17,2011-02-20,149.9,13464,Belgium,Electronics,4110.64
INV001956,SKU0088,BasicWidgetH,10,2011-02-20,65.66,10529,France,Books,4492.4
INV001957,SKU0267,PremiumWidgetA,18,2011-02-20,22.83,15771,Spain,Food,2731.48
INV001958,SKU0142,ProWidgetF,22,2011-02-20,60.58,14679,Netherlands,Sports,1470.87
INV001959,SKU0058,BasicWidgetH,83,2011-02-20,111.52,17940,France,Sports,548.45
INV001960,SKU0409,StandardWidgetD,58,2011-02-20,127.27,11286,Spain,Books,3339.45
INV001961,SKU0488,BasicWidgetH,53,2011-02-20,69.29,12190,UnitedKingdom,Clothing,1402.9
INV001962,SKU0364,ClassicWidgetB,1,2011-02-20,89.37,18898,Germany,Food,4219.97
INV001963,SKU0025,BasicWidgetH,88,2011-02-20,126.81,18485,France,Toys,3026.0
INV001964,SKU0046,BasicWidgetH,61,2011-02-20,122.13,11561,Netherlands,Electronics,4294.53
INV001965,SKU0287,BudgetWidgetE,89,2011-02-20,98.83,15628,Netherlands,Food,2833.7
INV001966,SKU0265,EliteWidgetG,31,2011-02-20,122.35,12611,UnitedKingdom,Sports,3858.94
INV001967,SKU0015,ProWidgetF,31,2011-02-20,86.6,16560,Belgium,Books,1472.23
INV001968,SKU0198,DeluxeWidgetC,66,2011-02-21,1.19,10660,France,Sports,2515.79
INV001969,SKU0400,PremiumWidgetA,19,2011-02-21,6.67,13178,UnitedKingdom,Food,98.01
INV001970,SKU0406,DeluxeWidgetC,53,2011-02-21,146.98,13389,France,Food,3039.55
INV001971,SKU0281,BasicWidgetH,76,2011-02-21,22.18,13063,Germany,Food,2669.16
INV001972,SKU0468,StandardWidgetD,74,2011-02-21,60.98,16401,Australia,Food,3776.66
INV001973,SKU0085,ClassicWidgetB,95,2011-02-21,140.1,18127,UnitedKingdom,Sports,3645.05
INV001974,SKU0249,ProWidgetF,22,2011-02-21,29.66,12840,Netherlands,Food,3138.46
INV001975,SKU0390,ClassicWidgetB,23,2011-02-21,126.65,16309,UnitedKingdom,Books,284.37
INV001976,SKU0269,BudgetWidgetE,87,2011-02-21,122.83,17192,Belgium,HomeGarden,4515.15
INV001977,SKU0334,ClassicWidgetB,15,2011-02-21,147.96,16054,France,Sports,91.08
INV001978,SKU0116,PremiumWidgetA,26,2011-02-21,42.61,16146,UnitedKingdom,Sports,4016.54
INV001979,SKU0006,StandardWidgetD,3,2011-02-21,47.64,16561,Germany,Clothing,2397.25
INV001980,SKU0136,DeluxeWidgetC,87,2011-02-21,135.48,18560,France,HomeGarden,4090.15
INV001981,SKU0370,BasicWidgetH,20,2011-02-21,35.49,10538,Belgium,Clothing,2325.88
INV001982,SKU0175,BasicWidgetH,40,2011-02-21,82.41,12927,Belgium,Books,3235.04
INV001983,SKU0327,StandardWidgetD,39,2011-02-21,106.25,12393,Spain,Food,1816.96
INV001984,SKU0497,ProWidgetF,72,2011-02-21,41.15,18922,Belgium,Food,3718.65
INV001985,SKU0314,ClassicWidgetB,18,2011-02-21,140.79,10896,Netherlands,Toys,1271.63
INV001986,SKU0214,ProWidgetF,41,2011-02-21,100.02,16867,Netherlands,Food,3597.06
INV001987,SKU0476,DeluxeWidgetC,70,2011-02-21,7.55,16345,France,Electronics,967.72
INV001988,SKU0081,ProWidgetF,27,2011-02-21,20.79,12368,Spain,Books,3611.12
INV001989,SKU0222,BudgetWidgetE,15,2011-02-21,29.02,14559,Germany,HomeGarden,1469.06
INV001990,SKU0477,StandardWidgetD,37,2011-02-21,37.12,17747,Belgium,Toys,1393.88
INV001991,SKU0371,DeluxeWidgetC,58,2011-02-21,109.74,12380,UnitedKingdom,Books,4057.66
INV001992,SKU0422,DeluxeWidgetC,5,2011-02-22,13.8,10014,Australia,HomeGarden,4068.65
INV001993,SKU0482,EliteWidgetG,73,2011-02-22,52.91,19545,Netherlands,Toys,3457.32
INV001994,SKU0401,DeluxeWidgetC,7,2011-02-22,136.75,13135,Germany,Clothing,4619.62
INV001995,SKU0442,EliteWidgetG,41,2011-02-22,83.72,12277,Belgium,Sports,781.81
INV001996,SKU0489,PremiumWidgetA,84,2011-02-22,40.19,18202,Germany,Books,1347.34
INV001997,SKU0102,BasicWidgetH,10,2011-02-22,143.58,11656,Germany,Food,1470.78
INV001998,SKU0272,EliteWidgetG,62,2011-02-22,37.03,19439,UnitedKingdom,Books,1527.13
INV001999,SKU0013,StandardWidgetD,26,2011-02-22,135.81,11660,Germany,Toys,1640.83
INV002000,SKU0158,ProWidgetF,68,2011-02-22,109.0,11763,Germany,Sports,3485.35
INV002001,SKU0151,EliteWidgetG,24,2011-02-22,111.21,18733,France,Books,1354.52
INV002002,SKU0482,DeluxeWidgetC,78,2011-02-22,114.86,11529,France,Food,1430.32
INV002003,SKU0107,StandardWidgetD,41,2011-02-22,76.23,17865,Germany,Books,2852.5
INV002004,SKU0187,EliteWidgetG,65,2011-02-22,122.28,15838,Germany,Toys,967.6
INV002005,SKU0300,EliteWidgetG,17,2011-02-22,125.51,16910,France,Electronics,1825.07
INV002006,SKU0097,DeluxeWidgetC,24,2011-02-22,54.39,19372,UnitedKingdom,Toys,290.64
INV002007,SKU0130,BudgetWidgetE,27,2011-02-22,60.35,12617,France,Toys,4762.78
INV002008,SKU0292,BudgetWidgetE,7,2011-02-22,133.37,12754,Belgium,Toys,1587.22
INV002009,SKU0170,EliteWidgetG,73,2011-02-22,78.95,19120,France,Electronics,4250.36
INV002010,SKU0423,BudgetWidgetE,99,2011-02-22,130.11,18101,France,Food,2650.2
INV002011,SKU0473,ClassicWidgetB,12,2011-02-22,94.2,11426,France,Sports,1141.83
INV002012,SKU0182,DeluxeWidgetC,85,2011-02-22,89.24,18067,Australia,Clothing,967.94
INV002013,SKU0470,ClassicWidgetB,3,2011-02-22,5.13,15208,Netherlands,Books,3475.11
INV002014,SKU0363,StandardWidgetD,79,2011-02-22,42.05,16222,Belgium,Toys,4824.38
INV002015,SKU0038,ClassicWidgetB,85,2011-02-22,75.56,17808,Belgium,Books,916.17
INV002016,SKU0014,StandardWidgetD,10,2011-02-23,88.3,12061,UnitedKingdom,Clothing,577.99
INV002017,SKU0375,EliteWidgetG,33,2011-02-23,94.75,12563,Spain,Books,1936.11
INV002018,SKU0496,StandardWidgetD,46,2011-02-23,107.58,12803,UnitedKingdom,Clothing,1969.66
INV002019,SKU0003,StandardWidgetD,59,2011-02-23,98.61,16209,Belgium,Sports,4031.46
INV002020,SKU0348,ProWidgetF,52,2011-02-23,127.36,12293,Germany,Sports,2344.98
INV002021,SKU0469,ClassicWidgetB,6,2011-02-23,44.67,11625,Australia,Clothing,313.24
INV002022,SKU0408,ProWidgetF,2,2011-02-23,96.41,15809,Germany,Clothing,4603.42
INV002023,SKU0396,EliteWidgetG,29,2011-02-23,8.15,10571,UnitedKingdom,HomeGarden,1866.57
INV002024,SKU0209,DeluxeWidgetC,40,2011-02-23,72.29,17399,UnitedKingdom,Electronics,3342.99
INV002025,SKU0160,ClassicWidgetB,97,2011-02-23,40.57,12400,Spain,Food,3337.77
INV002026,SKU0015,DeluxeWidgetC,61,2011-02-23,57.44,19903,Spain,Electronics,282.65
INV002027,SKU0492,DeluxeWidgetC,68,2011-02-23,53.52,18574,Germany,Toys,19.02
INV002028,SKU0425,StandardWidgetD,68,2011-02-23,9.53,15829,Netherlands,Books,441.1
INV002029,SKU0107,BasicWidgetH,29,2011-02-23,70.26,11083,Germany,Books,4782.7
INV002030,SKU0381,ClassicWidgetB,62,2011-02-23,149.2,11949,Netherlands,Clothing,3970.17
INV002031,SKU0449,DeluxeWidgetC,60,2011-02-23,45.19,15530,Netherlands,Toys,660.93
INV002032,SKU0310,BasicWidgetH,84,2011-02-23,110.55,15202,France,Clothing,3074.73
INV002033,SKU0226,BudgetWidgetE,41,2011-02-23,82.39,15430,UnitedKingdom,Electronics,3060.26
INV002034,SKU0169,DeluxeWidgetC,87,2011-02-23,49.12,13497,France,Toys,3.79
INV002035,SKU0033,BudgetWidgetE,82,2011-02-23,13.9,15496,UnitedKingdom,Toys,2145.89
INV002036,SKU0413,ClassicWidgetB,89,2011-02-23,32.77,14930,France,Books,3559.17
INV002037,SKU0250,EliteWidgetG,65,2011-02-23,117.39,13394,Netherlands,Food,934.78
INV002038,SKU0246,ProWidgetF,64,2011-02-23,42.21,19395,France,Electronics,4254.67
INV002039,SKU0268,ClassicWidgetB,79,2011-02-23,22.07,10773,Australia,Sports,3301.86
INV002040,SKU0140,ProWidgetF,63,2011-02-24,50.03,17793,France,Electronics,35.61
INV002041,SKU0273,ProWidgetF,98,2011-02-24,87.81,12597,Spain,Electronics,4274.72
INV002042,SKU0415,ClassicWidgetB,48,2011-02-24,105.67,19595,Spain,Clothing,97.98
INV002043,SKU0095,DeluxeWidgetC,20,2011-02-24,58.41,17981,France,Books,4439.76
INV002044,SKU0226,PremiumWidgetA,37,2011-02-24,74.97,13061,France,Food,1669.26
INV002045,SKU0378,DeluxeWidgetC,64,2011-02-24,68.51,13325,Australia,Sports,3493.55
INV002046,SKU0038,DeluxeWidgetC,91,2011-02-24,1.85,11403,UnitedKingdom,Electronics,3937.37
INV002047,SKU0301,EliteWidgetG,86,2011-02-24,59.64,13320,France,Electronics,1407.06
INV002048,SKU0499,StandardWidgetD,5,2011-02-24,88.3,17239,UnitedKingdom,Clothing,1782.83
INV002049,SKU0028,StandardWidgetD,34,2011-02-24,85.71,16649,Spain,Toys,2548.2
INV002050,SKU0445,DeluxeWidgetC,39,2011-02-24,112.59,17420,Germany,HomeGarden,2913.87
INV002051,SKU0496,BudgetWidgetE,67,2011-02-24,100.72,17139,Netherlands,Books,1460.92
INV002052,SKU0476,EliteWidgetG,81,2011-02-24,41.88,10869,Germany,Books,4961.98
INV002053,SKU0317,ProWidgetF,62,2011-02-24,38.72,16442,Australia,Books,3685.29
INV002054,SKU0244,BasicWidgetH,88,2011-02-24,69.89,19275,Australia,Electronics,1371.49
INV002055,SKU0235,StandardWidgetD,24,2011-02-24,110.08,10973,UnitedKingdom,Electronics,3202.52
INV002056,SKU0184,DeluxeWidgetC,3,2011-02-24,14.53,19417,UnitedKingdom,Electronics,2177.42
INV002057,SKU0271,EliteWidgetG,71,2011-02-24,142.27,19994,Belgium,Toys,4301.78
INV002058,SKU0439,PremiumWidgetA,89,2011-02-24,81.7,11188,Belgium,HomeGarden,1645.42
INV002059,SKU0235,BudgetWidgetE,67,2011-02-24,46.31,15147,France,Electronics,940.08
INV002060,SKU0238,ClassicWidgetB,79,2011-02-24,104.16,13443,Belgium,Books,231.64
INV002061,SKU0376,DeluxeWidgetC,93,2011-02-24,7.19,15684,Germany,Toys,4921.56
INV002062,SKU0265,EliteWidgetG,50,2011-02-24,72.92,11321,UnitedKingdom,Books,1796.75
INV002063,SKU0413,DeluxeWidgetC,29,2011-02-24,73.15,12023,Spain,Clothing,1103.37
INV002064,SKU0408,BasicWidgetH,74,2011-02-25,24.72,16740,UnitedKingdom,HomeGarden,2459.35
INV002065,SKU0358,ProWidgetF,32,2011-02-25,125.69,15468,Belgium,Sports,1458.9
INV002066,SKU0339,BudgetWidgetE,87,2011-02-25,119.62,10438,Spain,Electronics,1165.27
INV002067,SKU0388,StandardWidgetD,39,2011-02-25,23.33,10164,UnitedKingdom,Food,3082.31
INV002068,SKU0064,StandardWidgetD,9,2011-02-25,54.89,15678,Belgium,Sports,375.17
INV002069,SKU0477,StandardWidgetD,14,2011-02-25,15.51,17835,Netherlands,Electronics,2545.46
INV002070,SKU0176,BasicWidgetH,68,2011-02-25,127.37,13337,UnitedKingdom,HomeGarden,1937.77
INV002071,SKU0002,ClassicWidgetB,64,2011-02-25,48.84,13350,Netherlands,HomeGarden,2663.11
INV002072,SKU0428,EliteWidgetG,20,2011-02-25,66.18,10987,Australia,Books,1602.88
INV002073,SKU0141,BudgetWidgetE,28,2011-02-25,48.92,12529,France,HomeGarden,2852.03
INV002074,SKU0375,BudgetWidgetE,14,2011-02-25,46.85,14612,Germany,Toys,410.01
INV002075,SKU0157,StandardWidgetD,44,2011-02-25,112.22,13845,UnitedKingdom,Toys,1881.42
INV002076,SKU0497,StandardWidgetD,98,2011-02-25,112.26,15756,Netherlands,Food,1188.26
INV002077,SKU0323,ProWidgetF,77,2011-02-25,77.91,18105,Belgium,Sports,2191.01
INV002078,SKU0145,BasicWidgetH,95,2011-02-25,98.81,11326,UnitedKingdom,Sports,1992.28
INV002079,SKU0445,PremiumWidgetA,97,2011-02-25,76.99,18219,UnitedKingdom,HomeGarden,3156.29
INV002080,SKU0292,PremiumWidgetA,39,2011-02-25,4.77,16924,Netherlands,Sports,3144.16
INV002081,SKU0152,DeluxeWidgetC,28,2011-02-25,10.37,14593,UnitedKingdom,Toys,2067.41
INV002082,SKU0431,DeluxeWidgetC,64,2011-02-25,57.87,16662,Germany,Electronics,908.93
INV002083,SKU0192,BudgetWidgetE,89,2011-02-25,112.59,10193,Spain,Clothing,2909.99
INV002084,SKU0436,BudgetWidgetE,32,2011-02-25,137.03,18783,Spain,Food,4832.61
INV002085,SKU0493,ClassicWidgetB,9,2011-02-25,4.94,12489,Spain,Toys,928.03
INV002086,SKU0462,ClassicWidgetB,28,2011-02-25,55.52,16401,Belgium,Books,346.23
INV002087,SKU0072,PremiumWidgetA,95,2011-02-25,33.96,18304,Spain,Clothing,1323.54
INV002088,SKU0398,BasicWidgetH,17,2011-02-26,122.37,19509,Australia,Sports,2065.19
INV002089,SKU0304,DeluxeWidgetC,87,2011-02-26,126.97,11737,France,Books,1531.64
INV002090,SKU0376,PremiumWidgetA,77,2011-02-26,31.36,12061,UnitedKingdom,Food,4173.71
INV002091,SKU0343,BasicWidgetH,55,2011-02-26,106.77,19882,Netherlands,Clothing,2465.65
INV002092,SKU0451,PremiumWidgetA,10,2011-02-26,109.9,16283,Germany,Clothing,1231.39
INV002093,SKU0139,DeluxeWidgetC,80,2011-02-26,26.97,19586,UnitedKingdom,Sports,4751.05
INV002094,SKU0186,EliteWidgetG,6,2011-02-26,65.34,16840,Australia,Books,626.19
INV002095,SKU0292,ClassicWidgetB,48,2011-02-26,93.24,13559,Australia,Toys,615.43
INV002096,SKU0060,ProWidgetF,75,2011-02-26,4.4,15461,Netherlands,Toys,1227.18
INV002097,SKU0484,ProWidgetF,67,2011-02-26,60.99,17599,UnitedKingdom,Books,384.78
INV002098,SKU0426,ProWidgetF,92,2011-02-26,23.67,13883,Spain,Clothing,3758.51
INV002099,SKU0379,DeluxeWidgetC,41,2011-02-26,81.51,13251,UnitedKingdom,Books,1564.74
INV002100,SKU0197,StandardWidgetD,79,2011-02-26,126.52,15053,UnitedKingdom,Food,3649.46
INV002101,SKU0294,StandardWidgetD,60,2011-02-26,78.95,13014,Australia,Toys,3813.92
INV002102,SKU0439,StandardWidgetD,77,2011-02-26,5.88,11128,UnitedKingdom,Books,1188.36
INV002103,SKU0318,BudgetWidgetE,42,2011-02-26,4.93,16865,Spain,Electronics,2592.3
INV002104,SKU0301,ClassicWidgetB,81,2011-02-26,91.02,16472,UnitedKingdom,Sports,2598.44
INV002105,SKU0343,ClassicWidgetB,71,2011-02-26,49.53,17416,Belgium,Toys,4356.95
INV002106,SKU0010,EliteWidgetG,28,2011-02-26,86.11,11696,Belgium,Sports,129.13
INV002107,SKU0061,EliteWidgetG,13,2011-02-26,24.96,18324,UnitedKingdom,Electronics,1584.68
INV002108,SKU0332,BudgetWidgetE,81,2011-02-26,116.64,17407,UnitedKingdom,Food,4412.56
INV002109,SKU0225,PremiumWidgetA,15,2011-02-26,129.18,17245,Spain,Food,1184.78
INV002110,SKU0152,BasicWidgetH,36,2011-02-26,133.44,14665,Belgium,Clothing,685.26
INV002111,SKU0198,EliteWidgetG,92,2011-02-26,45.96,14220,Spain,HomeGarden,2881.12
INV002112,SKU0051,ProWidgetF,15,2011-02-27,99.28,17574,Netherlands,Toys,1530.08
INV002113,SKU0259,StandardWidgetD,75,2011-02-27,42.22,16170,Australia,Clothing,2337.01
INV002114,SKU0058,ProWidgetF,56,2011-02-27,114.53,10311,France,Electronics,4100.24
INV002115,SKU0071,StandardWidgetD,95,2011-02-27,18.52,19977,Belgium,Books,2603.96
INV002116,SKU0147,ProWidgetF,4,2011-02-27,114.53,15434,Netherlands,Electronics,2579.93
INV002117,SKU0348,PremiumWidgetA,99,2011-02-27,66.24,10401,Spain,Sports,1391.64
INV002118,SKU0062,BasicWidgetH,98,2011-02-27,128.4,15554,UnitedKingdom,Books,3964.53
INV002119,SKU0309,ProWidgetF,52,2011-02-27,110.97,11596,France,Clothing,3699.33
INV002120,SKU0372,ProWidgetF,91,2011-02-27,56.79,10121,Germany,Books,1171.37
INV002121,SKU0242,DeluxeWidgetC,10,2011-02-27,135.58,10750,France,Sports,1600.7
INV002122,SKU0492,BasicWidgetH,94,2011-02-27,42.86,10105,Netherlands,Electronics,3943.35
INV002123,SKU0365,ProWidgetF,45,2011-02-27,145.06,16934,Australia,Food,1789.23
INV002124,SKU0329,DeluxeWidgetC,84,2011-02-27,115.2,19251,Netherlands,Clothing,2018.39
INV002125,SKU0106,ClassicWidgetB,29,2011-02-27,148.61,13238,Australia,HomeGarden,1822.7
INV002126,SKU0225,BasicWidgetH,53,2011-02-27,8.56,11244,Australia,Food,809.0
INV002127,SKU0312,BudgetWidgetE,29,2011-02-27,41.47,18267,Spain,HomeGarden,1705.14
INV002128,SKU0217,BasicWidgetH,23,2011-02-27,111.32,16865,Australia,Electronics,4014.87
INV002129,SKU0424,BasicWidgetH,57,2011-02-27,138.38,19201,Germany,Clothing,2455.89
INV002130,SKU0240,ProWidgetF,50,2011-02-27,4.8,13282,France,Food,2291.63
INV002131,SKU0258,ClassicWidgetB,21,2011-02-27,0.5,12275,Netherlands,Food,782.6
INV002132,SKU0375,BasicWidgetH,43,2011-02-27,38.81,13808,Netherlands,Clothing,888.67
INV002133,SKU0261,EliteWidgetG,10,2011-02-27,127.99,18644,Australia,Books,215.71
INV002134,SKU0004,EliteWidgetG,76,2011-02-27,115.19,10765,Spain,Food,70.76
INV002135,SKU0260,DeluxeWidgetC,30,2011-02-27,51.37,14582,Germany,Toys,2440.58
INV002136,SKU0053,ProWidgetF,51,2011-02-28,0.8,12715,Germany,Electronics,2046.75
INV002137,SKU0046,ProWidgetF,33,2011-02-28,83.43,11497,UnitedKingdom,Books,1377.61
INV002138,SKU0214,BasicWidgetH,18,2011-02-28,36.07,12838,Germany,Electronics,4950.24
INV002139,SKU0176,PremiumWidgetA,78,2011-02-28,111.97,16036,Australia,Sports,1990.58
INV002140,SKU0008,ClassicWidgetB,22,2011-02-28,67.23,15066,Australia,Electronics,3944.45
INV002141,SKU0098,StandardWidgetD,64,2011-02-28,101.95,10489,Belgium,Books,1053.52
INV002142,SKU0019,StandardWidgetD,21,2011-02-28,127.92,16374,France,Clothing,1235.96
INV002143,SKU0377,PremiumWidgetA,1,2011-02-28,80.6,11935,Australia,Electronics,2842.39
INV002144,SKU0240,DeluxeWidgetC,15,2011-02-28,50.73,12749,France,Food,21.14
INV002145,SKU0060,StandardWidgetD,36,2011-02-28,115.55,19295,Germany,Clothing,88.11
INV002146,SKU0378,BasicWidgetH,47,2011-02-28,40.15,17812,UnitedKingdom,Sports,711.95
INV002147,SKU0489,StandardWidgetD,54,2011-02-28,133.78,19791,Belgium,HomeGarden,1116.38
INV002148,SKU0418,EliteWidgetG,86,2011-02-28,11.18,17464,Spain,HomeGarden,2639.72
INV002149,SKU0177,EliteWidgetG,32,2011-02-28,125.4,17777,Netherlands,Books,3431.46
INV002150,SKU0337,BudgetWidgetE,58,2011-02-28,14.19,18417,Australia,Electronics,1560.08
INV002151,SKU0061,ClassicWidgetB,46,2011-02-28,8.89,16286,Germany,Sports,1196.12
INV002152,SKU0144,DeluxeWidgetC,54,2011-02-28,54.81,19906,Australia,Sports,4114.23
INV002153,SKU0215,ProWidgetF,33,2011-02-28,143.5,14149,France,Clothing,814.72
INV002154,SKU0002,ClassicWidgetB,39,2011-02-28,147.53,15848,Germany,Toys,3391.95
INV002155,SKU0159,DeluxeWidgetC,23,2011-02-28,30.71,17656,Netherlands,Food,4656.72
INV002156,SKU0226,StandardWidgetD,43,2011-02-28,22.72,12345,France,Books,1161.82
INV002157,SKU0485,BudgetWidgetE,55,2011-02-28,53.27,15549,Germany,Sports,435.74
INV002158,SKU0268,ClassicWidgetB,2,2011-02-28,50.89,16680,Spain,Electronics,4898.81
INV002159,SKU0119,StandardWidgetD,66,2011-02-28,114.06,18770,Spain,Sports,1354.6
INV002160,SKU0380,DeluxeWidgetC,38,2011-03-01,66.88,11698,Netherlands,HomeGarden,1379.04
INV002161,SKU0494,ClassicWidgetB,29,2011-03-01,117.09,16984,Spain,Books,2419.38
INV002162,SKU0088,ProWidgetF,67,2011-03-01,112.43,16037,France,Clothing,1156.06
INV002163,SKU0328,ClassicWidgetB,71,2011-03-01,86.96,15256,Netherlands,Food,4964.37
INV002164,SKU0067,StandardWidgetD,36,2011-03-01,125.11,16551,Germany,Electronics,215.79
INV002165,SKU0397,BasicWidgetH,29,2011-03-01,29.75,10278,France,HomeGarden,2257.91
INV002166,SKU0356,BasicWidgetH,37,2011-03-01,24.69,11468,Spain,Sports,2742.19
INV002167,SKU0097,ClassicWidgetB,87,2011-03-01,112.72,19132,UnitedKingdom,Books,2335.29
INV002168,SKU0266,ProWidgetF,45,2011-03-01,37.1,12318,Australia,Books,2603.09
INV002169,SKU0104,BudgetWidgetE,16,2011-03-01,0.92,14536,Spain,Electronics,4937.91
INV002170,SKU0439,BudgetWidgetE,31,2011-03-01,136.84,15347,UnitedKingdom,Clothing,4384.63
INV002171,SKU0322,BasicWidgetH,34,2011-03-01,93.63,15939,Netherlands,HomeGarden,1542.91
INV002172,SKU0122,StandardWidgetD,50,2011-03-01,67.02,11783,Germany,Toys,2757.83
INV002173,SKU0475,DeluxeWidgetC,65,2011-03-01,109.0,16630,Belgium,Clothing,2.55
INV002174,SKU0028,StandardWidgetD,82,2011-03-01,50.33,13226,Australia,Food,2048.44
INV002175,SKU0136,BudgetWidgetE,62,2011-03-01,143.07,19177,Germany,Food,820.21
INV002176,SKU0194,PremiumWidgetA,43,2011-03-01,10.76,12819,Netherlands,Electronics,3557.09
INV002177,SKU0408,PremiumWidgetA,56,2011-03-01,96.32,13970,Germany,Electronics,1106.23
INV002178,SKU0225,ClassicWidgetB,15,2011-03-01,116.7,10424,France,HomeGarden,3744.73
INV002179,SKU0331,ProWidgetF,48,2011-03-01,70.63,12105,France,Books,1566.49
INV002180,SKU0169,BasicWidgetH,49,2011-03-01,113.37,12470,Spain,Books,4629.22
INV002181,SKU0008,EliteWidgetG,81,2011-03-01,139.07,15894,Spain,HomeGarden,2227.64
INV002182,SKU0462,EliteWidgetG,44,2011-03-01,111.73,13794,Spain,Clothing,4197.75
INV002183,SKU0039,EliteWidgetG,10,2011-03-01,46.75,12891,Spain,Food,3141.2
INV002184,SKU0024,ClassicWidgetB,20,2011-03-02,84.5,19875,Netherlands,HomeGarden,4887.01
INV002185,SKU0260,PremiumWidgetA,70,2011-03-02,136.78,13147,Germany,Toys,3713.87
INV002186,SKU0394,BudgetWidgetE,8,2011-03-02,67.64,14051,Spain,Books,3638.79
INV002187,SKU0442,ClassicWidgetB,45,2011-03-02,102.41,13651,Netherlands,Clothing,1325.07
INV002188,SKU0225,EliteWidgetG,34,2011-03-02,70.09,17901,Belgium,Sports,2524.79
INV002189,SKU0471,EliteWidgetG,96,2011-03-02,18.64,11174,Australia,Clothing,1451.28
INV002190,SKU0123,BasicWidgetH,51,2011-03-02,9.26,12949,Spain,Food,97.45
INV002191,SKU0462,StandardWidgetD,4,2011-03-02,142.86,18628,Germany,Books,3553.22
INV002192,SKU0037,EliteWidgetG,39,2011-03-02,92.07,16116,France,Electronics,1179.95
INV002193,SKU0327,ProWidgetF,84,2011-03-02,16.02,10234,UnitedKingdom,Clothing,1987.22
INV002194,SKU0250,EliteWidgetG,24,2011-03-02,128.69,17912,Belgium,Food,1423.91
INV002195,SKU0388,StandardWidgetD,88,2011-03-02,78.64,14770,France,Clothing,998.98
INV002196,SKU0175,EliteWidgetG,55,2011-03-02,115.9,15128,Germany,Electronics,336.53
INV002197,SKU0089,ProWidgetF,26,2011-03-02,19.45,14856,Germany,Books,1690.11
INV002198,SKU0401,BudgetWidgetE,25,2011-03-02,136.08,18159,Belgium,Sports,409.64
INV002199,SKU0453,ClassicWidgetB,36,2011-03-02,88.79,12474,Germany,Sports,2702.06
INV002200,SKU0036,ProWidgetF,71,2011-03-02,110.87,10226,Germany,Food,99.1
INV002201,SKU0315,StandardWidgetD,74,2011-03-02,5.19,16160,Spain,HomeGarden,4700.16
INV002202,SKU0175,ClassicWidgetB,58,2011-03-02,47.64,14801,Australia,Sports,4832.41
INV002203,SKU0460,ClassicWidgetB,12,2011-03-02,40.48,15357,UnitedKingdom,Sports,1523.96
INV002204,SKU0283,StandardWidgetD,1,2011-03-02,142.46,17548,Spain,Clothing,1301.71
INV002205,SKU0452,BasicWidgetH,50,2011-03-02,28.21,13995,France,HomeGarden,522.92
INV002206,SKU0460,PremiumWidgetA,25,2011-03-02,106.2,11410,Australia,Sports,4524.69
INV002207,SKU0080,EliteWidgetG,80,2011-03-02,6.89,14764,Belgium,Clothing,2934.73
INV002208,SKU0113,ProWidgetF,5,2011-03-03,30.05,11337,Netherlands,HomeGarden,3051.01
INV002209,SKU0039,StandardWidgetD,83,2011-03-03,51.12,15420,Germany,Clothing,4479.39
INV002210,SKU0300,BudgetWidgetE,68,2011-03-03,119.28,10117,Belgium,Electronics,4554.02
INV002211,SKU0223,DeluxeWidgetC,6,2011-03-03,118.6,11868,France,Books,4141.88
INV002212,SKU0317,StandardWidgetD,26,2011-03-03,142.91,12097,Netherlands,Books,3867.43
INV002213,SKU0348,EliteWidgetG,55,2011-03-03,137.56,11813,UnitedKingdom,Books,4386.33
INV002214,SKU0114,EliteWidgetG,39,2011-03-03,12.69,19779,France,Sports,4379.98
INV002215,SKU0185,ClassicWidgetB,9,2011-03-03,124.57,18734,Belgium,Books,1843.86
INV002216,SKU0322,ClassicWidgetB,45,2011-03-03,67.95,12374,Australia,Books,4866.98
INV002217,SKU0055,StandardWidgetD,14,2011-03-03,129.95,11526,Spain,HomeGarden,3545.95
INV002218,SKU0039,DeluxeWidgetC,55,2011-03-03,13.85,17087,Netherlands,Food,1851.68
INV002219,SKU0353,BasicWidgetH,9,2011-03-03,123.5,19461,France,HomeGarden,2210.81
INV002220,SKU0039,StandardWidgetD,15,2011-03-03,24.37,18793,Spain,Toys,3435.97
INV002221,SKU0346,DeluxeWidgetC,37,2011-03-03,50.41,13614,Spain,HomeGarden,1806.13
INV002222,SKU0460,BasicWidgetH,50,2011-03-03,4.81,12149,Spain,Sports,4132.96
INV002223,SKU0236,DeluxeWidgetC,84,2011-03-03,19.0,13301,Australia,Food,741.17
INV002224,SKU0288,EliteWidgetG,72,2011-03-03,67.14,18579,Germany,Toys,4538.06
INV002225,SKU0261,EliteWidgetG,96,2011-03-03,122.84,13680,France,Toys,1506.69
INV002226,SKU0215,EliteWidgetG,21,2011-03-03,116.16,19794,Spain,Books,764.41
INV002227,SKU0146,BudgetWidgetE,57,2011-03-03,35.68,13282,Germany,Sports,4290.26
INV002228,SKU0335,EliteWidgetG,19,2011-03-03,23.18,12696,Spain,Food,1198.08
INV002229,SKU0167,ProWidgetF,93,2011-03-03,58.69,14151,Netherlands,Food,4217.14
INV002230,SKU0091,ClassicWidgetB,58,2011-03-03,132.55,11305,Belgium,Sports,1482.03
INV002231,SKU0352,ClassicWidgetB,95,2011-03-03,14.17,10716,Netherlands,Sports,4669.39
INV002232,SKU0058,DeluxeWidgetC,6,2011-03-04,81.67,15845,Netherlands,Sports,1096.17
INV002233,SKU0058,ClassicWidgetB,4,2011-03-04,13.78,15758,Germany,Sports,349.18
INV002234,SKU0303,PremiumWidgetA,43,2011-03-04,70.8,13655,Germany,Sports,4682.72
INV002235,SKU0168,BasicWidgetH,93,2011-03-04,19.46,16359,Spain,Toys,828.96
INV002236,SKU0268,DeluxeWidgetC,42,2011-03-04,12.51,18505,Australia,Books,4720.72
INV002237,SKU0362,ClassicWidgetB,3,2011-03-04,29.03,12280,France,HomeGarden,4120.06
INV002238,SKU0044,PremiumWidgetA,1,2011-03-04,38.66,12622,Australia,Toys,410.55
INV002239,SKU0344,BasicWidgetH,55,2011-03-04,41.8,19079,Belgium,Clothing,2226.23
INV002240,SKU0180,BudgetWidgetE,15,2011-03-04,96.97,14342,Germany,Food,367.92
INV002241,SKU0169,ClassicWidgetB,47,2011-03-04,8.72,12489,Belgium,Clothing,1649.6
INV002242,SKU0355,PremiumWidgetA,85,2011-03-04,12.58,11922,France,Clothing,1758.16
INV002243,SKU0190,StandardWidgetD,46,2011-03-04,28.71,16278,Belgium,Food,2998.57
INV002244,SKU0154,ProWidgetF,58,2011-03-04,130.87,18115,Belgium,Electronics,4879.5
INV002245,SKU0421,StandardWidgetD,95,2011-03-04,94.48,18049,Netherlands,HomeGarden,849.65
INV002246,SKU0187,PremiumWidgetA,71,2011-03-04,109.69,14029,Australia,Books,1646.43
INV002247,SKU0006,DeluxeWidgetC,81,2011-03-04,55.87,13063,Belgium,Sports,2935.93
INV002248,SKU0132,EliteWidgetG,83,2011-03-04,32.38,18352,Australia,Clothing,857.93
INV002249,SKU0234,EliteWidgetG,39,2011-03-04,6.18,19675,Australia,Food,3553.84
INV002250,SKU0044,EliteWidgetG,3,2011-03-04,73.54,13892,Germany,HomeGarden,2018.89
INV002251,SKU0313,BasicWidgetH,30,2011-03-04,86.36,11737,France,Books,4747.91
INV002252,SKU0248,DeluxeWidgetC,35,2011-03-04,134.6,14220,Netherlands,Clothing,3149.72
INV002253,SKU0498,BasicWidgetH,57,2011-03-04,132.37,17080,Germany,HomeGarden,1816.04
INV002254,SKU0030,ClassicWidgetB,29,2011-03-04,63.99,19562,Netherlands,Food,3597.65
INV002255,SKU0022,EliteWidgetG,50,2011-03-04,63.82,13395,Belgium,Toys,4193.93
INV002256,SKU0425,StandardWidgetD,62,2011-03-05,24.59,12454,UnitedKingdom,Books,4002.6
INV002257,SKU0393,DeluxeWidgetC,52,2011-03-05,38.99,14957,UnitedKingdom,Food,1314.56
INV002258,SKU0159,DeluxeWidgetC,14,2011-03-05,138.89,12287,Netherlands,Toys,2085.5
INV002259,SKU0362,EliteWidgetG,35,2011-03-05,21.58,19428,UnitedKingdom,HomeGarden,2261.44
INV002260,SKU0436,StandardWidgetD,28,2011-03-05,145.32,18150,France,Sports,1942.53
INV002261,SKU0157,BudgetWidgetE,58,2011-03-05,75.96,16292,Belgium,HomeGarden,1555.01
INV002262,SKU0038,DeluxeWidgetC,30,2011-03-05,68.76,19398,Belgium,HomeGarden,3763.99
INV002263,SKU0414,EliteWidgetG,90,2011-03-05,26.61,18696,France,Electronics,62.11
INV002264,SKU0081,ProWidgetF,7,2011-03-05,99.4,19595,Belgium,Sports,1468.43
INV002265,SKU0355,PremiumWidgetA,39,2011-03-05,69.25,19959,Germany,Toys,708.94
INV002266,SKU0257,BasicWidgetH,95,2011-03-05,55.91,13733,Netherlands,HomeGarden,644.72
INV002267,SKU0205,ClassicWidgetB,69,2011-03-05,40.05,18892,Belgium,Sports,1385.52
INV002268,SKU0076,DeluxeWidgetC,35,2011-03-05,10.44,15113,Germany,HomeGarden,3811.0
INV002269,SKU0476,ProWidgetF,52,2011-03-05,78.14,13005,France,Food,4847.14
INV002270,SKU0011,ProWidgetF,14,2011-03-05,47.28,14790,Belgium,Sports,2573.58
INV002271,SKU0294,DeluxeWidgetC,63,2011-03-05,106.33,10010,France,Books,1695.52
INV002272,SKU0449,BudgetWidgetE,36,2011-03-05,108.67,15221,France,Food,4146.02
INV002273,SKU0223,PremiumWidgetA,91,2011-03-05,50.15,13677,Australia,Clothing,336.45
INV002274,SKU0012,ClassicWidgetB,24,2011-03-05,100.53,19164,UnitedKingdom,Electronics,466.75
INV002275,SKU0045,DeluxeWidgetC,40,2011-03-05,39.17,17334,Germany,Clothing,1727.49
INV002276,SKU0154,BasicWidgetH,29,2011-03-05,109.21,15164,Germany,HomeGarden,2242.59
INV002277,SKU0112,ClassicWidgetB,53,2011-03-05,2.9,19033,Belgium,HomeGarden,3989.39
INV002278,SKU0232,StandardWidgetD,22,2011-03-05,23.17,16860,Belgium,Books,4626.39
INV002279,SKU0016,ProWidgetF,72,2011-03-05,37.13,18105,France,HomeGarden,2656.85
INV002280,SKU0359,ProWidgetF,15,2011-03-06,116.05,10284,Belgium,Toys,2478.73
INV002281,SKU0222,DeluxeWidgetC,69,2011-03-06,10.42,16543,Australia,Sports,1065.84
INV002282,SKU0353,DeluxeWidgetC,64,2011-03-06,28.61,15570,Germany,Toys,2256.46
INV002283,SKU0187,BasicWidgetH,4,2011-03-06,54.11,15731,Spain,Clothing,4618.3
INV002284,SKU0447,StandardWidgetD,75,2011-03-06,1.87,17611,Germany,Food,1965.1
INV002285,SKU0343,BudgetWidgetE,18,2011-03-06,114.44,12435,Australia,HomeGarden,1054.2
INV002286,SKU0364,DeluxeWidgetC,42,2011-03-06,84.24,17523,France,Books,1687.14
INV002287,SKU0162,ProWidgetF,30,2011-03-06,135.15,11029,Australia,Electronics,2573.46
INV002288,SKU0495,ClassicWidgetB,15,2011-03-06,5.14,16584,UnitedKingdom,Toys,2993.33
INV002289,SKU0325,PremiumWidgetA,70,2011-03-06,41.07,18091,Germany,Clothing,2162.72
INV002290,SKU0466,EliteWidgetG,55,2011-03-06,109.82,14451,UnitedKingdom,Books,3792.92
INV002291,SKU0413,ClassicWidgetB,53,2011-03-06,101.43,12966,Germany,Books,2922.68
INV002292,SKU0454,BudgetWidgetE,16,2011-03-06,36.84,17755,UnitedKingdom,Clothing,3325.58
INV002293,SKU0073,PremiumWidgetA,73,2011-03-06,89.56,10553,Germany,Books,4314.73
INV002294,SKU0232,ClassicWidgetB,34,2011-03-06,119.17,10267,Spain,Food,4328.58
INV002295,SKU0223,ClassicWidgetB,27,2011-03-06,5.49,17135,France,Food,1018.34
INV002296,SKU0481,StandardWidgetD,13,2011-03-06,107.79,11240,Spain,Electronics,3117.1
INV002297,SKU0318,EliteWidgetG,27,2011-03-06,38.19,14159,Netherlands,Electronics,3583.49
INV002298,SKU0411,BasicWidgetH,73,2011-03-06,142.2,12489,Australia,HomeGarden,730.12
INV002299,SKU0059,BudgetWidgetE,69,2011-03-06,80.96,17858,Germany,Sports,4214.01
INV002300,SKU0334,ProWidgetF,86,2011-03-06,5.49,15394,Australia,HomeGarden,903.17
INV002301,SKU0221,StandardWidgetD,31,2011-03-06,60.81,18661,Germany,Sports,3996.6
INV002302,SKU0036,PremiumWidgetA,3,2011-03-06,144.96,13287,Netherlands,Clothing,808.17
INV002303,SKU0476,EliteWidgetG,30,2011-03-06,109.69,12019,France,Books,3709.15
INV002304,SKU0277,ProWidgetF,21,2011-03-07,45.42,19781,France,HomeGarden,741.59
INV002305,SKU0195,StandardWidgetD,99,2011-03-07,86.5,15313,Australia,Books,1894.77
INV002306,SKU0403,EliteWidgetG,6,2011-03-07,90.07,14317,Spain,HomeGarden,718.44
INV002307,SKU0351,BasicWidgetH,92,2011-03-07,3.99,15824,Netherlands,HomeGarden,1354.3
INV002308,SKU0483,BudgetWidgetE,32,2011-03-07,27.24,19611,Australia,Electronics,4922.59
INV002309,SKU0241,DeluxeWidgetC,42,2011-03-07,82.99,19072,France,Sports,539.27
INV002310,SKU0323,BasicWidgetH,62,2011-03-07,60.71,10838,UnitedKingdom,Clothing,2032.92
INV002311,SKU0218,DeluxeWidgetC,89,2011-03-07,28.91,18943,Australia,Food,3384.92
INV002312,SKU0191,PremiumWidgetA,32,2011-03-07,116.01,18461,Germany,Books,473.9
INV002313,SKU0016,DeluxeWidgetC,99,2011-03-07,73.6,14827,Belgium,HomeGarden,546.06
INV002314,SKU0011,StandardWidgetD,86,2011-03-07,46.84,16987,France,Books,717.17
INV002315,SKU0405,PremiumWidgetA,88,2011-03-07,24.67,13503,Germany,Electronics,3225.29
INV002316,SKU0400,ProWidgetF,39,2011-03-07,91.87,17824,Netherlands,Food,4546.78
INV002317,SKU0393,BasicWidgetH,64,2011-03-07,100.11,12075,Spain,Clothing,4130.12
INV002318,SKU0373,BasicWidgetH,30,2011-03-07,100.6,11312,Spain,Sports,4915.29
INV002319,SKU0192,BudgetWidgetE,63,2011-03-07,33.43,12284,France,Sports,2891.11
INV002320,SKU0021,PremiumWidgetA,96,2011-03-07,89.5,18575,France,HomeGarden,4807.43
INV002321,SKU0473,ProWidgetF,31,2011-03-07,135.86,12808,Spain,Food,1525.37
INV002322,SKU0119,BasicWidgetH,87,2011-03-07,53.3,18995,Australia,Clothing,2108.1
INV002323,SKU0209,PremiumWidgetA,40,2011-03-07,32.01,19288,Belgium,Sports,1980.81
INV002324,SKU0305,ClassicWidgetB,33,2011-03-07,115.94,16521,Spain,Clothing,237.74
INV002325,SKU0269,ClassicWidgetB,63,2011-03-07,26.94,16355,Spain,Books,4148.7
INV002326,SKU0191,PremiumWidgetA,25,2011-03-07,38.44,13719,Australia,Electronics,124.57
INV002327,SKU0174,BasicWidgetH,36,2011-03-07,15.55,14771,Germany,Clothing,3649.65
INV002328,SKU0284,EliteWidgetG,24,2011-03-08,40.55,12696,Australia,Clothing,2035.92
INV002329,SKU0203,DeluxeWidgetC,95,2011-03-08,61.85,15796,UnitedKingdom,Food,32.23
INV002330,SKU0163,ClassicWidgetB,58,2011-03-08,10.09,10808,France,Sports,1450.44
INV002331,SKU0250,EliteWidgetG,39,2011-03-08,130.82,13293,Spain,Toys,1731.29
INV002332,SKU0226,EliteWidgetG,46,2011-03-08,77.29,19497,Belgium,HomeGarden,4823.55
INV002333,SKU0435,BudgetWidgetE,77,2011-03-08,88.42,13459,Netherlands,Food,3305.73
INV002334,SKU0380,ProWidgetF,10,2011-03-08,56.01,12419,France,HomeGarden,2718.31
INV002335,SKU0459,StandardWidgetD,87,2011-03-08,100.64,14224,Belgium,Toys,636.13
INV002336,SKU0006,ClassicWidgetB,82,2011-03-08,65.05,17571,Spain,Toys,1956.13
INV002337,SKU0028,PremiumWidgetA,32,2011-03-08,114.32,16363,Germany,Food,179.79
INV002338,SKU0394,DeluxeWidgetC,97,2011-03-08,123.3,19388,Spain,Toys,3808.67
INV002339,SKU0032,StandardWidgetD,36,2011-03-08,100.94,14567,Belgium,Books,814.72
INV002340,SKU0133,ProWidgetF,28,2011-03-08,73.95,13524,Australia,Sports,2972.58
INV002341,SKU0366,EliteWidgetG,16,2011-03-08,117.45,16751,France,Sports,3497.26
INV002342,SKU0078,ProWidgetF,16,2011-03-08,74.4,19717,Australia,Electronics,1833.18
INV002343,SKU0415,BasicWidgetH,18,2011-03-08,17.17,16237,Spain,HomeGarden,3163.33
INV002344,SKU0434,ClassicWidgetB,8,2011-03-08,17.89,19791,Germany,Sports,3821.4
INV002345,SKU0458,ProWidgetF,80,2011-03-08,142.31,19236,Belgium,Toys,921.43
INV002346,SKU0057,ProWidgetF,75,2011-03-08,32.43,15319,Australia,Books,3004.7
INV002347,SKU0470,DeluxeWidgetC,70,2011-03-08,122.48,11867,Netherlands,Food,3669.68
INV002348,SKU0025,BasicWidgetH,1,2011-03-08,37.38,11375,Spain,Electronics,1785.88
INV002349,SKU0481,BasicWidgetH,62,2011-03-08,64.9,18130,Germany,HomeGarden,813.29
INV002350,SKU0429,EliteWidgetG,76,2011-03-08,98.41,15401,France,HomeGarden,1431.29
INV002351,SKU0225,DeluxeWidgetC,38,2011-03-08,24.25,18803,Belgium,HomeGarden,4665.44
INV002352,SKU0284,DeluxeWidgetC,92,2011-03-09,110.72,16992,France,Electronics,1787.88
INV002353,SKU0003,PremiumWidgetA,45,2011-03-09,103.64,13316,Netherlands,Food,539.4
INV002354,SKU0464,ProWidgetF,58,2011-03-09,81.69,11598,UnitedKingdom,Food,414.55
INV002355,SKU0098,ProWidgetF,81,2011-03-09,85.1,14949,Australia,Books,903.29
INV002356,SKU0396,BasicWidgetH,1,2011-03-09,16.31,16572,Spain,Food,638.43
INV002357,SKU0488,ProWidgetF,32,2011-03-09,65.67,10638,France,Books,2475.72
INV002358,SKU0038,BudgetWidgetE,8,2011-03-09,13.44,14166,Spain,Sports,1738.41
INV002359,SKU0270,DeluxeWidgetC,40,2011-03-09,46.53,10645,Netherlands,Sports,4207.19
INV002360,SKU0374,StandardWidgetD,56,2011-03-09,135.1,15884,Australia,HomeGarden,4405.51
INV002361,SKU0284,BasicWidgetH,63,2011-03-09,86.39,16668,Germany,Toys,2366.92
INV002362,SKU0156,ClassicWidgetB,88,2011-03-09,111.53,10089,Spain,Clothing,4442.75
INV002363,SKU0074,BasicWidgetH,74,2011-03-09,86.3,19015,Netherlands,Sports,2252.86
INV002364,SKU0371,EliteWidgetG,74,2011-03-09,29.54,10550,Belgium,Books,3210.17
INV002365,SKU0287,StandardWidgetD,36,2011-03-09,89.42,18251,Germany,HomeGarden,813.51
INV002366,SKU0129,EliteWidgetG,89,2011-03-09,113.43,15224,Belgium,Books,263.86
INV002367,SKU0174,PremiumWidgetA,57,2011-03-09,21.19,15581,Germany,HomeGarden,801.27
INV002368,SKU0461,PremiumWidgetA,74,2011-03-09,122.63,14178,Germany,Electronics,1259.97
INV002369,SKU0083,EliteWidgetG,83,2011-03-09,83.53,19435,Australia,Sports,3755.16
INV002370,SKU0021,ProWidgetF,45,2011-03-09,1.14,13479,UnitedKingdom,Toys,868.35
INV002371,SKU0458,StandardWidgetD,79,2011-03-09,78.21,19137,Spain,Electronics,654.14
INV002372,SKU0026,ProWidgetF,80,2011-03-09,59.65,19832,Germany,Sports,4638.12
INV002373,SKU0194,BasicWidgetH,2,2011-03-09,44.82,16091,France,Toys,3444.32
INV002374,SKU0336,BudgetWidgetE,93,2011-03-09,115.8,12633,Australia,Toys,2367.05
INV002375,SKU0381,PremiumWidgetA,68,2011-03-09,134.98,16790,Australia,Toys,475.75
INV002376,SKU0235,PremiumWidgetA,50,2011-03-10,114.52,13501,Germany,Books,4259.1
INV002377,SKU0439,StandardWidgetD,29,2011-03-10,127.09,10889,France,Books,542.18
INV002378,SKU0091,PremiumWidgetA,95,2011-03-10,136.36,18765,Netherlands,Clothing,3055.62
INV002379,SKU0476,BudgetWidgetE,81,2011-03-10,136.94,18704,Australia,Books,3338.71
INV002380,SKU0020,BudgetWidgetE,10,2011-03-10,17.64,17246,Germany,HomeGarden,2001.29
INV002381,SKU0302,BudgetWidgetE,27,2011-03-10,68.73,14160,Spain,Clothing,4556.17
INV002382,SKU0463,ClassicWidgetB,15,2011-03-10,0.54,14051,Germany,HomeGarden,254.45
INV002383,SKU0356,BudgetWidgetE,60,2011-03-10,76.22,12230,Spain,Clothing,4090.77
INV002384,SKU0442,BudgetWidgetE,31,2011-03-10,138.67,15185,Spain,HomeGarden,2769.42
INV002385,SKU0083,ClassicWidgetB,21,2011-03-10,30.27,17375,UnitedKingdom,Clothing,3056.41
INV002386,SKU0261,ProWidgetF,60,2011-03-10,96.15,16197,UnitedKingdom,Sports,4934.14
INV002387,SKU0146,BasicWidgetH,58,2011-03-10,96.83,12283,Belgium,Toys,2913.66
INV002388,SKU0440,DeluxeWidgetC,41,2011-03-10,24.47,14984,Netherlands,Sports,3985.34
INV002389,SKU0452,PremiumWidgetA,46,2011-03-10,36.16,10611,Netherlands,Clothing,768.5
INV002390,SKU0386,BudgetWidgetE,45,2011-03-10,69.57,18629,Spain,Electronics,4046.64
INV002391,SKU0256,PremiumWidgetA,26,2011-03-10,28.64,19651,Netherlands,Food,3805.6
INV002392,SKU0057,StandardWidgetD,51,2011-03-10,87.96,16837,Belgium,Clothing,4840.58
INV002393,SKU0379,PremiumWidgetA,36,2011-03-10,72.94,17106,Netherlands,Electronics,4678.62
INV002394,SKU0421,EliteWidgetG,52,2011-03-10,78.12,17275,Germany,Toys,1070.72
INV002395,SKU0014,ProWidgetF,81,2011-03-10,20.6,18715,Germany,HomeGarden,2325.2
INV002396,SKU0161,BasicWidgetH,51,2011-03-10,77.83,13577,Germany,Clothing,4557.5
INV002397,SKU0444,ClassicWidgetB,3,2011-03-10,7.9,16486,France,Electronics,3204.18
INV002398,SKU0162,PremiumWidgetA,14,2011-03-10,132.29,12261,Spain,Toys,2319.04
INV002399,SKU0319,PremiumWidgetA,49,2011-03-10,51.82,11023,Netherlands,Clothing,545.58
INV002400,SKU0496,PremiumWidgetA,77,2011-03-11,128.52,19771,France,Sports,1759.44
INV002401,SKU0280,DeluxeWidgetC,91,2011-03-11,105.4,18513,Australia,Sports,3326.53
INV002402,SKU0279,DeluxeWidgetC,1,2011-03-11,115.04,17235,Spain,Clothing,3884.8
INV002403,SKU0011,StandardWidgetD,57,2011-03-11,47.52,13757,Belgium,Clothing,2236.39
INV002404,SKU0273,ClassicWidgetB,17,2011-03-11,34.55,18068,Australia,Books,280.17
INV002405,SKU0270,PremiumWidgetA,50,2011-03-11,61.31,18641,Germany,Toys,3166.23
INV002406,SKU0491,PremiumWidgetA,98,2011-03-11,4.12,11284,Australia,Food,4608.01
INV002407,SKU0207,PremiumWidgetA,14,2011-03-11,137.85,11660,Germany,Sports,2482.56
INV002408,SKU0026,PremiumWidgetA,59,2011-03-11,58.36,15353,Belgium,HomeGarden,4642.2
INV002409,SKU0071,DeluxeWidgetC,81,2011-03-11,148.29,10903,Spain,Clothing,1771.15
INV002410,SKU0059,ProWidgetF,3,2011-03-11,114.34,19369,Spain,Books,4431.94
INV002411,SKU0429,ProWidgetF,98,2011-03-11,12.54,18521,Belgium,Food,3931.91
INV002412,SKU0472,StandardWidgetD,40,2011-03-11,99.2,18828,Belgium,Toys,4808.75
INV002413,SKU0144,EliteWidgetG,89,2011-03-11,40.99,16010,Netherlands,Clothing,3955.32
INV002414,SKU0092,BudgetWidgetE,66,2011-03-11,36.94,10412,France,Sports,1608.08
INV002415,SKU0308,ClassicWidgetB,34,2011-03-11,38.86,16639,Germany,Electronics,4502.94
INV002416,SKU0007,ProWidgetF,90,2011-03-11,137.45,13833,UnitedKingdom,Toys,3348.99
INV002417,SKU0078,EliteWidgetG,95,2011-03-11,75.25,12415,Belgium,Electronics,811.18
INV002418,SKU0026,BasicWidgetH,9,2011-03-11,100.59,12586,UnitedKingdom,Sports,230.78
INV002419,SKU0173,BasicWidgetH,94,2011-03-11,42.5,15571,Netherlands,HomeGarden,1829.86
INV002420,SKU0049,PremiumWidgetA,84,2011-03-11,78.68,19756,Belgium,Toys,3934.53
INV002421,SKU0499,BasicWidgetH,21,2011-03-11,52.84,18672,France,Books,3091.45
INV002422,SKU0198,ProWidgetF,93,2011-03-11,48.51,16557,Germany,Clothing,2636.11
INV002423,SKU0386,StandardWidgetD,25,2011-03-11,37.42,16280,Netherlands,Clothing,19.63
INV002424,SKU0348,BudgetWidgetE,44,2011-03-12,61.65,12882,France,Food,2178.07
INV002425,SKU0447,ProWidgetF,25,2011-03-12,99.17,12519,UnitedKingdom,Clothing,789.46
INV002426,SKU0427,StandardWidgetD,9,2011-03-12,33.7,14400,Germany,Books,2273.38
INV002427,SKU0180,BasicWidgetH,62,2011-03-12,144.83,18846,France,Books,4958.86
INV002428,SKU0023,DeluxeWidgetC,26,2011-03-12,19.13,10180,Australia,Sports,4397.81
INV002429,SKU0315,BudgetWidgetE,57,2011-03-12,72.29,14125,Germany,Books,1553.84
INV002430,SKU0377,StandardWidgetD,37,2011-03-12,13.21,13019,Australia,Clothing,2967.94
INV002431,SKU0386,EliteWidgetG,16,2011-03-12,3.89,10764,Spain,Toys,2510.97
INV002432,SKU0403,ProWidgetF,37,2011-03-12,138.44,14135,Spain,Food,651.1
INV002433,SKU0045,DeluxeWidgetC,76,2011-03-12,121.65,15038,Spain,Clothing,4949.04
INV002434,SKU0014,EliteWidgetG,24,2011-03-12,104.28,16799,Netherlands,Books,2126.45
INV002435,SKU0152,StandardWidgetD,26,2011-03-12,129.85,13390,France,Books,2528.79
INV002436,SKU0221,StandardWidgetD,20,2011-03-12,120.53,19974,Spain,Food,3238.35
INV002437,SKU0205,BasicWidgetH,9,2011-03-12,97.26,11064,Belgium,Sports,958.53
INV002438,SKU0454,EliteWidgetG,87,2011-03-12,127.18,12456,France,Electronics,1111.91
INV002439,SKU0272,ProWidgetF,29,2011-03-12,58.92,15681,France,Books,963.6
INV002440,SKU0381,BudgetWidgetE,31,2011-03-12,83.14,11346,France,Electronics,1922.94
INV002441,SKU0235,DeluxeWidgetC,19,2011-03-12,116.56,16997,Germany,HomeGarden,999.19
INV002442,SKU0339,BasicWidgetH,20,2011-03-12,13.18,19374,Belgium,Food,4632.05
INV002443,SKU0227,PremiumWidgetA,87,2011-03-12,128.87,14132,Australia,Electronics,3571.86
INV002444,SKU0008,ClassicWidgetB,27,2011-03-12,23.95,12453,Australia,Books,4489.28
INV002445,SKU0165,BudgetWidgetE,94,2011-03-12,129.75,10538,Netherlands,Clothing,4242.57
INV002446,SKU0431,BasicWidgetH,85,2011-03-12,47.04,12303,Spain,Clothing,3516.06
INV002447,SKU0443,DeluxeWidgetC,44,2011-03-12,49.35,16421,Netherlands,Books,1214.49
INV002448,SKU0318,EliteWidgetG,35,2011-03-13,11.56,10248,France,Sports,3076.98
INV002449,SKU0213,StandardWidgetD,71,2011-03-13,132.94,19232,UnitedKingdom,Toys,932.31
INV002450,SKU0116,EliteWidgetG,22,2011-03-13,26.59,11391,UnitedKingdom,Books,663.25
INV002451,SKU0385,BasicWidgetH,74,2011-03-13,94.69,12172,Belgium,Books,3163.24
INV002452,SKU0343,DeluxeWidgetC,87,2011-03-13,96.77,11335,France,Toys,3123.5
INV002453,SKU0071,EliteWidgetG,15,2011-03-13,42.53,12259,Spain,Sports,783.95
INV002454,SKU0394,EliteWidgetG,94,2011-03-13,147.86,16615,Australia,Sports,1762.79
INV002455,SKU0063,ClassicWidgetB,98,2011-03-13,10.09,15534,Netherlands,HomeGarden,332.34
INV002456,SKU0204,ProWidgetF,13,2011-03-13,91.38,18691,Germany,HomeGarden,3578.95
INV002457,SKU0208,BasicWidgetH,4,2011-03-13,72.19,10810,UnitedKingdom,HomeGarden,4937.49
INV002458,SKU0071,ClassicWidgetB,82,2011-03-13,37.2,14984,Belgium,Sports,3699.79
INV002459,SKU0276,BasicWidgetH,56,2011-03-13,24.95,17348,Netherlands,Electronics,4220.92
INV002460,SKU0273,PremiumWidgetA,23,2011-03-13,110.69,17556,UnitedKingdom,Books,2382.24
INV002461,SKU0477,PremiumWidgetA,97,2011-03-13,137.49,13713,Australia,Food,478.82
INV002462,SKU0319,ClassicWidgetB,98,2011-03-13,16.58,13704,Australia,HomeGarden,3633.31
INV002463,SKU0337,BudgetWidgetE,34,2011-03-13,29.5,11210,France,Food,1283.34
INV002464,SKU0365,BudgetWidgetE,99,2011-03-13,147.95,13745,France,Electronics,1942.08
INV002465,SKU0494,EliteWidgetG,17,2011-03-13,2.75,17791,UnitedKingdom,Books,3515.79
INV002466,SKU0094,EliteWidgetG,28,2011-03-13,76.48,11491,UnitedKingdom,Toys,4524.02
INV002467,SKU0165,StandardWidgetD,14,2011-03-13,77.66,17301,Netherlands,Toys,2431.76
INV002468,SKU0031,PremiumWidgetA,34,2011-03-13,39.84,16460,France,Toys,4808.07
INV002469,SKU0010,BasicWidgetH,75,2011-03-13,99.62,13048,Belgium,Food,2600.0
INV002470,SKU0300,StandardWidgetD,57,2011-03-13,141.77,14919,Belgium,Electronics,613.43
INV002471,SKU0216,PremiumWidgetA,77,2011-03-13,67.81,12934,Australia,Toys,2592.65
INV002472,SKU0288,ClassicWidgetB,97,2011-03-14,112.54,16110,Spain,Clothing,4303.28
INV002473,SKU0101,BudgetWidgetE,55,2011-03-14,97.09,11817,Netherlands,Clothing,2690.69
INV002474,SKU0424,EliteWidgetG,66,2011-03-14,71.2,16613,Netherlands,Toys,3739.03
INV002475,SKU0391,BudgetWidgetE,98,2011-03-14,7.95,14319,Germany,Food,2740.24
INV002476,SKU0266,ClassicWidgetB,93,2011-03-14,111.39,11275,Belgium,Books,2730.73
INV002477,SKU0213,StandardWidgetD,37,2011-03-14,54.81,17231,Spain,Electronics,1424.52
INV002478,SKU0178,StandardWidgetD,68,2011-03-14,34.06,12877,Australia,Electronics,1007.1
INV002479,SKU0087,DeluxeWidgetC,76,2011-03-14,142.27,14014,Netherlands,Toys,1395.32
INV002480,SKU0040,EliteWidgetG,26,2011-03-14,116.14,14087,Spain,Sports,2204.75
INV002481,SKU0400,EliteWidgetG,61,2011-03-14,144.36,11147,Germany,Food,4048.14
INV002482,SKU0075,BasicWidgetH,92,2011-03-14,38.8,10237,Spain,HomeGarden,4145.13
INV002483,SKU0376,EliteWidgetG,67,2011-03-14,125.45,12122,France,Food,817.73
INV002484,SKU0045,PremiumWidgetA,84,2011-03-14,91.35,17609,Australia,Books,2764.72
INV002485,SKU0159,StandardWidgetD,74,2011-03-14,147.23,14595,France,Electronics,2080.72
INV002486,SKU0462,ClassicWidgetB,52,2011-03-14,141.97,19737,Germany,HomeGarden,2855.11
INV002487,SKU0079,StandardWidgetD,18,2011-03-14,145.96,13983,Belgium,Toys,3238.47
INV002488,SKU0309,BudgetWidgetE,53,2011-03-14,142.79,18134,Australia,Books,1398.78
INV002489,SKU0085,PremiumWidgetA,63,2011-03-14,1.65,15606,UnitedKingdom,Electronics,4596.29
INV002490,SKU0091,EliteWidgetG,53,2011-03-14,111.29,19178,UnitedKingdom,Toys,4677.31
INV002491,SKU0147,BasicWidgetH,27,2011-03-14,41.15,11623,UnitedKingdom,Clothing,527.68
INV002492,SKU0160,BasicWidgetH,31,2011-03-14,105.9,17226,Spain,Electronics,3515.39
INV002493,SKU0201,BasicWidgetH,91,2011-03-14,147.1,10722,Netherlands,Clothing,167.13
INV002494,SKU0423,ProWidgetF,1,2011-03-14,6.38,11095,Spain,Toys,233.77
INV002495,SKU0415,DeluxeWidgetC,6,2011-03-14,85.26,13827,Spain,Clothing,4789.04
INV002496,SKU0241,PremiumWidgetA,11,2011-03-15,110.38,14285,Spain,Sports,3474.57
INV002497,SKU0352,BudgetWidgetE,34,2011-03-15,38.38,10995,Spain,Toys,1623.38
INV002498,SKU0001,EliteWidgetG,84,2011-03-15,34.16,15681,Belgium,Toys,3349.72
INV002499,SKU0224,BudgetWidgetE,63,2011-03-15,9.52,14661,UnitedKingdom,Sports,4229.33
INV002500,SKU0288,BudgetWidgetE,53,2011-03-15,14.54,10992,Netherlands,HomeGarden,4354.65
INV002501,SKU0232,EliteWidgetG,85,2011-03-15,98.68,12783,Netherlands,Books,103.58
INV002502,SKU0460,BudgetWidgetE,85,2011-03-15,76.03,18347,Germany,HomeGarden,4091.32
INV002503,SKU0413,BasicWidgetH,18,2011-03-15,5.0,15682,UnitedKingdom,Food,4266.16
INV002504,SKU0416,ClassicWidgetB,21,2011-03-15,145.46,19968,Australia,Sports,2978.26
INV002505,SKU0076,DeluxeWidgetC,19,2011-03-15,98.58,15961,Spain,HomeGarden,2400.04
INV002506,SKU0115,ProWidgetF,4,2011-03-15,77.56,14768,Netherlands,Books,555.88
INV002507,SKU0153,BudgetWidgetE,77,2011-03-15,41.27,15760,Germany,Books,1198.83
INV002508,SKU0405,BudgetWidgetE,82,2011-03-15,98.89,15204,Netherlands,Electronics,2452.94
INV002509,SKU0102,StandardWidgetD,29,2011-03-15,54.94,17552,Australia,HomeGarden,4325.53
INV002510,SKU0193,DeluxeWidgetC,25,2011-03-15,105.52,18246,Australia,Sports,4015.87
INV002511,SKU0165,PremiumWidgetA,56,2011-03-15,102.54,10084,UnitedKingdom,Electronics,2480.15
INV002512,SKU0358,DeluxeWidgetC,77,2011-03-15,14.37,15976,Belgium,HomeGarden,3928.35
INV002513,SKU0089,DeluxeWidgetC,63,2011-03-15,136.43,18147,Netherlands,Toys,3828.9
INV002514,SKU0173,EliteWidgetG,27,2011-03-15,73.3,17084,Belgium,Books,2895.5
INV002515,SKU0121,EliteWidgetG,60,2011-03-15,59.25,12779,Australia,Sports,1102.41
INV002516,SKU0497,EliteWidgetG,83,2011-03-15,143.34,16055,France,Toys,1740.67
INV002517,SKU0142,ProWidgetF,49,2011-03-15,66.01,12669,Australia,HomeGarden,821.16
INV002518,SKU0481,BasicWidgetH,65,2011-03-15,108.32,11008,Australia,Books,36.75
INV002519,SKU0105,DeluxeWidgetC,38,2011-03-15,98.44,12364,Netherlands,Books,403.55
INV002520,SKU0374,ProWidgetF,83,2011-03-16,25.19,13686,Spain,Toys,3798.37
INV002521,SKU0427,BudgetWidgetE,52,2011-03-16,148.68,16768,Australia,HomeGarden,168.4
INV002522,SKU0304,EliteWidgetG,1,2011-03-16,69.81,12199,Germany,HomeGarden,1999.86
INV002523,SKU0359,BudgetWidgetE,40,2011-03-16,59.52,19551,Spain,Sports,4928.92
INV002524,SKU0458,EliteWidgetG,81,2011-03-16,137.98,10909,Australia,Electronics,3976.4
INV002525,SKU0316,ClassicWidgetB,21,2011-03-16,79.62,13439,France,Books,3753.34
INV002526,SKU0450,ProWidgetF,86,2011-03-16,105.91,15882,Australia,Electronics,1374.27
INV002527,SKU0122,ProWidgetF,15,2011-03-16,127.01,12913,UnitedKingdom,Electronics,3209.01
INV002528,SKU0389,BasicWidgetH,50,2011-03-16,35.71,14695,Netherlands,Books,2494.06
INV002529,SKU0008,PremiumWidgetA,48,2011-03-16,25.84,11006,France,HomeGarden,3119.5
INV002530,SKU0261,StandardWidgetD,32,2011-03-16,10.74,17114,Germany,Books,2179.64
INV002531,SKU0072,DeluxeWidgetC,49,2011-03-16,134.62,11143,Belgium,Toys,2655.28
INV002532,SKU0358,PremiumWidgetA,68,2011-03-16,30.45,17552,Australia,Electronics,4941.99
INV002533,SKU0222,ProWidgetF,45,2011-03-16,46.51,11224,Australia,Sports,1647.23
INV002534,SKU0415,PremiumWidgetA,32,2011-03-16,43.23,14495,Belgium,Books,1083.05
INV002535,SKU0040,ClassicWidgetB,4,2011-03-16,46.04,18259,Belgium,Food,2243.02
INV002536,SKU0369,StandardWidgetD,65,2011-03-16,100.38,19206,Belgium,Sports,2622.08
INV002537,SKU0203,BasicWidgetH,97,2011-03-16,143.14,10181,Germany,HomeGarden,429.06
INV002538,SKU0263,ProWidgetF,71,2011-03-16,49.75,16332,Belgium,HomeGarden,4030.05
INV002539,SKU0327,ProWidgetF,73,2011-03-16,61.44,14946,Australia,Toys,2110.84
INV002540,SKU0177,DeluxeWidgetC,65,2011-03-16,115.79,17450,Belgium,Sports,2066.52
INV002541,SKU0347,BasicWidgetH,80,2011-03-16,65.13,12945,UnitedKingdom,Food,3294.54
INV002542,SKU0317,BasicWidgetH,18,2011-03-16,138.94,18846,Spain,Sports,3866.45
INV002543,SKU0083,EliteWidgetG,54,2011-03-16,75.73,13686,Spain,Books,4929.72
INV002544,SKU0317,StandardWidgetD,47,2011-03-17,52.49,12288,France,HomeGarden,868.42
INV002545,SKU0110,ClassicWidgetB,6,2011-03-17,145.75,12831,Australia,Sports,1728.43
INV002546,SKU0250,BudgetWidgetE,66,2011-03-17,64.15,18913,Germany,Clothing,842.12
INV002547,SKU0382,PremiumWidgetA,9,2011-03-17,35.06,13248,Belgium,Books,4404.39
INV002548,SKU0006,BasicWidgetH,68,2011-03-17,27.07,19392,Germany,Books,2742.92
INV002549,SKU0458,DeluxeWidgetC,23,2011-03-17,149.28,18501,France,Clothing,4262.35
INV002550,SKU0083,ProWidgetF,43,2011-03-17,113.07,11025,UnitedKingdom,Food,4926.14
INV002551,SKU0207,BudgetWidgetE,51,2011-03-17,61.59,14412,France,HomeGarden,2751.48
INV002552,SKU0387,ClassicWidgetB,72,2011-03-17,124.04,15902,Australia,Sports,591.64
INV002553,SKU0389,StandardWidgetD,25,2011-03-17,82.25,19724,Spain,Sports,1806.98
INV002554,SKU0313,BasicWidgetH,80,2011-03-17,47.95,13643,UnitedKingdom,HomeGarden,181.91
INV002555,SKU0021,PremiumWidgetA,35,2011-03-17,111.64,18559,UnitedKingdom,Food,4246.66
INV002556,SKU0409,BasicWidgetH,17,2011-03-17,112.01,14650,Germany,Clothing,90.42
INV002557,SKU0382,DeluxeWidgetC,18,2011-03-17,75.28,11249,UnitedKingdom,Clothing,2961.33
INV002558,SKU0002,BasicWidgetH,27,2011-03-17,7.25,12983,Australia,Food,531.56
INV002559,SKU0126,BasicWidgetH,15,2011-03-17,12.01,14575,Belgium,Clothing,38.78
INV002560,SKU0296,BasicWidgetH,81,2011-03-17,118.42,17447,Australia,Books,1281.5
INV002561,SKU0187,ProWidgetF,69,2011-03-17,123.61,19131,Belgium,Food,2759.71
INV002562,SKU0361,ProWidgetF,80,2011-03-17,101.9,14109,Australia,Sports,376.36
INV002563,SKU0013,BudgetWidgetE,15,2011-03-17,125.94,14023,Spain,Electronics,3074.82
INV002564,SKU0458,BudgetWidgetE,42,2011-03-17,108.06,17969,Netherlands,Books,3360.29
INV002565,SKU0465,PremiumWidgetA,34,2011-03-17,134.59,10589,UnitedKingdom,Books,4848.52
INV002566,SKU0011,StandardWidgetD,48,2011-03-17,22.98,11782,UnitedKingdom,Sports,4497.79
INV002567,SKU0086,ClassicWidgetB,83,2011-03-17,58.47,14568,Australia,HomeGarden,2834.39
INV002568,SKU0011,EliteWidgetG,8,2011-03-18,69.88,19399,Belgium,Food,3967.03
INV002569,SKU0396,StandardWidgetD,10,2011-03-18,45.0,14412,Germany,Food,1818.84
INV002570,SKU0024,StandardWidgetD,5,2011-03-18,108.94,19038,Spain,Toys,2928.98
INV002571,SKU0300,StandardWidgetD,48,2011-03-18,136.91,14680,UnitedKingdom,Sports,2017.37
INV002572,SKU0242,EliteWidgetG,26,2011-03-18,62.17,18990,Netherlands,HomeGarden,1685.87
INV002573,SKU0121,PremiumWidgetA,86,2011-03-18,141.26,10470,UnitedKingdom,Sports,3638.47
INV002574,SKU0146,EliteWidgetG,23,2011-03-18,77.76,14827,France,Books,1484.06
INV002575,SKU0054,PremiumWidgetA,62,2011-03-18,78.62,15067,Netherlands,Food,1903.38
INV002576,SKU0237,EliteWidgetG,13,2011-03-18,90.23,12994,Germany,Toys,1836.49
INV002577,SKU0355,ClassicWidgetB,9,2011-03-18,40.62,13129,Netherlands,Food,4352.15
INV002578,SKU0172,BasicWidgetH,20,2011-03-18,57.81,16167,Netherlands,Clothing,852.85
INV002579,SKU0391,StandardWidgetD,92,2011-03-18,83.21,11313,UnitedKingdom,Books,1908.0
INV002580,SKU0220,BasicWidgetH,57,2011-03-18,141.33,16546,Netherlands,Books,4439.46
INV002581,SKU0118,PremiumWidgetA,24,2011-03-18,96.58,19239,Australia,Electronics,77.51
INV002582,SKU0308,EliteWidgetG,33,2011-03-18,50.3,19279,Spain,Books,4739.39
INV002583,SKU0182,ClassicWidgetB,20,2011-03-18,2.07,17934,Netherlands,Books,4494.6
INV002584,SKU0287,EliteWidgetG,60,2011-03-18,147.26,15358,UnitedKingdom,Books,2089.82
INV002585,SKU0306,BasicWidgetH,48,2011-03-18,74.2,10282,Australia,Toys,3265.47
INV002586,SKU0299,ProWidgetF,64,2011-03-18,140.81,17609,Germany,Electronics,4955.34
INV002587,SKU0081,ClassicWidgetB,30,2011-03-18,82.63,11398,France,HomeGarden,2775.19
INV002588,SKU0453,StandardWidgetD,73,2011-03-18,91.02,12733,Netherlands,Toys,485.4
INV002589,SKU0401,DeluxeWidgetC,17,2011-03-18,106.93,14067,Australia,Toys,4268.35
INV002590,SKU0210,StandardWidgetD,14,2011-03-18,48.49,12357,Australia,Food,671.62
INV002591,SKU0149,DeluxeWidgetC,19,2011-03-18,105.0,13238,Germany,Food,1287.1
INV002592,SKU0036,ClassicWidgetB,71,2011-03-19,79.26,19964,Germany,Food,4367.7
INV002593,SKU0351,ProWidgetF,59,2011-03-19,101.04,17989,France,Food,1280.89
INV002594,SKU0311,BasicWidgetH,67,2011-03-19,125.46,17210,France,Food,3725.68
INV002595,SKU0360,ProWidgetF,97,2011-03-19,28.04,10787,UnitedKingdom,Electronics,2238.92
INV002596,SKU0058,PremiumWidgetA,44,2011-03-19,92.23,18234,France,Clothing,3798.98
INV002597,SKU0130,ProWidgetF,32,2011-03-19,8.29,15784,France,HomeGarden,1162.53
INV002598,SKU0411,BudgetWidgetE,11,2011-03-19,15.77,14643,Belgium,Food,2098.41
INV002599,SKU0201,ClassicWidgetB,2,2011-03-19,101.35,14321,Australia,Toys,1591.49
INV002600,SKU0242,BasicWidgetH,90,2011-03-19,11.11,14728,Netherlands,Toys,1245.97
INV002601,SKU0034,BasicWidgetH,68,2011-03-19,89.51,15640,Belgium,Electronics,1572.83
INV002602,SKU0444,PremiumWidgetA,17,2011-03-19,33.39,13410,Belgium,Clothing,1615.64
INV002603,SKU0092,BasicWidgetH,81,2011-03-19,45.96,11358,Belgium,Food,4776.94
INV002604,SKU0437,ProWidgetF,92,2011-03-19,19.88,19396,Netherlands,Clothing,2666.62
INV002605,SKU0446,ClassicWidgetB,94,2011-03-19,37.68,10537,Spain,Sports,2310.8
INV002606,SKU0206,StandardWidgetD,40,2011-03-19,123.28,13868,France,Food,2517.09
INV002607,SKU0352,ProWidgetF,87,2011-03-19,96.01,14576,Belgium,Sports,4980.66
INV002608,SKU0390,EliteWidgetG,46,2011-03-19,142.49,14525,Spain,Toys,3268.29
INV002609,SKU0331,DeluxeWidgetC,88,2011-03-19,7.79,13583,Spain,Toys,3517.73
INV002610,SKU0304,ClassicWidgetB,93,2011-03-19,118.97,17898,UnitedKingdom,Books,1568.8
INV002611,SKU0349,BasicWidgetH,4,2011-03-19,105.01,11350,UnitedKingdom,HomeGarden,2358.22
INV002612,SKU0212,PremiumWidgetA,38,2011-03-19,39.5,19136,Netherlands,Electronics,921.14
INV002613,SKU0158,StandardWidgetD,63,2011-03-19,109.51,13856,Germany,Books,3426.26
INV002614,SKU0441,BudgetWidgetE,29,2011-03-19,107.62,12625,Australia,HomeGarden,1723.13
INV002615,SKU0444,StandardWidgetD,19,2011-03-19,69.17,14307,France,Toys,3741.69
INV002616,SKU0023,ProWidgetF,91,2011-03-20,103.45,19042,Australia,Sports,1066.59
INV002617,SKU0403,DeluxeWidgetC,29,2011-03-20,66.96,12925,Belgium,Electronics,2018.11
INV002618,SKU0292,StandardWidgetD,35,2011-03-20,50.66,19187,France,Clothing,2356.45
INV002619,SKU0003,BudgetWidgetE,70,2011-03-20,70.24,16714,France,Clothing,833.46
INV002620,SKU0219,EliteWidgetG,23,2011-03-20,134.32,17197,Spain,Books,348.89
INV002621,SKU0363,PremiumWidgetA,46,2011-03-20,58.0,16006,Netherlands,Books,1586.02
INV002622,SKU0381,ClassicWidgetB,44,2011-03-20,60.85,18541,Australia,Electronics,2724.92
INV002623,SKU0019,DeluxeWidgetC,48,2011-03-20,91.46,11537,Australia,Clothing,3263.74
INV002624,SKU0443,BudgetWidgetE,52,2011-03-20,113.07,12728,Germany,Food,2126.93
INV002625,SKU0151,BasicWidgetH,8,2011-03-20,110.33,17381,Germany,Food,2501.89
INV002626,SKU0049,ProWidgetF,55,2011-03-20,3.46,14346,Australia,Books,2716.42
INV002627,SKU0176,ProWidgetF,66,2011-03-20,103.27,12366,Germany,Clothing,2560.04
INV002628,SKU0434,ProWidgetF,77,2011-03-20,67.86,17028,Germany,Sports,452.55
INV002629,SKU0095,BasicWidgetH,40,2011-03-20,78.85,16868,France,Books,2025.6
INV002630,SKU0104,BasicWidgetH,85,2011-03-20,84.47,13875,Netherlands,Toys,1022.45
INV002631,SKU0419,DeluxeWidgetC,31,2011-03-20,109.89,16041,Belgium,Food,2669.15
INV002632,SKU0249,StandardWidgetD,48,2011-03-20,124.78,13601,France,HomeGarden,3790.62
INV002633,SKU0116,DeluxeWidgetC,61,2011-03-20,97.12,14174,Spain,Books,2897.85
INV002634,SKU0353,ProWidgetF,52,2011-03-20,84.8,10923,Germany,Sports,1109.89
INV002635,SKU0227,EliteWidgetG,38,2011-03-20,56.38,10618,France,Electronics,1039.58
INV002636,SKU0065,BudgetWidgetE,91,2011-03-20,21.11,14400,France,Food,185.95
INV002637,SKU0334,ClassicWidgetB,36,2011-03-20,143.81,16342,UnitedKingdom,Clothing,2132.48
INV002638,SKU0417,ClassicWidgetB,87,2011-03-20,69.55,13303,France,Food,2164.87
INV002639,SKU0419,DeluxeWidgetC,55,2011-03-20,85.15,19239,France,Toys,1182.95
INV002640,SKU0261,ProWidgetF,85,2011-03-21,112.79,19890,Netherlands,Electronics,3821.53
INV002641,SKU0294,BasicWidgetH,13,2011-03-21,10.73,15580,Australia,Food,1933.05
INV002642,SKU0425,PremiumWidgetA,37,2011-03-21,128.32,17600,UnitedKingdom,Books,3347.34
INV002643,SKU0242,EliteWidgetG,47,2011-03-21,119.66,18122,UnitedKingdom,HomeGarden,3200.71
INV002644,SKU0370,DeluxeWidgetC,90,2011-03-21,116.28,10082,UnitedKingdom,Electronics,3024.1
INV002645,SKU0185,ProWidgetF,71,2011-03-21,3.79,10092,Spain,Food,4540.42
INV002646,SKU0245,StandardWidgetD,22,2011-03-21,79.21,16760,UnitedKingdom,HomeGarden,80.43
INV002647,SKU0124,ClassicWidgetB,39,2011-03-21,8.61,17375,Netherlands,Books,341.12
INV002648,SKU0267,ClassicWidgetB,87,2011-03-21,82.86,17837,Australia,Food,3610.98
INV002649,SKU0130,EliteWidgetG,58,2011-03-21,107.91,16724,Spain,HomeGarden,1768.28
INV002650,SKU0236,ClassicWidgetB,30,2011-03-21,18.72,13048,Netherlands,HomeGarden,4932.63
INV002651,SKU0017,PremiumWidgetA,18,2011-03-21,104.39,11467,UnitedKingdom,Sports,1082.85
INV002652,SKU0039,ProWidgetF,18,2011-03-21,67.71,15489,Australia,Food,917.91
INV002653,SKU0020,ProWidgetF,74,2011-03-21,121.83,12698,Netherlands,Electronics,2941.52
INV002654,SKU0398,EliteWidgetG,39,2011-03-21,80.27,18983,Australia,Books,1397.85
INV002655,SKU0224,ProWidgetF,94,2011-03-21,50.75,10475,Spain,Sports,1703.12
INV002656,SKU0354,BasicWidgetH,26,2011-03-21,50.13,18695,Netherlands,HomeGarden,4605.2
INV002657,SKU0281,EliteWidgetG,71,2011-03-21,134.67,10230,Belgium,Sports,132.19
INV002658,SKU0007,ProWidgetF,7,2011-03-21,68.2,17021,Australia,Sports,2656.77
INV002659,SKU0099,PremiumWidgetA,69,2011-03-21,61.16,19778,Netherlands,HomeGarden,1675.16
INV002660,SKU0239,BudgetWidgetE,65,2011-03-21,6.46,19966,UnitedKingdom,Books,1730.61
INV002661,SKU0477,DeluxeWidgetC,46,2011-03-21,54.97,16833,UnitedKingdom,Food,1239.8
INV002662,SKU0086,DeluxeWidgetC,18,2011-03-21,127.52,12256,UnitedKingdom,Clothing,675.12
INV002663,SKU0297,ProWidgetF,13,2011-03-21,114.27,13970,Spain,Sports,173.37
INV002664,SKU0427,StandardWidgetD,25,2011-03-22,33.53,14838,Belgium,Electronics,4938.49
INV002665,SKU0013,ClassicWidgetB,8,2011-03-22,62.25,10383,Netherlands,HomeGarden,3302.17
INV002666,SKU0333,PremiumWidgetA,74,2011-03-22,29.89,10760,Australia,Clothing,3886.25
INV002667,SKU0001,StandardWidgetD,32,2011-03-22,143.16,15243,Australia,Sports,325.95
INV002668,SKU0374,BasicWidgetH,17,2011-03-22,89.92,13952,Germany,HomeGarden,75.17
INV002669,SKU0292,StandardWidgetD,79,2011-03-22,113.28,10942,France,HomeGarden,3001.84
INV002670,SKU0324,ProWidgetF,79,2011-03-22,107.21,12695,Belgium,Sports,3619.43
INV002671,SKU0421,PremiumWidgetA,48,2011-03-22,131.12,11296,Belgium,Food,1974.94
INV002672,SKU0492,DeluxeWidgetC,63,2011-03-22,142.42,12147,UnitedKingdom,Toys,1939.39
INV002673,SKU0040,ClassicWidgetB,40,2011-03-22,5.35,16874,UnitedKingdom,Toys,1923.01
INV002674,SKU0317,DeluxeWidgetC,84,2011-03-22,146.31,19831,UnitedKingdom,Electronics,764.63
INV002675,SKU0315,StandardWidgetD,15,2011-03-22,130.65,14396,Germany,HomeGarden,3769.81
INV002676,SKU0380,BasicWidgetH,99,2011-03-22,57.75,10608,Germany,HomeGarden,1076.75
INV002677,SKU0110,ClassicWidgetB,6,2011-03-22,125.64,10881,Germany,Sports,1622.73
INV002678,SKU0013,BudgetWidgetE,94,2011-03-22,110.62,17316,UnitedKingdom,Clothing,3356.63
INV002679,SKU0230,StandardWidgetD,63,2011-03-22,119.07,14891,Australia,HomeGarden,1.52
INV002680,SKU0472,DeluxeWidgetC,8,2011-03-22,33.49,16480,UnitedKingdom,Food,3831.52
INV002681,SKU0083,DeluxeWidgetC,95,2011-03-22,97.46,17505,Belgium,HomeGarden,4495.57
INV002682,SKU0129,ProWidgetF,32,2011-03-22,4.38,11994,Germany,Sports,259.04
INV002683,SKU0230,DeluxeWidgetC,45,2011-03-22,127.31,11323,Germany,Toys,2958.53
INV002684,SKU0325,PremiumWidgetA,52,2011-03-22,142.68,17768,France,HomeGarden,2042.89
INV002685,SKU0144,StandardWidgetD,79,2011-03-22,99.49,11011,Netherlands,Food,393.24
INV002686,SKU0378,EliteWidgetG,82,2011-03-22,77.14,16903,France,Sports,3411.47
INV002687,SKU0344,EliteWidgetG,13,2011-03-22,109.0,10688,France,Electronics,3061.98
INV002688,SKU0027,BasicWidgetH,24,2011-03-23,49.29,14068,UnitedKingdom,Sports,3213.66
INV002689,SKU0065,ClassicWidgetB,40,2011-03-23,94.14,19434,Netherlands,Food,4067.66
INV002690,SKU0162,DeluxeWidgetC,14,2011-03-23,107.99,13447,Belgium,Toys,1435.31
INV002691,SKU0228,ProWidgetF,92,2011-03-23,21.83,17897,Netherlands,Clothing,3385.66
INV002692,SKU0260,ProWidgetF,75,2011-03-23,21.44,17255,UnitedKingdom,HomeGarden,3716.85
INV002693,SKU0448,DeluxeWidgetC,70,2011-03-23,107.56,18075,Australia,Electronics,844.91
INV002694,SKU0423,PremiumWidgetA,62,2011-03-23,65.05,18632,Spain,HomeGarden,4785.38
INV002695,SKU0459,ProWidgetF,89,2011-03-23,133.44,19416,Belgium,HomeGarden,1700.57
INV002696,SKU0439,EliteWidgetG,61,2011-03-23,47.13,12462,UnitedKingdom,Food,3568.83
INV002697,SKU0163,ClassicWidgetB,1,2011-03-23,6.84,15123,Australia,Toys,3770.35
INV002698,SKU0300,StandardWidgetD,89,2011-03-23,97.66,14178,Belgium,Sports,2520.65
INV002699,SKU0406,BudgetWidgetE,66,2011-03-23,102.79,16149,Australia,HomeGarden,644.46
INV002700,SKU0302,PremiumWidgetA,32,2011-03-23,83.26,11752,Netherlands,Toys,1379.04
INV002701,SKU0286,BasicWidgetH,13,2011-03-23,102.66,14629,UnitedKingdom,Electronics,1172.0
INV002702,SKU0394,BasicWidgetH,33,2011-03-23,78.8,15916,UnitedKingdom,Food,2593.69
INV002703,SKU0009,ProWidgetF,32,2011-03-23,104.05,14546,Netherlands,Toys,1307.08
INV002704,SKU0194,StandardWidgetD,56,2011-03-23,7.07,13359,France,Toys,2734.31
INV002705,SKU0117,BudgetWidgetE,24,2011-03-23,55.58,15013,UnitedKingdom,Toys,1441.75
INV002706,SKU0269,BasicWidgetH,91,2011-03-23,32.02,17604,Spain,Food,5.89
INV002707,SKU0079,DeluxeWidgetC,4,2011-03-23,15.35,14014,Belgium,Books,1816.92
INV002708,SKU0457,DeluxeWidgetC,88,2011-03-23,35.5,10899,Spain,Toys,3034.65
INV002709,SKU0092,ClassicWidgetB,23,2011-03-23,29.1,11189,Germany,HomeGarden,3868.71
INV002710,SKU0265,BudgetWidgetE,29,2011-03-23,145.98,10652,Germany,Toys,142.79
INV002711,SKU0331,DeluxeWidgetC,98,2011-03-23,43.34,17996,UnitedKingdom,Sports,1292.31
INV002712,SKU0349,BasicWidgetH,21,2011-03-24,35.03,10982,Australia,Clothing,4927.33
INV002713,SKU0360,DeluxeWidgetC,30,2011-03-24,125.31,10575,Spain,HomeGarden,1309.82
INV002714,SKU0256,EliteWidgetG,90,2011-03-24,63.16,18524,Spain,Toys,3886.21
INV002715,SKU0132,ProWidgetF,20,2011-03-24,63.51,14307,Netherlands,Toys,2547.36
INV002716,SKU0275,BasicWidgetH,16,2011-03-24,66.82,18480,Belgium,Sports,611.75
INV002717,SKU0263,BasicWidgetH,67,2011-03-24,62.77,16753,Spain,HomeGarden,3217.36
INV002718,SKU0170,BasicWidgetH,49,2011-03-24,49.32,17740,Australia,Books,4831.74
INV002719,SKU0459,ClassicWidgetB,58,2011-03-24,43.31,11055,Germany,Books,4434.26
INV002720,SKU0000,StandardWidgetD,44,2011-03-24,132.35,16026,Germany,Electronics,3451.77
INV002721,SKU0312,BasicWidgetH,25,2011-03-24,24.68,14369,Belgium,Books,2561.23
INV002722,SKU0063,DeluxeWidgetC,23,2011-03-24,27.57,11324,Netherlands,Food,1597.35
INV002723,SKU0373,EliteWidgetG,59,2011-03-24,85.97,13595,Germany,Food,1785.48
INV002724,SKU0467,BasicWidgetH,1,2011-03-24,51.88,13827,Belgium,Sports,1731.69
INV002725,SKU0283,PremiumWidgetA,97,2011-03-24,63.52,12323,France,Books,4610.49
INV002726,SKU0120,PremiumWidgetA,15,2011-03-24,121.08,11882,Germany,Sports,1057.35
INV002727,SKU0106,StandardWidgetD,81,2011-03-24,135.59,11153,Spain,HomeGarden,1890.77
INV002728,SKU0420,BudgetWidgetE,98,2011-03-24,118.69,13370,Australia,Electronics,2160.38
INV002729,SKU0174,ClassicWidgetB,81,2011-03-24,35.62,18288,Australia,Toys,2045.1
INV002730,SKU0484,EliteWidgetG,52,2011-03-24,147.01,10276,France,Toys,21.99
INV002731,SKU0203,ProWidgetF,58,2011-03-24,54.79,15404,Belgium,Toys,1355.6
INV002732,SKU0164,EliteWidgetG,41,2011-03-24,25.78,15292,Australia,Electronics,2493.34
INV002733,SKU0304,PremiumWidgetA,44,2011-03-24,75.17,18523,Belgium,Toys,3802.71
INV002734,SKU0496,PremiumWidgetA,4,2011-03-24,108.93,14198,Australia,Books,2847.8
INV002735,SKU0119,StandardWidgetD,77,2011-03-24,12.95,13696,Belgium,Food,1924.93
INV002736,SKU0043,BudgetWidgetE,68,2011-03-25,95.33,13202,Australia,Toys,3326.04
INV002737,SKU0311,BudgetWidgetE,7,2011-03-25,128.78,12086,UnitedKingdom,Toys,3329.8
INV002738,SKU0155,StandardWidgetD,46,2011-03-25,39.64,10306,France,Clothing,1240.38
INV002739,SKU0366,BasicWidgetH,9,2011-03-25,104.12,10883,Belgium,Food,519.77
INV002740,SKU0206,EliteWidgetG,87,2011-03-25,60.29,16663,France,Books,4016.11
INV002741,SKU0389,PremiumWidgetA,33,2011-03-25,62.41,16189,Germany,Toys,2649.38
INV002742,SKU0107,EliteWidgetG,33,2011-03-25,42.48,14289,Spain,Clothing,883.45
INV002743,SKU0250,EliteWidgetG,84,2011-03-25,93.85,13589,France,Books,1311.09
INV002744,SKU0444,ClassicWidgetB,4,2011-03-25,54.47,13641,Belgium,Sports,3832.36
INV002745,SKU0403,PremiumWidgetA,65,2011-03-25,124.72,17336,Netherlands,Sports,3266.71
INV002746,SKU0369,BudgetWidgetE,34,2011-03-25,144.45,15108,France,Toys,4725.89
INV002747,SKU0333,ProWidgetF,91,2011-03-25,140.3,12162,Belgium,Toys,2325.27
INV002748,SKU0129,EliteWidgetG,85,2011-03-25,24.89,16709,Netherlands,Clothing,261.88
INV002749,SKU0456,PremiumWidgetA,88,2011-03-25,2.62,15167,Australia,Electronics,3502.41
INV002750,SKU0292,EliteWidgetG,79,2011-03-25,66.05,13141,Spain,Clothing,1275.3
INV002751,SKU0019,ClassicWidgetB,99,2011-03-25,109.47,16131,Belgium,HomeGarden,1619.95
INV002752,SKU0281,BasicWidgetH,64,2011-03-25,146.63,14603,Netherlands,Electronics,984.04
INV002753,SKU0284,DeluxeWidgetC,25,2011-03-25,117.62,10154,Spain,Clothing,1545.37
INV002754,SKU0000,PremiumWidgetA,55,2011-03-25,87.29,13630,Spain,Food,4147.57
INV002755,SKU0118,StandardWidgetD,9,2011-03-25,4.44,18652,UnitedKingdom,Food,2883.99
INV002756,SKU0034,DeluxeWidgetC,17,2011-03-25,123.92,11396,Belgium,HomeGarden,546.66
INV002757,SKU0197,EliteWidgetG,21,2011-03-25,26.98,18982,Spain,HomeGarden,2933.43
INV002758,SKU0484,StandardWidgetD,60,2011-03-25,8.81,16797,Australia,Food,3168.18
INV002759,SKU0244,StandardWidgetD,13,2011-03-25,127.63,16594,Belgium,Toys,4424.23
INV002760,SKU0058,StandardWidgetD,3,2011-03-26,85.15,13709,Belgium,Food,4298.37
INV002761,SKU0324,PremiumWidgetA,68,2011-03-26,19.72,11867,Netherlands,Books,315.31
INV002762,SKU0160,BudgetWidgetE,4,2011-03-26,58.29,19880,Spain,Toys,4333.62
INV002763,SKU0496,EliteWidgetG,92,2011-03-26,13.29,10576,Australia,Clothing,255.37
INV002764,SKU0178,DeluxeWidgetC,7,2011-03-26,95.88,17263,UnitedKingdom,Food,771.46
INV002765,SKU0205,ClassicWidgetB,26,2011-03-26,42.72,13764,Australia,Sports,558.64
INV002766,SKU0011,BudgetWidgetE,75,2011-03-26,129.98,18553,Australia,Food,909.3
INV002767,SKU0489,EliteWidgetG,24,2011-03-26,53.99,10456,France,Toys,4016.51
INV002768,SKU0275,BasicWidgetH,10,2011-03-26,74.45,13561,Germany,Books,3430.91
INV002769,SKU0180,BasicWidgetH,13,2011-03-26,10.0,13110,Netherlands,Toys,3435.13
INV002770,SKU0241,PremiumWidgetA,44,2011-03-26,41.7,13529,Germany,Toys,4610.72
INV002771,SKU0215,StandardWidgetD,39,2011-03-26,101.68,14907,UnitedKingdom,Food,1959.86
INV002772,SKU0250,ClassicWidgetB,19,2011-03-26,110.57,14968,UnitedKingdom,Electronics,17.43
INV002773,SKU0298,EliteWidgetG,51,2011-03-26,36.8,18541,Australia,Food,3199.2
INV002774,SKU0125,DeluxeWidgetC,19,2011-03-26,75.82,14547,Germany,Food,4340.5
INV002775,SKU0481,EliteWidgetG,76,2011-03-26,122.72,14083,Netherlands,Food,4881.32
INV002776,SKU0216,BudgetWidgetE,52,2011-03-26,57.3,10108,Belgium,Sports,1820.1
INV002777,SKU0305,BasicWidgetH,86,2011-03-26,20.5,17751,Netherlands,HomeGarden,4110.94
INV002778,SKU0284,ProWidgetF,47,2011-03-26,65.06,11231,Belgium,Electronics,4246.29
INV002779,SKU0184,BudgetWidgetE,30,2011-03-26,90.29,10576,Australia,Food,723.04
INV002780,SKU0038,EliteWidgetG,46,2011-03-26,1.61,10240,Netherlands,Food,3157.86
INV002781,SKU0222,ClassicWidgetB,76,2011-03-26,52.61,17566,France,Books,866.53
INV002782,SKU0183,EliteWidgetG,93,2011-03-26,91.31,15809,Belgium,Toys,2233.71
INV002783,SKU0494,EliteWidgetG,21,2011-03-26,142.81,16721,Germany,HomeGarden,4396.46
INV002784,SKU0426,PremiumWidgetA,75,2011-03-27,61.58,10370,UnitedKingdom,Toys,3947.55
INV002785,SKU0177,DeluxeWidgetC,48,2011-03-27,24.86,16054,Netherlands,HomeGarden,2852.13
INV002786,SKU0406,ClassicWidgetB,62,2011-03-27,80.37,10097,Belgium,HomeGarden,4043.74
INV002787,SKU0427,EliteWidgetG,58,2011-03-27,43.22,15606,Netherlands,Sports,764.98
INV002788,SKU0293,StandardWidgetD,18,2011-03-27,32.61,18156,Netherlands,Books,975.4
INV002789,SKU0339,DeluxeWidgetC,59,2011-03-27,88.77,19687,Australia,Books,1045.12
INV002790,SKU0150,BudgetWidgetE,91,2011-03-27,137.42,12455,UnitedKingdom,Toys,3880.29
INV002791,SKU0383,ClassicWidgetB,48,2011-03-27,125.37,13446,Belgium,Food,4454.94
INV002792,SKU0125,BudgetWidgetE,63,2011-03-27,27.75,19597,Germany,Sports,2814.62
INV002793,SKU0300,BasicWidgetH,12,2011-03-27,115.0,14811,Netherlands,Books,4789.9
INV002794,SKU0307,EliteWidgetG,87,2011-03-27,34.87,17827,France,HomeGarden,3640.42
INV002795,SKU0335,BudgetWidgetE,34,2011-03-27,43.96,12691,Spain,HomeGarden,2818.86
INV002796,SKU0433,BudgetWidgetE,61,2011-03-27,138.05,10972,Belgium,Toys,3058.34
INV002797,SKU0233,PremiumWidgetA,87,2011-03-27,136.7,19704,Australia,HomeGarden,4247.82
INV002798,SKU0379,BudgetWidgetE,53,2011-03-27,25.71,17806,Germany,Books,451.81
INV002799,SKU0374,StandardWidgetD,25,2011-03-27,10.1,12923,Netherlands,Clothing,840.92
INV002800,SKU0007,StandardWidgetD,62,2011-03-27,44.32,15001,Germany,Electronics,1332.21
INV002801,SKU0497,DeluxeWidgetC,4,2011-03-27,87.48,10808,Australia,Clothing,4473.98
INV002802,SKU0340,EliteWidgetG,94,2011-03-27,131.6,17476,Belgium,Sports,4724.78
INV002803,SKU0128,ProWidgetF,94,2011-03-27,18.27,15963,Spain,Clothing,1781.5
INV002804,SKU0263,BasicWidgetH,13,2011-03-27,62.54,15935,France,Food,4619.36
INV002805,SKU0156,BudgetWidgetE,42,2011-03-27,41.13,14230,Belgium,Toys,2734.69
INV002806,SKU0351,BudgetWidgetE,49,2011-03-27,2.73,10327,Netherlands,Clothing,2366.9
INV002807,SKU0357,ClassicWidgetB,78,2011-03-27,118.37,10682,France,Food,4163.99
INV002808,SKU0004,PremiumWidgetA,56,2011-03-28,122.09,10123,Australia,Toys,2730.87
INV002809,SKU0494,ProWidgetF,47,2011-03-28,33.57,10753,France,Sports,2272.96
INV002810,SKU0085,DeluxeWidgetC,8,2011-03-28,23.11,18114,Australia,Clothing,80.8
INV002811,SKU0174,BasicWidgetH,55,2011-03-28,22.11,11606,Spain,Electronics,65.48
INV002812,SKU0289,ProWidgetF,88,2011-03-28,69.86,16525,France,Books,3138.33
INV002813,SKU0192,BudgetWidgetE,18,2011-03-28,37.35,13578,Germany,Food,368.01
INV002814,SKU0310,ClassicWidgetB,35,2011-03-28,76.95,14666,Belgium,Sports,3684.99
INV002815,SKU0118,EliteWidgetG,89,2011-03-28,58.04,17208,Germany,Clothing,3112.08
INV002816,SKU0217,PremiumWidgetA,81,2011-03-28,32.03,19660,Australia,HomeGarden,2289.19
INV002817,SKU0426,EliteWidgetG,32,2011-03-28,112.8,12845,Germany,HomeGarden,3549.31
INV002818,SKU0457,DeluxeWidgetC,24,2011-03-28,22.98,12938,Spain,Sports,4965.36
INV002819,SKU0413,ProWidgetF,7,2011-03-28,119.94,16319,France,HomeGarden,1232.54
INV002820,SKU0113,DeluxeWidgetC,13,2011-03-28,84.44,12427,Belgium,Electronics,2785.72
INV002821,SKU0465,BudgetWidgetE,91,2011-03-28,124.89,18356,France,Food,4214.44
INV002822,SKU0144,DeluxeWidgetC,69,2011-03-28,1.21,19701,Belgium,Clothing,85.36
INV002823,SKU0025,EliteWidgetG,90,2011-03-28,112.5,18156,Netherlands,Electronics,1018.34
INV002824,SKU0135,ClassicWidgetB,42,2011-03-28,8.2,16907,Australia,Electronics,2605.27
INV002825,SKU0302,DeluxeWidgetC,31,2011-03-28,142.54,17732,Germany,Books,2761.68
INV002826,SKU0231,StandardWidgetD,74,2011-03-28,105.56,15886,Spain,Clothing,432.58
INV002827,SKU0368,ClassicWidgetB,26,2011-03-28,48.37,19392,Australia,Sports,2037.74
INV002828,SKU0075,ProWidgetF,86,2011-03-28,48.32,15168,Germany,HomeGarden,2599.4
INV002829,SKU0474,PremiumWidgetA,76,2011-03-28,129.29,13281,Netherlands,Food,2115.46
INV002830,SKU0327,PremiumWidgetA,32,2011-03-28,135.47,18810,France,Books,3503.28
INV002831,SKU0344,BudgetWidgetE,91,2011-03-28,133.79,12712,Belgium,Electronics,3857.05
INV002832,SKU0301,BudgetWidgetE,97,2011-03-29,121.41,14954,France,HomeGarden,2301.85
INV002833,SKU0451,StandardWidgetD,52,2011-03-29,122.95,13723,Spain,Clothing,2128.87
INV002834,SKU0288,ProWidgetF,20,2011-03-29,86.13,11686,UnitedKingdom,Electronics,3527.11
INV002835,SKU0000,EliteWidgetG,40,2011-03-29,4.72,17440,Australia,Electronics,2776.96
INV002836,SKU0146,PremiumWidgetA,59,2011-03-29,13.47,11606,Germany,Clothing,4352.33
INV002837,SKU0286,PremiumWidgetA,77,2011-03-29,97.61,19545,UnitedKingdom,Sports,2406.25
INV002838,SKU0463,PremiumWidgetA,14,2011-03-29,60.47,14239,Australia,Books,2872.06
INV002839,SKU0141,EliteWidgetG,44,2011-03-29,85.31,18810,Belgium,Clothing,644.9
INV002840,SKU0052,PremiumWidgetA,86,2011-03-29,35.05,15103,Germany,HomeGarden,4180.15
INV002841,SKU0303,DeluxeWidgetC,82,2011-03-29,97.59,18545,Netherlands,HomeGarden,2112.04
INV002842,SKU0068,ProWidgetF,48,2011-03-29,36.8,10280,Australia,Electronics,3595.6
INV002843,SKU0360,ClassicWidgetB,93,2011-03-29,69.39,14932,Germany,Food,2147.98
INV002844,SKU0089,ClassicWidgetB,43,2011-03-29,72.07,13550,Belgium,Toys,6.06
INV002845,SKU0445,StandardWidgetD,16,2011-03-29,27.06,11959,France,Books,2002.65
INV002846,SKU0219,DeluxeWidgetC,35,2011-03-29,131.49,10389,Australia,Sports,738.36
INV002847,SKU0449,PremiumWidgetA,53,2011-03-29,79.11,15183,Germany,Sports,1993.68
INV002848,SKU0497,PremiumWidgetA,34,2011-03-29,130.08,13867,Spain,Toys,1607.4
INV002849,SKU0191,BudgetWidgetE,3,2011-03-29,39.75,14360,France,HomeGarden,1013.53
INV002850,SKU0453,BudgetWidgetE,68,2011-03-29,26.26,12053,Belgium,Sports,619.74
INV002851,SKU0062,StandardWidgetD,5,2011-03-29,3.19,15008,France,Food,3643.08
INV002852,SKU0072,PremiumWidgetA,10,2011-03-29,14.53,18359,UnitedKingdom,HomeGarden,3774.55
INV002853,SKU0160,StandardWidgetD,52,2011-03-29,22.55,16316,Germany,Books,1325.72
INV002854,SKU0168,DeluxeWidgetC,29,2011-03-29,12.29,12166,UnitedKingdom,Toys,2476.46
INV002855,SKU0088,ClassicWidgetB,96,2011-03-29,134.58,18106,Spain,Electronics,2320.89
INV002856,SKU0175,PremiumWidgetA,31,2011-03-30,136.76,16272,Belgium,Food,1776.88
INV002857,SKU0268,ProWidgetF,66,2011-03-30,140.64,10186,UnitedKingdom,HomeGarden,1388.91
INV002858,SKU0072,EliteWidgetG,76,2011-03-30,144.0,15182,Netherlands,Books,930.97
INV002859,SKU0244,DeluxeWidgetC,91,2011-03-30,74.03,19489,UnitedKingdom,Toys,4364.59
INV002860,SKU0076,PremiumWidgetA,69,2011-03-30,79.74,12645,UnitedKingdom,HomeGarden,4166.73
INV002861,SKU0158,EliteWidgetG,37,2011-03-30,20.06,11216,Belgium,Clothing,2086.48
INV002862,SKU0488,ProWidgetF,27,2011-03-30,20.99,14627,Netherlands,HomeGarden,3606.29
INV002863,SKU0458,BudgetWidgetE,87,2011-03-30,116.03,11205,Netherlands,Books,2492.16
INV002864,SKU0323,StandardWidgetD,33,2011-03-30,128.43,16703,Australia,Sports,427.83
INV002865,SKU0097,BudgetWidgetE,68,2011-03-30,117.81,10227,UnitedKingdom,HomeGarden,4112.13
INV002866,SKU0380,ClassicWidgetB,59,2011-03-30,125.27,12613,France,Electronics,1097.14
INV002867,SKU0101,BudgetWidgetE,64,2011-03-30,41.85,12136,Netherlands,Books,3534.38
INV002868,SKU0493,PremiumWidgetA,85,2011-03-30,70.18,17311,Germany,Sports,2637.46
INV002869,SKU0131,ProWidgetF,88,2011-03-30,69.15,16958,Australia,Books,3453.01
INV002870,SKU0101,BudgetWidgetE,44,2011-03-30,149.29,10249,Belgium,HomeGarden,2356.54
INV002871,SKU0018,PremiumWidgetA,95,2011-03-30,142.4,12272,Australia,Clothing,3513.1
INV002872,SKU0453,ClassicWidgetB,88,2011-03-30,89.97,16038,UnitedKingdom,Clothing,165.03
INV002873,SKU0481,EliteWidgetG,49,2011-03-30,21.13,13018,Spain,Food,205.22
INV002874,SKU0081,ProWidgetF,53,2011-03-30,39.16,12215,France,Electronics,4481.8
INV002875,SKU0396,BudgetWidgetE,74,2011-03-30,54.88,12157,Spain,Toys,3748.72
INV002876,SKU0488,StandardWidgetD,49,2011-03-30,131.05,11796,Spain,Toys,4142.51
INV002877,SKU0278,StandardWidgetD,66,2011-03-30,26.01,13244,Belgium,Food,2283.47
INV002878,SKU0338,ProWidgetF,95,2011-03-30,33.35,18046,Netherlands,Electronics,2298.77
INV002879,SKU0364,StandardWidgetD,63,2011-03-30,52.73,10296,Germany,Sports,2670.49
INV002880,SKU0330,BudgetWidgetE,25,2011-03-31,139.07,11927,UnitedKingdom,Clothing,1219.07
INV002881,SKU0128,BudgetWidgetE,4,2011-03-31,75.82,12256,Belgium,HomeGarden,3667.78
INV002882,SKU0343,ProWidgetF,51,2011-03-31,97.2,17421,France,Food,4147.44
INV002883,SKU0309,BudgetWidgetE,11,2011-03-31,58.39,15201,UnitedKingdom,Books,4536.21
INV002884,SKU0454,EliteWidgetG,17,2011-03-31,28.68,11457,UnitedKingdom,Food,2585.65
INV002885,SKU0088,PremiumWidgetA,66,2011-03-31,33.81,13546,Australia,Books,2073.47
INV002886,SKU0212,ClassicWidgetB,70,2011-03-31,120.5,17361,Spain,Clothing,4154.84
INV002887,SKU0142,EliteWidgetG,73,2011-03-31,134.08,13664,Germany,Food,3763.58
INV002888,SKU0064,EliteWidgetG,69,2011-03-31,74.21,19781,Germany,Clothing,4336.5
INV002889,SKU0075,StandardWidgetD,84,2011-03-31,53.87,17654,Germany,Books,3279.0
INV002890,SKU0198,PremiumWidgetA,29,2011-03-31,121.27,10095,Germany,Sports,4416.68
INV002891,SKU0142,ProWidgetF,85,2011-03-31,101.13,13932,Netherlands,Books,446.12
INV002892,SKU0404,BasicWidgetH,73,2011-03-31,6.61,19551,Netherlands,Electronics,3398.13
INV002893,SKU0402,StandardWidgetD,92,2011-03-31,52.94,16912,Germany,Food,444.89
INV002894,SKU0315,PremiumWidgetA,72,2011-03-31,102.48,16140,Belgium,HomeGarden,3744.79
INV002895,SKU0092,BudgetWidgetE,95,2011-03-31,86.27,11739,France,Food,3142.59
INV002896,SKU0472,ProWidgetF,20,2011-03-31,146.72,11352,Netherlands,Clothing,80.94
INV002897,SKU0416,BasicWidgetH,27,2011-03-31,129.98,14924,Netherlands,Toys,2996.71
INV002898,SKU0304,ProWidgetF,8,2011-03-31,9.43,15757,Belgium,Food,732.25
INV002899,SKU0223,BasicWidgetH,85,2011-03-31,109.0,11542,Belgium,Clothing,712.91
INV002900,SKU0496,BasicWidgetH,61,2011-03-31,50.78,15244,Belgium,Sports,753.16
INV002901,SKU0290,StandardWidgetD,28,2011-03-31,102.47,10830,France,Electronics,2419.63
INV002902,SKU0427,BudgetWidgetE,87,2011-03-31,92.78,11605,Germany,Food,578.49
INV002903,SKU0101,StandardWidgetD,70,2011-03-31,75.71,14645,Belgium,Books,629.15
INV002904,SKU0473,BasicWidgetH,3,2011-04-01,128.02,17937,UnitedKingdom,Electronics,1281.58
INV002905,SKU0266,BasicWidgetH,69,2011-04-01,106.45,16852,Belgium,Electronics,5.29
INV002906,SKU0354,DeluxeWidgetC,73,2011-04-01,133.49,16516,Netherlands,Sports,1379.67
INV002907,SKU0455,PremiumWidgetA,7,2011-04-01,42.6,10221,UnitedKingdom,Sports,3092.42
INV002908,SKU0109,DeluxeWidgetC,60,2011-04-01,52.55,13951,UnitedKingdom,Toys,3008.25
INV002909,SKU0461,PremiumWidgetA,4,2011-04-01,93.48,18722,France,Books,4847.7
INV002910,SKU0329,ClassicWidgetB,5,2011-04-01,144.99,16493,Germany,Toys,599.03
INV002911,SKU0449,EliteWidgetG,11,2011-04-01,56.05,19573,Spain,Books,4327.99
INV002912,SKU0429,ProWidgetF,15,2011-04-01,5.33,14117,UnitedKingdom,HomeGarden,1956.56
INV002913,SKU0264,StandardWidgetD,64,2011-04-01,67.16,15408,Germany,Electronics,1935.79
INV002914,SKU0002,ClassicWidgetB,98,2011-04-01,81.82,10753,Australia,Books,1744.71
INV002915,SKU0084,ClassicWidgetB,13,2011-04-01,120.25,11188,Spain,Sports,624.56
INV002916,SKU0281,ProWidgetF,7,2011-04-01,109.43,17108,Spain,HomeGarden,2393.05
INV002917,SKU0327,ProWidgetF,6,2011-04-01,144.72,17487,Spain,Toys,3937.1
INV002918,SKU0303,PremiumWidgetA,56,2011-04-01,117.51,18600,Germany,HomeGarden,4377.29
INV002919,SKU0449,DeluxeWidgetC,64,2011-04-01,45.14,10796,France,Sports,4814.33
INV002920,SKU0453,BudgetWidgetE,50,2011-04-01,96.39,15145,Belgium,Books,3926.68
INV002921,SKU0411,PremiumWidgetA,30,2011-04-01,101.0,16677,France,Sports,3115.84
INV002922,SKU0116,BudgetWidgetE,22,2011-04-01,149.7,10860,Australia,Books,2488.17
INV002923,SKU0220,ClassicWidgetB,25,2011-04-01,21.24,14171,Belgium,Sports,4374.61
INV002924,SKU0153,BudgetWidgetE,28,2011-04-01,29.1,18175,Belgium,Sports,3697.83
INV002925,SKU0152,DeluxeWidgetC,84,2011-04-01,23.75,10365,France,Clothing,807.13
INV002926,SKU0011,PremiumWidgetA,39,2011-04-01,88.56,11514,Germany,Books,3413.07
INV002927,SKU0132,BasicWidgetH,67,2011-04-01,20.73,14936,Spain,Electronics,2155.76
INV002928,SKU0481,ProWidgetF,5,2011-04-02,98.57,12934,Germany,Clothing,2979.4
INV002929,SKU0303,BasicWidgetH,65,2011-04-02,120.66,19775,Spain,Clothing,4491.87
INV002930,SKU0292,DeluxeWidgetC,15,2011-04-02,65.2,10498,Germany,Clothing,3263.2
INV002931,SKU0462,EliteWidgetG,90,2011-04-02,84.32,11369,Belgium,Clothing,4693.68
INV002932,SKU0299,DeluxeWidgetC,67,2011-04-02,136.95,19443,France,Electronics,4331.98
INV002933,SKU0227,EliteWidgetG,40,2011-04-02,85.65,18890,Germany,Clothing,645.38
INV002934,SKU0270,PremiumWidgetA,98,2011-04-02,31.69,18116,Netherlands,Toys,59.25
INV002935,SKU0042,ProWidgetF,69,2011-04-02,51.81,18323,Spain,Electronics,1922.67
INV002936,SKU0431,DeluxeWidgetC,95,2011-04-02,79.71,15364,Belgium,Toys,4326.78
INV002937,SKU0342,BasicWidgetH,77,2011-04-02,23.66,10090,Belgium,Electronics,1151.4
INV002938,SKU0325,EliteWidgetG,43,2011-04-02,92.07,10471,Spain,Toys,3457.31
INV002939,SKU0301,ProWidgetF,1,2011-04-02,149.89,16084,Australia,Clothing,2380.5
INV002940,SKU0497,StandardWidgetD,22,2011-04-02,98.05,19457,Netherlands,HomeGarden,3730.64
INV002941,SKU0363,StandardWidgetD,62,2011-04-02,56.18,14482,Germany,Electronics,825.72
INV002942,SKU0378,StandardWidgetD,79,2011-04-02,50.1,15126,France,Clothing,1196.22
INV002943,SKU0426,BudgetWidgetE,26,2011-04-02,139.77,11111,Australia,Food,1213.38
INV002944,SKU0492,DeluxeWidgetC,18,2011-04-02,130.79,10597,Netherlands,Food,2742.78
INV002945,SKU0020,PremiumWidgetA,48,2011-04-02,71.12,19099,Germany,Sports,1448.83
INV002946,SKU0406,BasicWidgetH,9,2011-04-02,53.34,17618,Belgium,Sports,4058.8
INV002947,SKU0106,PremiumWidgetA,1,2011-04-02,106.71,11354,Belgium,Books,1734.62
INV002948,SKU0335,BudgetWidgetE,9,2011-04-02,47.52,17877,France,Food,3304.59
INV002949,SKU0302,PremiumWidgetA,23,2011-04-02,18.35,12389,Germany,Electronics,4742.56
INV002950,SKU0116,EliteWidgetG,45,2011-04-02,46.87,14075,Spain,Food,3035.01
INV002951,SKU0123,StandardWidgetD,2,2011-04-02,65.43,10463,Netherlands,Electronics,1211.53
INV002952,SKU0398,BasicWidgetH,14,2011-04-03,38.68,11072,Netherlands,Toys,4152.45
INV002953,SKU0280,DeluxeWidgetC,38,2011-04-03,32.91,15446,Australia,Sports,63.7
INV002954,SKU0291,PremiumWidgetA,40,2011-04-03,1.42,10473,Belgium,Electronics,1283.43
INV002955,SKU0202,PremiumWidgetA,63,2011-04-03,94.81,14983,France,Food,1938.06
INV002956,SKU0050,ClassicWidgetB,82,2011-04-03,92.36,10938,UnitedKingdom,Electronics,980.7
INV002957,SKU0270,ClassicWidgetB,16,2011-04-03,28.61,11310,Germany,Sports,3020.49
INV002958,SKU0323,ClassicWidgetB,93,2011-04-03,141.58,17191,France,Clothing,2790.45
INV002959,SKU0276,DeluxeWidgetC,75,2011-04-03,61.73,12340,UnitedKingdom,Toys,2033.08
INV002960,SKU0140,StandardWidgetD,6,2011-04-03,4.31,13520,France,Sports,1472.6
INV002961,SKU0469,ProWidgetF,3,2011-04-03,33.36,14056,Germany,HomeGarden,2170.1
INV002962,SKU0274,StandardWidgetD,14,2011-04-03,103.96,11086,Germany,Food,1456.72
INV002963,SKU0289,BasicWidgetH,66,2011-04-03,30.64,17697,Australia,Food,1107.07
INV002964,SKU0333,StandardWidgetD,96,2011-04-03,8.56,17104,Netherlands,Sports,1757.0
INV002965,SKU0380,DeluxeWidgetC,95,2011-04-03,92.85,16732,Netherlands,Toys,3012.08
INV002966,SKU0451,EliteWidgetG,75,2011-04-03,77.99,10259,Netherlands,Sports,3242.31
INV002967,SKU0495,EliteWidgetG,86,2011-04-03,114.31,11656,Australia,Toys,1487.44
INV002968,SKU0372,DeluxeWidgetC,67,2011-04-03,116.01,16290,Netherlands,Food,4737.04
INV002969,SKU0051,ClassicWidgetB,31,2011-04-03,144.01,15913,France,Clothing,1310.53
INV002970,SKU0493,PremiumWidgetA,33,2011-04-03,9.02,17973,Netherlands,Sports,3560.95
INV002971,SKU0026,BudgetWidgetE,88,2011-04-03,6.33,10591,Netherlands,Sports,408.32
INV002972,SKU0156,BudgetWidgetE,1,2011-04-03,148.09,15867,Spain,Clothing,3324.56
INV002973,SKU0238,ProWidgetF,44,2011-04-03,96.9,19624,Germany,Food,2300.28
INV002974,SKU0155,PremiumWidgetA,15,2011-04-03,107.45,15577,Australia,Sports,2845.97
INV002975,SKU0290,ProWidgetF,37,2011-04-03,14.92,10228,Australia,Clothing,921.18
INV002976,SKU0135,ClassicWidgetB,27,2011-04-04,10.94,19560,Belgium,HomeGarden,2168.39
INV002977,SKU0143,ProWidgetF,48,2011-04-04,24.46,11624,Netherlands,Clothing,3831.62
INV002978,SKU0105,PremiumWidgetA,27,2011-04-04,64.37,17090,Spain,Electronics,3835.66
INV002979,SKU0419,BasicWidgetH,12,2011-04-04,16.97,13979,Belgium,Electronics,1188.54
INV002980,SKU0157,PremiumWidgetA,67,2011-04-04,67.23,10739,Belgium,Toys,1763.64
INV002981,SKU0145,BudgetWidgetE,30,2011-04-04,84.45,16521,UnitedKingdom,Clothing,20.06
INV002982,SKU0001,EliteWidgetG,96,2011-04-04,0.55,13174,Germany,Sports,450.72
INV002983,SKU0432,ClassicWidgetB,87,2011-04-04,17.58,15049,Netherlands,Books,634.53
INV002984,SKU0076,BasicWidgetH,66,2011-04-04,56.59,12647,UnitedKingdom,Food,1468.96
INV002985,SKU0131,DeluxeWidgetC,7,2011-04-04,8.47,16436,Belgium,Food,3795.32
INV002986,SKU0089,BasicWidgetH,34,2011-04-04,20.46,15386,France,Books,2551.74
INV002987,SKU0344,BasicWidgetH,32,2011-04-04,35.15,14571,Spain,HomeGarden,3963.25
INV002988,SKU0349,ProWidgetF,39,2011-04-04,64.73,16594,Spain,HomeGarden,3774.77
INV002989,SKU0458,BudgetWidgetE,96,2011-04-04,107.37,17480,Germany,Books,2936.1
INV002990,SKU0262,ProWidgetF,43,2011-04-04,20.34,11185,Spain,Books,2499.8
INV002991,SKU0350,ProWidgetF,43,2011-04-04,110.82,10589,Australia,Clothing,4656.67
INV002992,SKU0107,DeluxeWidgetC,78,2011-04-04,128.33,14217,UnitedKingdom,Books,2846.78
INV002993,SKU0073,ClassicWidgetB,3,2011-04-04,97.9,17648,Netherlands,Electronics,2414.64
INV002994,SKU0038,PremiumWidgetA,46,2011-04-04,7.04,11135,UnitedKingdom,HomeGarden,4345.73
INV002995,SKU0396,StandardWidgetD,32,2011-04-04,66.38,13420,Australia,Food,358.12
INV002996,SKU0158,ProWidgetF,43,2011-04-04,99.18,10001,France,Toys,3280.48
INV002997,SKU0070,StandardWidgetD,81,2011-04-04,146.79,10891,UnitedKingdom,Food,566.02
INV002998,SKU0446,ClassicWidgetB,3,2011-04-04,142.8,17882,Netherlands,HomeGarden,4099.29
INV002999,SKU0311,StandardWidgetD,74,2011-04-04,59.66,18062,UnitedKingdom,Food,3963.54
INV003000,SKU0240,ProWidgetF,63,2011-04-05,92.58,13553,Spain,Electronics,2518.5
INV003001,SKU0425,DeluxeWidgetC,40,2011-04-05,133.68,16069,France,HomeGarden,3305.56
INV003002,SKU0444,StandardWidgetD,18,2011-04-05,124.74,19163,UnitedKingdom,Books,3863.34
INV003003,SKU0297,ClassicWidgetB,67,2011-04-05,72.17,16957,France,HomeGarden,2417.04
INV003004,SKU0439,ClassicWidgetB,62,2011-04-05,39.56,14204,Belgium,Electronics,4529.88
INV003005,SKU0035,EliteWidgetG,10,2011-04-05,21.0,18471,France,HomeGarden,2185.71
INV003006,SKU0083,EliteWidgetG,52,2011-04-05,73.45,15784,Belgium,Toys,4460.22
INV003007,SKU0451,DeluxeWidgetC,73,2011-04-05,108.57,11698,Germany,Toys,2914.14
INV003008,SKU0373,StandardWidgetD,46,2011-04-05,145.48,12884,Germany,Toys,2131.79
INV003009,SKU0262,StandardWidgetD,55,2011-04-05,129.34,13579,Netherlands,Food,21.48
INV003010,SKU0309,EliteWidgetG,46,2011-04-05,31.03,17195,Netherlands,Toys,1478.48
INV003011,SKU0384,PremiumWidgetA,75,2011-04-05,108.11,12251,Netherlands,Books,4339.74
INV003012,SKU0171,BudgetWidgetE,60,2011-04-05,43.72,14640,France,Toys,2144.14
INV003013,SKU0375,ClassicWidgetB,97,2011-04-05,102.68,12356,France,Toys,2107.92
INV003014,SKU0172,PremiumWidgetA,26,2011-04-05,100.04,13414,Belgium,Clothing,2447.56
INV003015,SKU0361,ClassicWidgetB,27,2011-04-05,41.23,19200,Germany,Toys,1432.23
INV003016,SKU0046,BasicWidgetH,38,2011-04-05,35.54,15708,Spain,Books,2458.26
INV003017,SKU0378,BasicWidgetH,22,2011-04-05,16.04,12078,Belgium,Toys,1879.44
INV003018,SKU0140,PremiumWidgetA,26,2011-04-05,8.06,14195,Belgium,HomeGarden,4547.3
INV003019,SKU0374,BasicWidgetH,86,2011-04-05,128.84,12714,France,Toys,2820.27
INV003020,SKU0405,EliteWidgetG,69,2011-04-05,7.95,16947,Belgium,Sports,4170.92
INV003021,SKU0117,EliteWidgetG,35,2011-04-05,13.77,11338,Germany,HomeGarden,3434.68
INV003022,SKU0276,BudgetWidgetE,66,2011-04-05,36.21,13689,UnitedKingdom,Food,1063.8
INV003023,SKU0213,PremiumWidgetA,99,2011-04-05,133.2,16614,Netherlands,Toys,4338.46
INV003024,SKU0219,ClassicWidgetB,73,2011-04-06,50.27,10741,Netherlands,Toys,437.27
INV003025,SKU0392,StandardWidgetD,51,2011-04-06,29.17,10733,Australia,HomeGarden,2243.74
INV003026,SKU0025,ClassicWidgetB,18,2011-04-06,107.48,17839,Spain,Electronics,1196.54
INV003027,SKU0008,ProWidgetF,43,2011-04-06,48.2,11806,Germany,Sports,2688.24
INV003028,SKU0270,EliteWidgetG,12,2011-04-06,50.34,11753,Australia,Electronics,1500.95
INV003029,SKU0009,DeluxeWidgetC,3,2011-04-06,110.98,17358,Netherlands,Toys,3614.41
INV003030,SKU0471,DeluxeWidgetC,82,2011-04-06,38.12,15857,Australia,Electronics,4684.66
INV003031,SKU0377,EliteWidgetG,7,2011-04-06,134.57,11024,UnitedKingdom,Books,3545.74
INV003032,SKU0120,ProWidgetF,97,2011-04-06,84.43,19674,Belgium,Clothing,1777.2
INV003033,SKU0124,DeluxeWidgetC,6,2011-04-06,80.91,15764,Australia,HomeGarden,3000.75
INV003034,SKU0169,BasicWidgetH,82,2011-04-06,40.08,15209,UnitedKingdom,Sports,4442.74
INV003035,SKU0071,EliteWidgetG,45,2011-04-06,125.35,13554,Netherlands,HomeGarden,1350.87
INV003036,SKU0151,DeluxeWidgetC,86,2011-04-06,86.13,19971,France,Electronics,591.91
INV003037,SKU0207,EliteWidgetG,39,2011-04-06,23.75,16216,Belgium,Food,654.69
INV003038,SKU0048,BudgetWidgetE,51,2011-04-06,31.34,14818,Germany,Clothing,2474.77
INV003039,SKU0153,StandardWidgetD,9,2011-04-06,70.5,14566,Belgium,Electronics,3660.95
INV003040,SKU0346,StandardWidgetD,99,2011-04-06,117.06,15325,Australia,HomeGarden,3286.63
INV003041,SKU0292,ClassicWidgetB,23,2011-04-06,140.92,16894,Belgium,Books,2269.99
INV003042,SKU0067,ProWidgetF,12,2011-04-06,99.69,17082,Spain,HomeGarden,3646.76
INV003043,SKU0049,EliteWidgetG,88,2011-04-06,76.17,13368,UnitedKingdom,Electronics,3170.22
INV003044,SKU0151,PremiumWidgetA,62,2011-04-06,37.98,12629,Spain,Sports,3141.53
INV003045,SKU0018,ClassicWidgetB,73,2011-04-06,101.09,16942,Netherlands,Food,1012.68
INV003046,SKU0099,ClassicWidgetB,77,2011-04-06,147.34,18720,Spain,Sports,1563.6
INV003047,SKU0059,EliteWidgetG,40,2011-04-06,71.7,14232,Spain,Sports,1722.78
INV003048,SKU0166,EliteWidgetG,54,2011-04-07,24.74,16661,Netherlands,Food,4041.15
INV003049,SKU0201,ClassicWidgetB,81,2011-04-07,15.95,17877,France,Sports,3875.78
INV003050,SKU0344,ClassicWidgetB,7,2011-04-07,40.75,19663,Belgium,Sports,1264.11
INV003051,SKU0145,StandardWidgetD,17,2011-04-07,85.63,16275,Spain,Toys,276.71
INV003052,SKU0402,PremiumWidgetA,50,2011-04-07,142.05,19559,Spain,Clothing,3839.15
INV003053,SKU0163,BasicWidgetH,24,2011-04-07,45.23,11719,Spain,Clothing,2049.92
INV003054,SKU0457,ClassicWidgetB,2,2011-04-07,46.16,19233,Netherlands,Books,1099.8
INV003055,SKU0480,BasicWidgetH,99,2011-04-07,72.44,13487,Spain,Sports,585.97
INV003056,SKU0438,StandardWidgetD,92,2011-04-07,137.82,18175,Belgium,Electronics,65.06
INV003057,SKU0241,ClassicWidgetB,83,2011-04-07,63.15,15844,Netherlands,Electronics,2139.22
INV003058,SKU0068,DeluxeWidgetC,33,2011-04-07,33.87,18751,France,HomeGarden,1699.48
INV003059,SKU0174,ClassicWidgetB,21,2011-04-07,24.89,19756,Netherlands,Sports,3482.65
INV003060,SKU0048,EliteWidgetG,74,2011-04-07,68.82,16475,Spain,Food,4883.35
INV003061,SKU0482,ProWidgetF,53,2011-04-07,120.2,15869,Belgium,Food,1034.71
INV003062,SKU0107,ProWidgetF,46,2011-04-07,44.06,16462,UnitedKingdom,Electronics,1215.94
INV003063,SKU0225,ClassicWidgetB,45,2011-04-07,77.12,11800,Belgium,Toys,1687.18
INV003064,SKU0160,BudgetWidgetE,9,2011-04-07,90.65,15075,Spain,Books,2330.22
INV003065,SKU0118,DeluxeWidgetC,6,2011-04-07,67.85,14262,Belgium,Electronics,3488.8
INV003066,SKU0148,PremiumWidgetA,51,2011-04-07,29.16,10146,Australia,Toys,1760.81
INV003067,SKU0464,ClassicWidgetB,35,2011-04-07,138.3,13828,Australia,Toys,521.9
INV003068,SKU0149,BasicWidgetH,82,2011-04-07,85.03,12117,Belgium,Books,3651.98
INV003069,SKU0431,PremiumWidgetA,53,2011-04-07,109.51,15447,UnitedKingdom,Sports,3973.41
INV003070,SKU0292,DeluxeWidgetC,19,2011-04-07,95.59,15014,Australia,HomeGarden,1239.0
INV003071,SKU0142,ClassicWidgetB,69,2011-04-07,149.71,15947,Belgium,HomeGarden,684.64
INV003072,SKU0418,BudgetWidgetE,25,2011-04-08,68.72,10318,Belgium,Clothing,2639.48
INV003073,SKU0475,StandardWidgetD,11,2011-04-08,64.03,15749,Belgium,Sports,1042.36
INV003074,SKU0454,BudgetWidgetE,74,2011-04-08,54.34,10254,Spain,Electronics,1871.44
INV003075,SKU0159,EliteWidgetG,17,2011-04-08,54.56,19528,Netherlands,Food,3887.03
INV003076,SKU0010,BudgetWidgetE,36,2011-04-08,41.73,15057,Spain,HomeGarden,1098.82
INV003077,SKU0137,BasicWidgetH,90,2011-04-08,147.1,18526,Australia,Toys,4031.49
INV003078,SKU0456,StandardWidgetD,95,2011-04-08,130.68,14393,Australia,Books,3370.43
INV003079,SKU0077,EliteWidgetG,96,2011-04-08,47.84,11044,Netherlands,Toys,1099.41
INV003080,SKU0076,StandardWidgetD,21,2011-04-08,46.13,11791,Belgium,Books,2632.5
INV003081,SKU0440,ProWidgetF,18,2011-04-08,15.98,12519,Australia,Electronics,3070.74
INV003082,SKU0253,StandardWidgetD,60,2011-04-08,131.62,10961,Netherlands,Electronics,1002.18
INV003083,SKU0408,ClassicWidgetB,18,2011-04-08,56.08,13749,France,Sports,725.6
INV003084,SKU0257,PremiumWidgetA,1,2011-04-08,86.11,14565,Spain,Electronics,2656.31
INV003085,SKU0319,ProWidgetF,14,2011-04-08,135.11,17516,France,Electronics,3469.51
INV003086,SKU0290,ProWidgetF,8,2011-04-08,61.51,12814,Australia,Electronics,2325.88
INV003087,SKU0262,PremiumWidgetA,66,2011-04-08,121.13,10589,Belgium,Food,351.13
INV003088,SKU0084,BasicWidgetH,51,2011-04-08,64.83,11988,France,HomeGarden,4626.14
INV003089,SKU0145,ProWidgetF,79,2011-04-08,105.29,13865,Belgium,Sports,3475.13
INV003090,SKU0322,StandardWidgetD,60,2011-04-08,64.96,12989,Australia,Food,3106.36
INV003091,SKU0041,BudgetWidgetE,34,2011-04-08,59.22,15665,Belgium,Food,3218.49
INV003092,SKU0373,DeluxeWidgetC,36,2011-04-08,148.61,14541,France,Electronics,1993.63
INV003093,SKU0124,BasicWidgetH,62,2011-04-08,92.05,11960,Australia,Food,4922.02
INV003094,SKU0166,StandardWidgetD,1,2011-04-08,55.42,18846,Germany,Electronics,664.26
INV003095,SKU0424,EliteWidgetG,85,2011-04-08,39.04,11078,Spain,Toys,3695.97
INV003096,SKU0240,EliteWidgetG,42,2011-04-09,6.45,13074,UnitedKingdom,Toys,2104.96
INV003097,SKU0458,BudgetWidgetE,1,2011-04-09,106.13,19547,Spain,Food,4405.6
INV003098,SKU0486,BasicWidgetH,96,2011-04-09,56.14,15029,France,Books,3586.59
INV003099,SKU0279,BasicWidgetH,84,2011-04-09,123.28,19650,Netherlands,HomeGarden,2811.7
INV003100,SKU0187,BudgetWidgetE,54,2011-04-09,54.9,17386,UnitedKingdom,Electronics,4688.53
INV003101,SKU0301,BasicWidgetH,47,2011-04-09,56.31,14756,Belgium,HomeGarden,4562.3
INV003102,SKU0018,ProWidgetF,39,2011-04-09,116.99,16375,Belgium,Sports,262.62
INV003103,SKU0067,ClassicWidgetB,30,2011-04-09,73.68,14695,Australia,Sports,963.75
INV003104,SKU0217,ClassicWidgetB,7,2011-04-09,132.79,10919,Belgium,Toys,3380.56
INV003105,SKU0101,BasicWidgetH,22,2011-04-09,88.73,19938,UnitedKingdom,Clothing,4609.28
INV003106,SKU0041,ProWidgetF,50,2011-04-09,36.48,11758,Belgium,Food,2152.22
INV003107,SKU0287,ProWidgetF,45,2011-04-09,85.46,11831,Netherlands,Food,192.49
INV003108,SKU0166,PremiumWidgetA,74,2011-04-09,1.1,19363,Netherlands,Books,3216.84
INV003109,SKU0108,PremiumWidgetA,72,2011-04-09,47.2,13278,Spain,Clothing,974.24
INV003110,SKU0493,DeluxeWidgetC,91,2011-04-09,31.59,10359,Belgium,HomeGarden,2762.06
INV003111,SKU0035,DeluxeWidgetC,10,2011-04-09,98.3,17586,Belgium,Books,1924.03
INV003112,SKU0231,DeluxeWidgetC,14,2011-04-09,20.84,13810,Australia,Toys,2790.58
INV003113,SKU0228,DeluxeWidgetC,46,2011-04-09,43.87,11440,Spain,Electronics,4662.25
INV003114,SKU0352,BudgetWidgetE,75,2011-04-09,50.03,11719,France,Toys,2429.52
INV003115,SKU0163,BudgetWidgetE,6,2011-04-09,0.99,15672,France,Toys,173.61
INV003116,SKU0386,PremiumWidgetA,21,2011-04-09,7.49,10555,Germany,Books,2905.01
INV003117,SKU0072,ClassicWidgetB,62,2011-04-09,47.01,19425,Spain,Books,1629.4
INV003118,SKU0135,ProWidgetF,97,2011-04-09,33.74,12297,Netherlands,Sports,3890.9
INV003119,SKU0352,EliteWidgetG,19,2011-04-09,17.98,11535,Germany,Clothing,2350.17
INV003120,SKU0378,ClassicWidgetB,88,2011-04-10,23.55,16282,Netherlands,Sports,3707.11
INV003121,SKU0069,StandardWidgetD,82,2011-04-10,125.41,15085,Germany,Sports,4544.2
INV003122,SKU0424,BudgetWidgetE,99,2011-04-10,102.66,19101,Spain,Clothing,1812.01
INV003123,SKU0486,DeluxeWidgetC,62,2011-04-10,72.88,11961,France,Sports,4946.9
INV003124,SKU0195,DeluxeWidgetC,83,2011-04-10,136.38,18142,Netherlands,Books,749.91
INV003125,SKU0268,StandardWidgetD,53,2011-04-10,4.92,18203,Spain,HomeGarden,3220.01
INV003126,SKU0048,ClassicWidgetB,24,2011-04-10,52.07,10979,Spain,Electronics,174.8
INV003127,SKU0315,DeluxeWidgetC,56,2011-04-10,123.6,10272,France,Food,1066.07
INV003128,SKU0129,ClassicWidgetB,62,2011-04-10,94.43,17257,UnitedKingdom,Electronics,3169.26
INV003129,SKU0443,ProWidgetF,34,2011-04-10,147.26,15144,France,Food,231.91
INV003130,SKU0004,StandardWidgetD,22,2011-04-10,141.7,14633,Netherlands,Food,509.83
INV003131,SKU0427,EliteWidgetG,68,2011-04-10,25.91,18110,UnitedKingdom,Sports,1455.76
INV003132,SKU0026,ClassicWidgetB,57,2011-04-10,145.81,11688,Germany,Clothing,2878.61
INV003133,SKU0159,ProWidgetF,10,2011-04-10,141.86,11595,Australia,Books,80.9
INV003134,SKU0148,BasicWidgetH,66,2011-04-10,56.35,13242,Netherlands,Sports,2412.29
INV003135,SKU0263,BasicWidgetH,8,2011-04-10,147.44,14683,Belgium,Books,3129.09
INV003136,SKU0229,ClassicWidgetB,97,2011-04-10,5.86,17614,Australia,Books,2013.21
INV003137,SKU0199,BasicWidgetH,38,2011-04-10,99.28,15839,Australia,Food,339.13
INV003138,SKU0049,ClassicWidgetB,62,2011-04-10,40.29,15786,UnitedKingdom,Food,3054.76
INV003139,SKU0066,DeluxeWidgetC,28,2011-04-10,19.85,19907,Germany,Toys,3029.57
INV003140,SKU0299,PremiumWidgetA,10,2011-04-10,86.84,15129,France,Food,2530.71
INV003141,SKU0380,BasicWidgetH,45,2011-04-10,46.3,19393,UnitedKingdom,Electronics,3466.03
INV003142,SKU0057,BudgetWidgetE,65,2011-04-10,100.19,12845,Germany,HomeGarden,1039.8
INV003143,SKU0258,ClassicWidgetB,98,2011-04-10,81.23,18448,Belgium,HomeGarden,3393.03
INV003144,SKU0341,ClassicWidgetB,67,2011-04-11,59.19,16138,Belgium,Clothing,808.11
INV003145,SKU0325,ClassicWidgetB,9,2011-04-11,27.68,10309,France,HomeGarden,1964.08
INV003146,SKU0129,PremiumWidgetA,5,2011-04-11,90.39,15334,France,Sports,338.77
INV003147,SKU0214,ProWidgetF,10,2011-04-11,124.47,17197,Germany,Electronics,4095.82
INV003148,SKU0171,BasicWidgetH,12,2011-04-11,90.2,19280,France,Electronics,2691.63
INV003149,SKU0257,EliteWidgetG,82,2011-04-11,91.77,11176,Netherlands,Books,4855.27
INV003150,SKU0101,EliteWidgetG,58,2011-04-11,77.02,16183,Netherlands,Sports,4711.69
INV003151,SKU0208,StandardWidgetD,21,2011-04-11,58.54,13097,UnitedKingdom,Sports,4992.81
INV003152,SKU0290,DeluxeWidgetC,21,2011-04-11,68.89,11724,France,Books,507.23
INV003153,SKU0353,PremiumWidgetA,65,2011-04-11,148.44,12628,France,Toys,3033.3
INV003154,SKU0470,ProWidgetF,3,2011-04-11,112.58,16144,Germany,Toys,2038.47
INV003155,SKU0285,ClassicWidgetB,69,2011-04-11,64.87,11350,Netherlands,Books,2663.79
INV003156,SKU0115,ProWidgetF,89,2011-04-11,68.87,17725,Australia,Electronics,1544.53
INV003157,SKU0263,PremiumWidgetA,64,2011-04-11,75.19,10619,UnitedKingdom,Food,241.3
INV003158,SKU0149,PremiumWidgetA,49,2011-04-11,99.07,12548,Spain,Sports,3539.04
INV003159,SKU0299,PremiumWidgetA,72,2011-04-11,70.16,19570,Netherlands,HomeGarden,4829.12
INV003160,SKU0441,StandardWidgetD,17,2011-04-11,103.08,15243,Germany,HomeGarden,2662.38
INV003161,SKU0035,BudgetWidgetE,73,2011-04-11,49.71,10977,UnitedKingdom,Food,1648.57
INV003162,SKU0452,DeluxeWidgetC,32,2011-04-11,61.89,15543,Australia,Food,4691.45
INV003163,SKU0332,StandardWidgetD,70,2011-04-11,129.68,19729,Belgium,Electronics,1823.97
INV003164,SKU0476,StandardWidgetD,21,2011-04-11,49.67,15853,Spain,HomeGarden,4572.73
INV003165,SKU0286,BasicWidgetH,7,2011-04-11,144.68,13772,UnitedKingdom,HomeGarden,4278.6
INV003166,SKU0302,BudgetWidgetE,7,2011-04-11,26.29,12533,Netherlands,Food,2644.03
INV003167,SKU0310,StandardWidgetD,27,2011-04-11,36.63,18669,Australia,Sports,3384.69
INV003168,SKU0207,PremiumWidgetA,8,2011-04-12,69.82,11894,Spain,Sports,3501.89
INV003169,SKU0105,PremiumWidgetA,73,2011-04-12,119.71,19824,Germany,Clothing,3205.82
INV003170,SKU0445,BasicWidgetH,28,2011-04-12,109.87,15351,UnitedKingdom,Sports,804.59
INV003171,SKU0157,ProWidgetF,79,2011-04-12,26.58,12040,Netherlands,Clothing,3464.19
INV003172,SKU0120,ClassicWidgetB,66,2011-04-12,35.88,11565,Germany,Toys,17.09
INV003173,SKU0054,StandardWidgetD,71,2011-04-12,86.5,14125,Australia,Sports,3550.47
INV003174,SKU0399,ClassicWidgetB,47,2011-04-12,44.63,14268,UnitedKingdom,Books,2774.63
INV003175,SKU0011,DeluxeWidgetC,82,2011-04-12,63.64,12839,France,Sports,1299.54
INV003176,SKU0144,EliteWidgetG,86,2011-04-12,73.25,10467,Netherlands,Clothing,4019.02
INV003177,SKU0399,PremiumWidgetA,10,2011-04-12,89.34,13388,Netherlands,HomeGarden,2026.99
INV003178,SKU0395,ProWidgetF,33,2011-04-12,38.03,18176,France,Sports,2429.4
INV003179,SKU0135,DeluxeWidgetC,7,2011-04-12,24.89,16540,Germany,HomeGarden,139.35
INV003180,SKU0467,BasicWidgetH,3,2011-04-12,60.09,17247,Netherlands,HomeGarden,2007.2
INV003181,SKU0002,ProWidgetF,14,2011-04-12,12.76,12743,Germany,Sports,837.65
INV003182,SKU0143,EliteWidgetG,44,2011-04-12,79.25,15642,Australia,Sports,1381.44
INV003183,SKU0029,EliteWidgetG,46,2011-04-12,126.02,19611,France,Books,1261.45
INV003184,SKU0236,BasicWidgetH,61,2011-04-12,18.29,11026,Germany,Toys,231.06
INV003185,SKU0278,BudgetWidgetE,36,2011-04-12,17.35,14631,Australia,Clothing,2303.01
INV003186,SKU0347,BasicWidgetH,13,2011-04-12,12.49,18792,Belgium,Sports,2613.44
INV003187,SKU0114,PremiumWidgetA,16,2011-04-12,127.26,13592,UnitedKingdom,HomeGarden,2855.74
INV003188,SKU0103,DeluxeWidgetC,80,2011-04-12,12.57,10987,Netherlands,HomeGarden,2311.64
INV003189,SKU0117,BudgetWidgetE,5,2011-04-12,147.53,18797,France,Sports,4347.76
INV003190,SKU0004,EliteWidgetG,89,2011-04-12,54.07,17238,UnitedKingdom,Clothing,189.36
INV003191,SKU0467,DeluxeWidgetC,38,2011-04-12,49.65,12747,Belgium,Toys,3069.43
INV003192,SKU0359,ProWidgetF,50,2011-04-13,14.2,18330,UnitedKingdom,HomeGarden,4330.79
INV003193,SKU0247,BudgetWidgetE,38,2011-04-13,88.05,15650,UnitedKingdom,Toys,206.16
INV003194,SKU0363,BudgetWidgetE,56,2011-04-13,88.09,14225,Germany,Toys,2482.04
INV003195,SKU0320,PremiumWidgetA,63,2011-04-13,74.32,14496,Belgium,Books,2945.55
INV003196,SKU0120,BasicWidgetH,48,2011-04-13,47.0,19436,Netherlands,HomeGarden,955.34
INV003197,SKU0285,ClassicWidgetB,90,2011-04-13,55.6,18833,France,Clothing,1263.25
INV003198,SKU0148,ProWidgetF,59,2011-04-13,48.42,10436,Spain,Electronics,3928.18
INV003199,SKU0083,ProWidgetF,77,2011-04-13,64.21,11423,Spain,Books,2837.42
INV003200,SKU0453,BasicWidgetH,44,2011-04-13,51.6,19328,Netherlands,Books,1579.58
INV003201,SKU0405,BudgetWidgetE,90,2011-04-13,101.49,13721,Netherlands,Electronics,3824.01
INV003202,SKU0465,BudgetWidgetE,55,2011-04-13,44.72,15674,Netherlands,Books,3733.83
INV003203,SKU0455,PremiumWidgetA,55,2011-04-13,52.95,18249,Australia,Books,1727.66
INV003204,SKU0230,ClassicWidgetB,1,2011-04-13,65.6,11136,Belgium,Books,2443.75
INV003205,SKU0287,ProWidgetF,8,2011-04-13,1.09,18891,Australia,HomeGarden,3322.93
INV003206,SKU0160,EliteWidgetG,4,2011-04-13,74.07,11145,Australia,HomeGarden,1716.9
INV003207,SKU0271,StandardWidgetD,85,2011-04-13,38.75,15579,Australia,Sports,3145.42
INV003208,SKU0459,StandardWidgetD,86,2011-04-13,8.89,19300,Netherlands,Sports,1256.12
INV003209,SKU0037,ClassicWidgetB,53,2011-04-13,136.7,14495,Netherlands,HomeGarden,1460.81
INV003210,SKU0499,DeluxeWidgetC,58,2011-04-13,48.7,16499,Spain,Books,1554.05
INV003211,SKU0225,PremiumWidgetA,37,2011-04-13,64.2,16242,France,Clothing,4680.34
INV003212,SKU0141,ClassicWidgetB,49,2011-04-13,124.19,18299,Spain,Electronics,4168.53
INV003213,SKU0291,BasicWidgetH,67,2011-04-13,25.43,19097,Spain,Sports,2826.26
INV003214,SKU0480,BasicWidgetH,19,2011-04-13,127.62,14945,France,Food,2819.8
INV003215,SKU0150,StandardWidgetD,1,2011-04-13,36.62,11992,France,Food,281.68
INV003216,SKU0113,BudgetWidgetE,29,2011-04-14,88.56,14122,Spain,Books,3247.89
INV003217,SKU0236,StandardWidgetD,87,2011-04-14,103.01,10805,Spain,Food,1641.27
INV003218,SKU0065,BudgetWidgetE,33,2011-04-14,135.8,11992,Spain,Sports,3061.88
INV003219,SKU0360,PremiumWidgetA,52,2011-04-14,91.34,17496,France,Toys,4201.33
INV003220,SKU0340,BudgetWidgetE,41,2011-04-14,68.26,13600,France,Clothing,228.45
INV003221,SKU0257,ClassicWidgetB,23,2011-04-14,86.05,14010,Australia,Toys,3035.71
INV003222,SKU0474,BudgetWidgetE,5,2011-04-14,30.71,18275,Netherlands,Books,2821.44
INV003223,SKU0248,DeluxeWidgetC,71,2011-04-14,103.52,14358,France,Food,1034.63
INV003224,SKU0456,BasicWidgetH,57,2011-04-14,28.44,15315,Germany,HomeGarden,3232.52
INV003225,SKU0448,ClassicWidgetB,6,2011-04-14,83.81,13320,Belgium,Clothing,2774.62
INV003226,SKU0330,BasicWidgetH,49,2011-04-14,97.32,17549,France,Sports,3836.83
INV003227,SKU0322,PremiumWidgetA,22,2011-04-14,134.84,12505,France,Food,553.98
INV003228,SKU0179,ClassicWidgetB,77,2011-04-14,67.8,17828,Netherlands,Books,2218.59
INV003229,SKU0189,DeluxeWidgetC,76,2011-04-14,116.41,17885,Spain,Toys,4989.67
INV003230,SKU0406,PremiumWidgetA,4,2011-04-14,25.55,12456,Australia,Books,3446.71
INV003231,SKU0153,StandardWidgetD,72,2011-04-14,23.85,17248,UnitedKingdom,Electronics,3421.81
INV003232,SKU0195,DeluxeWidgetC,64,2011-04-14,78.96,17868,Spain,Food,1590.04
INV003233,SKU0465,PremiumWidgetA,37,2011-04-14,89.65,16349,Spain,Electronics,470.35
INV003234,SKU0310,EliteWidgetG,31,2011-04-14,95.03,16963,Netherlands,Toys,4747.52
INV003235,SKU0261,BudgetWidgetE,37,2011-04-14,111.98,13062,Australia,Electronics,528.25
INV003236,SKU0418,ClassicWidgetB,45,2011-04-14,44.59,13852,Germany,HomeGarden,4963.54
INV003237,SKU0405,PremiumWidgetA,90,2011-04-14,93.58,14990,Belgium,Books,629.78
INV003238,SKU0426,ClassicWidgetB,8,2011-04-14,28.63,10387,Belgium,Books,855.37
INV003239,SKU0142,BudgetWidgetE,40,2011-04-14,33.24,17037,UnitedKingdom,Sports,1542.53
INV003240,SKU0341,PremiumWidgetA,97,2011-04-15,10.56,16910,Belgium,Food,2562.36
INV003241,SKU0315,StandardWidgetD,93,2011-04-15,112.18,12003,Australia,Food,3952.22
INV003242,SKU0100,EliteWidgetG,5,2011-04-15,76.3,19223,Spain,Food,4855.07
INV003243,SKU0243,EliteWidgetG,28,2011-04-15,36.11,15745,Australia,HomeGarden,1794.77
INV003244,SKU0489,DeluxeWidgetC,81,2011-04-15,83.66,11540,Netherlands,Food,103.05
INV003245,SKU0011,PremiumWidgetA,87,2011-04-15,53.46,18641,Australia,Food,3083.78
INV003246,SKU0238,BudgetWidgetE,9,2011-04-15,125.66,13547,France,Food,3554.24
INV003247,SKU0048,PremiumWidgetA,2,2011-04-15,79.46,19288,Australia,Electronics,1987.82
INV003248,SKU0041,ClassicWidgetB,63,2011-04-15,4.96,19051,UnitedKingdom,Books,918.2
INV003249,SKU0165,ProWidgetF,96,2011-04-15,147.77,10301,Australia,Electronics,1530.77
INV003250,SKU0081,BasicWidgetH,51,2011-04-15,11.61,17104,Germany,Clothing,3279.34
INV003251,SKU0428,PremiumWidgetA,31,2011-04-15,104.55,12019,Belgium,HomeGarden,2471.42
INV003252,SKU0290,EliteWidgetG,7,2011-04-15,65.87,19072,France,Electronics,3717.38
INV003253,SKU0157,EliteWidgetG,30,2011-04-15,37.77,14161,UnitedKingdom,HomeGarden,1091.63
INV003254,SKU0215,BasicWidgetH,58,2011-04-15,101.63,10229,UnitedKingdom,Toys,4210.09
INV003255,SKU0489,EliteWidgetG,3,2011-04-15,19.32,19113,Spain,Food,780.27
INV003256,SKU0157,StandardWidgetD,51,2011-04-15,128.81,17710,Netherlands,Books,1650.25
INV003257,SKU0461,PremiumWidgetA,56,2011-04-15,37.97,11832,Belgium,Clothing,2956.45
INV003258,SKU0133,DeluxeWidgetC,73,2011-04-15,54.54,18242,Netherlands,Sports,3684.58
INV003259,SKU0066,PremiumWidgetA,10,2011-04-15,95.08,13678,France,Food,1331.64
INV003260,SKU0335,ProWidgetF,61,2011-04-15,0.65,17496,UnitedKingdom,Clothing,4740.65
INV003261,SKU0006,EliteWidgetG,50,2011-04-15,71.18,14482,Spain,HomeGarden,3530.85
INV003262,SKU0435,ClassicWidgetB,47,2011-04-15,134.19,18944,Germany,Clothing,1089.16
INV003263,SKU0013,EliteWidgetG,90,2011-04-15,102.22,15887,Australia,Books,3629.1
INV003264,SKU0072,PremiumWidgetA,1,2011-04-16,58.49,11478,Australia,HomeGarden,3481.97
INV003265,SKU0398,StandardWidgetD,94,2011-04-16,99.23,12088,Australia,Food,3763.67
INV003266,SKU0404,BudgetWidgetE,57,2011-04-16,140.52,16040,Netherlands,HomeGarden,4579.49
INV003267,SKU0162,PremiumWidgetA,38,2011-04-16,28.58,18152,UnitedKingdom,Books,3558.87
INV003268,SKU0065,PremiumWidgetA,62,2011-04-16,80.01,12993,UnitedKingdom,Toys,1760.2
INV003269,SKU0346,DeluxeWidgetC,79,2011-04-16,35.59,13340,Germany,Electronics,3952.8
INV003270,SKU0129,StandardWidgetD,89,2011-04-16,128.21,12343,Netherlands,Sports,3479.61
INV003271,SKU0418,ProWidgetF,70,2011-04-16,108.3,17188,Germany,Toys,2871.72
INV003272,SKU0465,BudgetWidgetE,82,2011-04-16,120.26,11238,UnitedKingdom,Food,1769.81
INV003273,SKU0205,EliteWidgetG,65,2011-04-16,141.48,16856,Australia,Toys,4605.32
INV003274,SKU0275,ClassicWidgetB,62,2011-04-16,35.23,15660,Belgium,Clothing,2564.26
INV003275,SKU0465,PremiumWidgetA,56,2011-04-16,7.78,14339,Netherlands,Food,3140.89
INV003276,SKU0255,ProWidgetF,67,2011-04-16,43.99,18374,Netherlands,Food,2077.4
INV003277,SKU0265,BudgetWidgetE,17,2011-04-16,60.17,18735,Netherlands,Toys,3904.3
INV003278,SKU0024,ClassicWidgetB,8,2011-04-16,93.96,12826,Spain,Sports,1705.86
INV003279,SKU0449,ProWidgetF,60,2011-04-16,119.76,17091,Spain,Food,4053.36
INV003280,SKU0280,StandardWidgetD,40,2011-04-16,52.8,10092,Australia,Food,540.6
INV003281,SKU0252,StandardWidgetD,81,2011-04-16,71.29,12415,Spain,Sports,3545.1
INV003282,SKU0309,BudgetWidgetE,89,2011-04-16,117.93,14254,Netherlands,Toys,2384.93
INV003283,SKU0288,EliteWidgetG,62,2011-04-16,34.19,18126,Spain,Books,3494.07
INV003284,SKU0163,BasicWidgetH,41,2011-04-16,32.96,14533,Spain,Electronics,2657.45
INV003285,SKU0094,ClassicWidgetB,12,2011-04-16,88.59,16516,France,Sports,672.4
INV003286,SKU0269,StandardWidgetD,93,2011-04-16,65.69,14401,Netherlands,HomeGarden,2385.48
INV003287,SKU0320,BasicWidgetH,89,2011-04-16,142.36,13032,Spain,Toys,4822.83
INV003288,SKU0109,BudgetWidgetE,54,2011-04-17,53.88,13289,Australia,Food,3774.45
INV003289,SKU0335,StandardWidgetD,89,2011-04-17,114.05,14438,Spain,Electronics,1501.65
INV003290,SKU0309,StandardWidgetD,93,2011-04-17,87.67,16867,Spain,Books,4720.63
INV003291,SKU0237,ProWidgetF,11,2011-04-17,8.66,13234,Belgium,Toys,3894.95
INV003292,SKU0380,BasicWidgetH,60,2011-04-17,13.12,15997,Netherlands,Sports,1822.87
INV003293,SKU0435,ProWidgetF,68,2011-04-17,30.87,16301,Spain,Toys,3018.27
INV003294,SKU0386,StandardWidgetD,78,2011-04-17,21.9,11133,France,Books,2134.0
INV003295,SKU0482,BasicWidgetH,46,2011-04-17,49.74,12062,France,Clothing,484.36
INV003296,SKU0424,DeluxeWidgetC,38,2011-04-17,87.06,14627,Belgium,Books,4030.34
INV003297,SKU0389,BasicWidgetH,61,2011-04-17,90.55,13471,Spain,HomeGarden,956.2
INV003298,SKU0024,ProWidgetF,17,2011-04-17,88.37,10468,Netherlands,Books,2290.73
INV003299,SKU0140,ClassicWidgetB,66,2011-04-17,18.08,11344,UnitedKingdom,Electronics,3513.49
INV003300,SKU0116,BudgetWidgetE,72,2011-04-17,90.23,19070,UnitedKingdom,Clothing,4661.14
INV003301,SKU0481,BudgetWidgetE,36,2011-04-17,61.76,16098,Germany,Toys,314.57
INV003302,SKU0391,EliteWidgetG,74,2011-04-17,135.51,13807,France,Toys,1966.77
INV003303,SKU0404,ClassicWidgetB,7,2011-04-17,136.84,14736,UnitedKingdom,HomeGarden,3073.62
INV003304,SKU0481,ClassicWidgetB,16,2011-04-17,115.34,14957,Germany,Clothing,3896.77
INV003305,SKU0451,ClassicWidgetB,14,2011-04-17,105.61,13345,UnitedKingdom,HomeGarden,4604.73
INV003306,SKU0024,EliteWidgetG,80,2011-04-17,17.69,10588,Netherlands,Toys,3.49
INV003307,SKU0078,ClassicWidgetB,25,2011-04-17,13.16,13883,Spain,Clothing,3139.19
INV003308,SKU0067,PremiumWidgetA,4,2011-04-17,126.2,19521,France,Sports,35.68
INV003309,SKU0172,EliteWidgetG,29,2011-04-17,64.34,10091,UnitedKingdom,Books,3936.49
INV003310,SKU0443,BudgetWidgetE,56,2011-04-17,67.98,10457,Netherlands,Electronics,749.18
INV003311,SKU0011,PremiumWidgetA,6,2011-04-17,127.25,11884,Germany,Electronics,4473.21
INV003312,SKU0287,EliteWidgetG,1,2011-04-18,93.4,13121,Netherlands,Sports,776.47
INV003313,SKU0127,StandardWidgetD,39,2011-04-18,27.32,17642,Germany,Food,3821.88
INV003314,SKU0095,StandardWidgetD,1,2011-04-18,32.05,15611,UnitedKingdom,Clothing,1447.23
INV003315,SKU0091,BudgetWidgetE,63,2011-04-18,1.45,17952,Spain,Books,2786.71
INV003316,SKU0140,StandardWidgetD,57,2011-04-18,106.75,19595,Australia,Sports,3042.56
INV003317,SKU0030,ClassicWidgetB,67,2011-04-18,73.1,13703,Spain,Clothing,1034.6
INV003318,SKU0333,EliteWidgetG,65,2011-04-18,142.52,14482,Netherlands,Books,1494.19
INV003319,SKU0019,PremiumWidgetA,65,2011-04-18,107.24,11981,Australia,Clothing,538.43
INV003320,SKU0145,ClassicWidgetB,21,2011-04-18,15.92,19984,France,Electronics,27.44
INV003321,SKU0476,StandardWidgetD,30,2011-04-18,24.65,14466,Australia,Books,1198.1
INV003322,SKU0315,ProWidgetF,96,2011-04-18,75.51,12231,Spain,Electronics,2580.5
INV003323,SKU0446,BasicWidgetH,33,2011-04-18,138.77,18963,France,Electronics,3568.27
INV003324,SKU0389,PremiumWidgetA,48,2011-04-18,37.46,15781,Belgium,Books,3968.0
INV003325,SKU0159,ClassicWidgetB,22,2011-04-18,123.92,18396,UnitedKingdom,Sports,349.76
INV003326,SKU0348,EliteWidgetG,94,2011-04-18,47.18,18413,UnitedKingdom,Clothing,1362.79
INV003327,SKU0042,BudgetWidgetE,54,2011-04-18,40.85,19383,Netherlands,Books,3851.35
INV003328,SKU0253,ClassicWidgetB,4,2011-04-18,135.26,13315,Australia,Toys,2404.86
INV003329,SKU0129,ProWidgetF,87,2011-04-18,7.56,15175,France,Electronics,911.75
INV003330,SKU0059,StandardWidgetD,55,2011-04-18,99.28,11598,France,Clothing,1961.68
INV003331,SKU0150,PremiumWidgetA,44,2011-04-18,6.95,14262,Australia,Books,1350.9
INV003332,SKU0466,BudgetWidgetE,89,2011-04-18,120.21,11542,Spain,Sports,254.22
INV003333,SKU0286,PremiumWidgetA,12,2011-04-18,124.5,18333,Belgium,Books,3818.37
INV003334,SKU0498,BudgetWidgetE,81,2011-04-18,134.06,10089,UnitedKingdom,Books,1459.18
INV003335,SKU0004,BasicWidgetH,79,2011-04-18,28.32,14406,Spain,HomeGarden,4725.71
INV003336,SKU0466,EliteWidgetG,74,2011-04-19,19.11,15490,UnitedKingdom,Toys,4440.74
INV003337,SKU0417,PremiumWidgetA,99,2011-04-19,75.78,13706,France,Clothing,3581.67
INV003338,SKU0265,StandardWidgetD,52,2011-04-19,41.11,11209,Netherlands,Books,1633.85
INV003339,SKU0344,EliteWidgetG,93,2011-04-19,91.14,14978,Belgium,Electronics,1400.34
INV003340,SKU0129,EliteWidgetG,76,2011-04-19,77.31,13224,UnitedKingdom,Electronics,2376.88
INV003341,SKU0381,BasicWidgetH,65,2011-04-19,22.16,14856,Germany,HomeGarden,1773.66
INV003342,SKU0266,BudgetWidgetE,65,2011-04-19,111.02,17793,France,Electronics,4505.89
INV003343,SKU0177,DeluxeWidgetC,10,2011-04-19,120.67,16239,Australia,Books,618.35
INV003344,SKU0252,PremiumWidgetA,18,2011-04-19,144.47,16853,Australia,Clothing,3622.61
INV003345,SKU0414,PremiumWidgetA,47,2011-04-19,59.63,19551,Spain,HomeGarden,3054.87
INV003346,SKU0055,ClassicWidgetB,66,2011-04-19,50.99,11538,Spain,Toys,4031.7
INV003347,SKU0462,BudgetWidgetE,49,2011-04-19,29.24,10148,France,Food,2712.89
INV003348,SKU0456,ProWidgetF,72,2011-04-19,27.54,18065,Spain,HomeGarden,3148.07
INV003349,SKU0470,DeluxeWidgetC,22,2011-04-19,48.5,17699,Spain,Sports,4813.74
INV003350,SKU0082,StandardWidgetD,86,2011-04-19,147.28,11425,France,Sports,460.72
INV003351,SKU0392,ClassicWidgetB,26,2011-04-19,14.29,11717,UnitedKingdom,Clothing,525.22
INV003352,SKU0098,BasicWidgetH,90,2011-04-19,39.28,19546,France,Clothing,1968.64
INV003353,SKU0148,DeluxeWidgetC,9,2011-04-19,13.35,12635,France,Food,2364.19
INV003354,SKU0328,BudgetWidgetE,21,2011-04-19,41.41,12363,Spain,HomeGarden,1000.16
INV003355,SKU0155,DeluxeWidgetC,95,2011-04-19,14.31,13107,Germany,Books,414.26
INV003356,SKU0189,BasicWidgetH,63,2011-04-19,76.49,15628,Australia,Books,111.86
INV003357,SKU0493,EliteWidgetG,6,2011-04-19,66.03,11501,Spain,Sports,3823.2
INV003358,SKU0370,PremiumWidgetA,14,2011-04-19,26.52,11451,UnitedKingdom,Clothing,2425.8
INV003359,SKU0262,EliteWidgetG,33,2011-04-19,26.63,18641,Netherlands,Food,4217.17
INV003360,SKU0079,PremiumWidgetA,71,2011-04-20,94.1,11835,UnitedKingdom,Clothing,1804.83
INV003361,SKU0399,ClassicWidgetB,24,2011-04-20,58.37,19635,Australia,Books,3517.53
INV003362,SKU0251,BasicWidgetH,73,2011-04-20,8.9,15851,Netherlands,Sports,2443.11
INV003363,SKU0096,BudgetWidgetE,75,2011-04-20,138.07,12948,France,Books,3060.74
INV003364,SKU0259,BudgetWidgetE,87,2011-04-20,61.04,13935,Germany,Books,1851.61
INV003365,SKU0259,DeluxeWidgetC,51,2011-04-20,88.86,16830,Germany,HomeGarden,406.77
INV003366,SKU0102,ClassicWidgetB,2,2011-04-20,132.87,13709,Australia,Clothing,4736.92
INV003367,SKU0039,BudgetWidgetE,15,2011-04-20,60.62,11289,Spain,HomeGarden,4180.61
INV003368,SKU0272,ProWidgetF,35,2011-04-20,123.19,10503,Australia,HomeGarden,1560.15
INV003369,SKU0100,ProWidgetF,36,2011-04-20,137.26,17951,Germany,Books,4793.56
INV003370,SKU0358,EliteWidgetG,92,2011-04-20,26.52,15051,Belgium,Sports,1503.14
INV003371,SKU0379,PremiumWidgetA,39,2011-04-20,133.93,13097,Netherlands,Books,2215.51
INV003372,SKU0307,DeluxeWidgetC,4,2011-04-20,18.41,12147,Netherlands,Toys,3775.92
INV003373,SKU0220,StandardWidgetD,64,2011-04-20,41.63,19657,Spain,Sports,1545.71
INV003374,SKU0307,BasicWidgetH,74,2011-04-20,121.33,14520,UnitedKingdom,Food,1623.22
INV003375,SKU0419,PremiumWidgetA,6,2011-04-20,135.15,11897,France,Clothing,2051.0
INV003376,SKU0123,ClassicWidgetB,57,2011-04-20,102.78,13716,Spain,Toys,2342.48
INV003377,SKU0421,BudgetWidgetE,30,2011-04-20,16.17,18842,Netherlands,Toys,618.96
INV003378,SKU0230,PremiumWidgetA,99,2011-04-20,78.69,11210,France,Toys,88.44
INV003379,SKU0177,StandardWidgetD,74,2011-04-20,86.11,12187,Australia,Electronics,4595.87
INV003380,SKU0062,StandardWidgetD,96,2011-04-20,42.64,18058,Netherlands,Clothing,1766.59
INV003381,SKU0484,ProWidgetF,67,2011-04-20,148.7,13820,Netherlands,Books,509.34
INV003382,SKU0115,ClassicWidgetB,90,2011-04-20,50.68,10368,Netherlands,Sports,3796.1
INV003383,SKU0190,PremiumWidgetA,15,2011-04-20,31.93,12843,UnitedKingdom,Toys,1476.01
INV003384,SKU0061,DeluxeWidgetC,17,2011-04-21,16.97,13450,Spain,Electronics,909.14
INV003385,SKU0255,PremiumWidgetA,91,2011-04-21,57.09,13518,Australia,Toys,4813.09
INV003386,SKU0482,ProWidgetF,18,2011-04-21,104.05,16644,Germany,Sports,4602.79
INV003387,SKU0006,EliteWidgetG,19,2011-04-21,35.1,19828,UnitedKingdom,Food,529.62
INV003388,SKU0154,StandardWidgetD,76,2011-04-21,115.55,13860,UnitedKingdom,Sports,4496.53
INV003389,SKU0091,ClassicWidgetB,88,2011-04-21,20.74,11144,Netherlands,Food,4454.45
INV003390,SKU0469,ClassicWidgetB,69,2011-04-21,66.35,13126,UnitedKingdom,Electronics,3172.24
INV003391,SKU0013,DeluxeWidgetC,24,2011-04-21,105.5,17660,Spain,Electronics,2649.16
INV003392,SKU0454,ClassicWidgetB,91,2011-04-21,20.73,10017,Spain,Clothing,1087.98
INV003393,SKU0228,ProWidgetF,48,2011-04-21,89.88,15999,Spain,HomeGarden,607.8
INV003394,SKU0085,ProWidgetF,30,2011-04-21,119.94,11656,Germany,Toys,3032.24
INV003395,SKU0132,ProWidgetF,15,2011-04-21,89.53,11596,UnitedKingdom,Electronics,4109.96
INV003396,SKU0182,ClassicWidgetB,47,2011-04-21,76.96,19137,Belgium,Toys,3443.53
INV003397,SKU0385,ClassicWidgetB,44,2011-04-21,125.83,11287,Spain,HomeGarden,904.82
INV003398,SKU0061,ProWidgetF,98,2011-04-21,147.82,10267,UnitedKingdom,HomeGarden,1450.8
INV003399,SKU0218,ClassicWidgetB,27,2011-04-21,27.61,10434,Netherlands,HomeGarden,2732.54
INV003400,SKU0404,BasicWidgetH,84,2011-04-21,103.86,12035,Australia,Food,3125.34
INV003401,SKU0245,ClassicWidgetB,64,2011-04-21,12.56,12497,Spain,HomeGarden,362.19
INV003402,SKU0229,BasicWidgetH,41,2011-04-21,6.9,16440,Germany,Electronics,3070.64
INV003403,SKU0078,StandardWidgetD,96,2011-04-21,42.48,16037,Netherlands,Toys,3681.86
INV003404,SKU0148,PremiumWidgetA,68,2011-04-21,145.65,17806,UnitedKingdom,Sports,907.61
INV003405,SKU0137,BudgetWidgetE,5,2011-04-21,83.05,13208,Spain,Toys,1231.85
INV003406,SKU0470,BasicWidgetH,53,2011-04-21,40.61,11613,Germany,Toys,1295.22
INV003407,SKU0313,BasicWidgetH,8,2011-04-21,20.32,18910,Belgium,Electronics,4699.11
INV003408,SKU0375,ClassicWidgetB,22,2011-04-22,138.07,17164,France,Electronics,2035.67
INV003409,SKU0422,BudgetWidgetE,7,2011-04-22,54.67,12231,Spain,Books,2653.33
INV003410,SKU0388,EliteWidgetG,22,2011-04-22,46.35,16463,Belgium,Books,3621.85
INV003411,SKU0064,BudgetWidgetE,46,2011-04-22,128.77,18932,Belgium,Clothing,1857.93
INV003412,SKU0012,StandardWidgetD,30,2011-04-22,90.86,15695,Spain,HomeGarden,528.67
INV003413,SKU0212,BasicWidgetH,16,2011-04-22,25.71,18996,UnitedKingdom,HomeGarden,3271.96
INV003414,SKU0473,ClassicWidgetB,79,2011-04-22,63.52,14512,Australia,Books,3336.7
INV003415,SKU0241,ProWidgetF,5,2011-04-22,139.27,17960,UnitedKingdom,Sports,1303.48
INV003416,SKU0492,BudgetWidgetE,67,2011-04-22,135.23,14886,Australia,Clothing,177.11
INV003417,SKU0212,ClassicWidgetB,23,2011-04-22,10.98,13771,France,Toys,3327.1
INV003418,SKU0180,DeluxeWidgetC,61,2011-04-22,40.66,19918,Netherlands,Sports,3517.42
INV003419,SKU0337,EliteWidgetG,74,2011-04-22,23.6,16023,Netherlands,Books,131.3
INV003420,SKU0484,ProWidgetF,5,2011-04-22,80.3,15904,Belgium,Toys,3466.22
INV003421,SKU0172,DeluxeWidgetC,23,2011-04-22,112.62,13512,Spain,Sports,4694.7
INV003422,SKU0159,DeluxeWidgetC,79,2011-04-22,44.68,19290,Netherlands,HomeGarden,894.75
INV003423,SKU0163,BudgetWidgetE,82,2011-04-22,113.82,18103,Germany,Books,2607.1
INV003424,SKU0464,DeluxeWidgetC,25,2011-04-22,100.47,11844,Australia,Toys,3484.19
INV003425,SKU0482,StandardWidgetD,8,2011-04-22,109.37,13924,UnitedKingdom,Sports,1151.17
INV003426,SKU0496,StandardWidgetD,95,2011-04-22,142.26,14881,Germany,Clothing,3757.99
INV003427,SKU0187,BudgetWidgetE,21,2011-04-22,63.98,10534,Germany,Clothing,4340.57
INV003428,SKU0394,ClassicWidgetB,2,2011-04-22,51.71,17577,UnitedKingdom,Electronics,4072.94
INV003429,SKU0190,PremiumWidgetA,22,2011-04-22,102.74,15730,France,Food,1295.24
INV003430,SKU0404,ClassicWidgetB,72,2011-04-22,121.23,18476,Belgium,Toys,4021.28
INV003431,SKU0307,ClassicWidgetB,87,2011-04-22,29.12,17987,Netherlands,Books,2067.3
INV003432,SKU0255,ClassicWidgetB,96,2011-04-23,127.1,19321,France,Books,1333.05
INV003433,SKU0182,ClassicWidgetB,72,2011-04-23,9.15,18695,France,Toys,840.69
INV003434,SKU0116,ProWidgetF,68,2011-04-23,1.46,14141,Netherlands,Books,4545.0
INV003435,SKU0281,PremiumWidgetA,64,2011-04-23,24.18,17936,France,HomeGarden,2135.06
INV003436,SKU0195,ProWidgetF,94,2011-04-23,146.81,18728,Germany,HomeGarden,4328.79
INV003437,SKU0033,DeluxeWidgetC,19,2011-04-23,78.77,18253,Spain,Books,798.57
INV003438,SKU0051,EliteWidgetG,87,2011-04-23,7.46,15861,UnitedKingdom,Toys,3835.2
INV003439,SKU0111,ClassicWidgetB,82,2011-04-23,149.58,15201,Spain,Sports,550.96
INV003440,SKU0251,EliteWidgetG,53,2011-04-23,111.86,12383,Germany,HomeGarden,88.81
INV003441,SKU0081,StandardWidgetD,93,2011-04-23,125.78,18402,Spain,Toys,4975.25
INV003442,SKU0231,BudgetWidgetE,87,2011-04-23,32.33,12447,Germany,Books,368.61
INV003443,SKU0226,BudgetWidgetE,97,2011-04-23,16.26,14804,Australia,HomeGarden,2308.24
INV003444,SKU0232,ProWidgetF,52,2011-04-23,77.51,13269,Netherlands,Toys,4392.05
INV003445,SKU0220,ProWidgetF,47,2011-04-23,115.94,18568,Netherlands,Electronics,4097.08
INV003446,SKU0435,StandardWidgetD,82,2011-04-23,95.85,19377,Spain,Clothing,2356.41
INV003447,SKU0412,ClassicWidgetB,54,2011-04-23,94.84,16964,Germany,Food,3054.63
INV003448,SKU0421,EliteWidgetG,44,2011-04-23,113.69,17062,Netherlands,Electronics,3148.9
INV003449,SKU0041,BasicWidgetH,97,2011-04-23,34.44,13498,Australia,Books,550.02
INV003450,SKU0020,EliteWidgetG,7,2011-04-23,99.4,12847,Spain,Toys,1425.24
INV003451,SKU0041,PremiumWidgetA,92,2011-04-23,59.12,17658,UnitedKingdom,Clothing,1505.61
INV003452,SKU0396,DeluxeWidgetC,1,2011-04-23,10.93,17446,France,Sports,1891.26
INV003453,SKU0112,BudgetWidgetE,63,2011-04-23,30.72,18083,Belgium,Books,1370.31
INV003454,SKU0104,DeluxeWidgetC,98,2011-04-23,119.2,18978,Netherlands,Sports,1258.24
INV003455,SKU0191,PremiumWidgetA,39,2011-04-23,134.44,10732,Germany,Sports,1774.57
INV003456,SKU0016,ProWidgetF,19,2011-04-24,42.78,15063,Netherlands,HomeGarden,1896.75
INV003457,SKU0119,EliteWidgetG,31,2011-04-24,28.96,17313,Germany,HomeGarden,2436.63
INV003458,SKU0392,BudgetWidgetE,77,2011-04-24,4.5,17236,Spain,Clothing,868.5
INV003459,SKU0424,DeluxeWidgetC,24,2011-04-24,142.18,12699,Spain,Clothing,3941.89
INV003460,SKU0128,BasicWidgetH,69,2011-04-24,102.74,12158,France,Toys,4303.48
INV003461,SKU0129,ProWidgetF,87,2011-04-24,143.58,13664,Netherlands,HomeGarden,1241.58
INV003462,SKU0059,PremiumWidgetA,83,2011-04-24,129.65,19270,France,Food,617.38
INV003463,SKU0047,BasicWidgetH,65,2011-04-24,51.4,17811,Germany,Clothing,3611.84
INV003464,SKU0028,DeluxeWidgetC,33,2011-04-24,17.35,18153,Australia,Toys,4621.3
INV003465,SKU0096,BasicWidgetH,59,2011-04-24,75.11,14619,Australia,Electronics,176.71
INV003466,SKU0009,EliteWidgetG,33,2011-04-24,4.51,12193,Belgium,Books,73.17
INV003467,SKU0241,ClassicWidgetB,32,2011-04-24,22.91,14563,UnitedKingdom,Electronics,917.94
INV003468,SKU0313,BasicWidgetH,59,2011-04-24,35.4,19776,Germany,Books,3424.28
INV003469,SKU0443,ProWidgetF,92,2011-04-24,100.01,13006,Germany,Toys,4823.94
INV003470,SKU0231,PremiumWidgetA,41,2011-04-24,76.73,14044,Germany,HomeGarden,3752.15
INV003471,SKU0276,DeluxeWidgetC,12,2011-04-24,45.71,11210,Spain,Food,2865.59
INV003472,SKU0283,EliteWidgetG,73,2011-04-24,84.93,11986,Spain,Electronics,3503.05
INV003473,SKU0202,ClassicWidgetB,11,2011-04-24,19.22,13170,Australia,Food,1154.26
INV003474,SKU0246,ClassicWidgetB,97,2011-04-24,113.48,17473,Australia,Sports,3443.07
INV003475,SKU0289,PremiumWidgetA,19,2011-04-24,106.95,11748,Belgium,Electronics,1607.9
INV003476,SKU0263,StandardWidgetD,54,2011-04-24,32.87,10757,Belgium,Clothing,1112.89
INV003477,SKU0442,EliteWidgetG,57,2011-04-24,91.16,19369,Australia,Electronics,1183.54
INV003478,SKU0213,EliteWidgetG,42,2011-04-24,75.74,10918,Netherlands,HomeGarden,3339.27
INV003479,SKU0199,BudgetWidgetE,98,2011-04-24,9.59,19311,Netherlands,HomeGarden,3836.36
INV003480,SKU0432,PremiumWidgetA,71,2011-04-25,42.08,18897,Australia,Food,2909.43
INV003481,SKU0078,ClassicWidgetB,31,2011-04-25,149.92,16054,France,Clothing,320.21
INV003482,SKU0400,ClassicWidgetB,52,2011-04-25,15.38,14929,Netherlands,Books,191.01
INV003483,SKU0443,BasicWidgetH,2,2011-04-25,76.21,12861,Spain,Clothing,1086.62
INV003484,SKU0342,PremiumWidgetA,83,2011-04-25,127.48,14494,Netherlands,Toys,1433.06
INV003485,SKU0343,StandardWidgetD,38,2011-04-25,45.45,11807,Netherlands,Books,2024.69
INV003486,SKU0172,BudgetWidgetE,32,2011-04-25,39.48,19591,Netherlands,HomeGarden,381.06
INV003487,SKU0466,DeluxeWidgetC,10,2011-04-25,133.67,12649,Belgium,Food,3626.07
INV003488,SKU0068,PremiumWidgetA,8,2011-04-25,46.07,14423,Belgium,Food,3557.78
INV003489,SKU0415,BudgetWidgetE,90,2011-04-25,97.9,11295,UnitedKingdom,HomeGarden,1734.04
INV003490,SKU0427,EliteWidgetG,94,2011-04-25,111.18,19812,Netherlands,Toys,2815.45
INV003491,SKU0448,BudgetWidgetE,75,2011-04-25,118.4,12442,France,Books,505.48
INV003492,SKU0086,BasicWidgetH,20,2011-04-25,149.22,17639,Belgium,Electronics,2076.68
INV003493,SKU0100,ProWidgetF,20,2011-04-25,120.58,12595,UnitedKingdom,Electronics,4287.97
INV003494,SKU0007,ClassicWidgetB,9,2011-04-25,98.72,15137,Spain,Clothing,3303.45
INV003495,SKU0332,BasicWidgetH,72,2011-04-25,134.37,11072,Spain,Food,520.61
INV003496,SKU0199,DeluxeWidgetC,15,2011-04-25,135.91,14075,Netherlands,HomeGarden,4238.04
INV003497,SKU0086,PremiumWidgetA,98,2011-04-25,145.99,19641,Germany,Electronics,3403.8
INV003498,SKU0042,BasicWidgetH,88,2011-04-25,116.58,13942,UnitedKingdom,HomeGarden,2265.83
INV003499,SKU0384,ClassicWidgetB,97,2011-04-25,29.64,11771,Belgium,Clothing,3460.76
INV003500,SKU0108,ProWidgetF,63,2011-04-25,106.62,15675,Spain,Sports,864.93
INV003501,SKU0434,BasicWidgetH,91,2011-04-25,11.73,11017,Netherlands,HomeGarden,2752.88
INV003502,SKU0407,ProWidgetF,21,2011-04-25,48.04,13692,France,Sports,3090.02
INV003503,SKU0482,BasicWidgetH,5,2011-04-25,17.81,18710,Australia,Food,4638.8
INV003504,SKU0151,ClassicWidgetB,35,2011-04-26,142.52,12351,Spain,HomeGarden,335.39
INV003505,SKU0016,StandardWidgetD,85,2011-04-26,51.14,19327,Netherlands,Books,1874.54
INV003506,SKU0132,BudgetWidgetE,68,2011-04-26,107.13,12772,Germany,Toys,4684.14
INV003507,SKU0147,PremiumWidgetA,48,2011-04-26,85.91,10911,France,Sports,1086.89
INV003508,SKU0276,PremiumWidgetA,80,2011-04-26,16.57,19007,Spain,Books,4066.19
INV003509,SKU0231,PremiumWidgetA,95,2011-04-26,84.42,10973,UnitedKingdom,Toys,9.03
INV003510,SKU0313,ClassicWidgetB,90,2011-04-26,99.32,13102,France,Books,130.39
INV003511,SKU0414,EliteWidgetG,62,2011-04-26,132.29,17462,Netherlands,Clothing,1638.79
INV003512,SKU0365,StandardWidgetD,35,2011-04-26,10.98,11800,Belgium,Clothing,3842.75
INV003513,SKU0227,DeluxeWidgetC,70,2011-04-26,44.7,10808,Spain,Electronics,521.61
INV003514,SKU0138,ProWidgetF,97,2011-04-26,104.0,15438,Spain,Sports,1914.89
INV003515,SKU0435,ClassicWidgetB,21,2011-04-26,5.63,15133,Germany,Electronics,658.21
INV003516,SKU0398,EliteWidgetG,80,2011-04-26,30.93,18761,Spain,Food,1118.74
INV003517,SKU0210,DeluxeWidgetC,39,2011-04-26,33.19,10969,Belgium,Sports,2515.47
INV003518,SKU0390,ProWidgetF,34,2011-04-26,100.56,14079,France,Clothing,1596.37
INV003519,SKU0498,ProWidgetF,15,2011-04-26,43.25,11879,Spain,Clothing,1060.35
INV003520,SKU0027,StandardWidgetD,6,2011-04-26,90.14,13319,France,Toys,1968.09
INV003521,SKU0050,BudgetWidgetE,66,2011-04-26,144.82,14705,Australia,Toys,3505.57
INV003522,SKU0490,PremiumWidgetA,88,2011-04-26,119.09,16611,Belgium,Clothing,597.97
INV003523,SKU0441,BasicWidgetH,56,2011-04-26,50.27,10387,Australia,Food,2398.49
INV003524,SKU0260,DeluxeWidgetC,49,2011-04-26,71.12,18067,Netherlands,Sports,1374.32
INV003525,SKU0260,ClassicWidgetB,92,2011-04-26,30.5,15957,UnitedKingdom,Food,1893.73
INV003526,SKU0349,DeluxeWidgetC,1,2011-04-26,2.85,12489,UnitedKingdom,Food,4107.95
INV003527,SKU0351,BudgetWidgetE,65,2011-04-26,43.81,17509,Germany,Clothing,4648.72
INV003528,SKU0007,PremiumWidgetA,28,2011-04-27,55.73,18707,Belgium,Electronics,1215.65
INV003529,SKU0319,DeluxeWidgetC,20,2011-04-27,84.87,15937,Netherlands,Books,3150.22
INV003530,SKU0137,BudgetWidgetE,48,2011-04-27,141.64,13844,UnitedKingdom,Toys,3383.71
INV003531,SKU0037,ClassicWidgetB,72,2011-04-27,142.2,12890,Spain,Food,4212.59
INV003532,SKU0110,StandardWidgetD,65,2011-04-27,10.98,11442,France,Sports,4495.31
INV003533,SKU0479,EliteWidgetG,90,2011-04-27,92.39,10722,Netherlands,Books,2340.49
INV003534,SKU0367,ProWidgetF,51,2011-04-27,6.83,18947,France,Electronics,4912.9
INV003535,SKU0219,ClassicWidgetB,43,2011-04-27,97.39,12250,Germany,HomeGarden,4854.17
INV003536,SKU0336,PremiumWidgetA,49,2011-04-27,18.1,11908,Belgium,Toys,2532.83
INV003537,SKU0222,ProWidgetF,25,2011-04-27,141.99,12586,Spain,Clothing,2710.62
INV003538,SKU0135,EliteWidgetG,74,2011-04-27,129.72,18577,Netherlands,Toys,3339.08
INV003539,SKU0255,ClassicWidgetB,76,2011-04-27,3.84,16126,Spain,Toys,1869.71
INV003540,SKU0359,BasicWidgetH,41,2011-04-27,117.43,16773,Spain,Toys,3310.56
INV003541,SKU0408,ClassicWidgetB,71,2011-04-27,95.57,18190,Belgium,Electronics,2571.91
INV003542,SKU0328,ClassicWidgetB,64,2011-04-27,74.56,14087,Spain,HomeGarden,178.15
INV003543,SKU0449,BasicWidgetH,61,2011-04-27,90.59,19683,Germany,Sports,4263.79
INV003544,SKU0462,ClassicWidgetB,12,2011-04-27,101.9,15078,Belgium,Electronics,4702.29
INV003545,SKU0433,ProWidgetF,81,2011-04-27,132.73,18142,Australia,Sports,132.12
INV003546,SKU0450,PremiumWidgetA,69,2011-04-27,115.22,13318,Germany,Books,3946.52
INV003547,SKU0048,EliteWidgetG,14,2011-04-27,86.52,13038,Spain,Books,1929.68
INV003548,SKU0291,BudgetWidgetE,34,2011-04-27,123.78,19264,Australia,Sports,2928.57
INV003549,SKU0381,DeluxeWidgetC,48,2011-04-27,148.04,10768,Netherlands,Food,2500.47
INV003550,SKU0323,BasicWidgetH,61,2011-04-27,45.38,19178,France,Books,2757.0
INV003551,SKU0077,StandardWidgetD,81,2011-04-27,18.2,15557,France,Books,2476.44
INV003552,SKU0104,BasicWidgetH,35,2011-04-28,109.85,15262,France,Clothing,4267.02
INV003553,SKU0168,EliteWidgetG,65,2011-04-28,146.8,10196,Germany,Sports,3417.85
INV003554,SKU0216,DeluxeWidgetC,59,2011-04-28,17.95,12307,Netherlands,Sports,2063.77
INV003555,SKU0377,DeluxeWidgetC,36,2011-04-28,65.04,11389,Netherlands,HomeGarden,3443.15
INV003556,SKU0118,StandardWidgetD,79,2011-04-28,9.81,16739,Australia,Toys,4825.27
INV003557,SKU0189,EliteWidgetG,19,2011-04-28,116.59,15311,Netherlands,Clothing,402.46
INV003558,SKU0254,ProWidgetF,42,2011-04-28,142.33,13558,France,Electronics,1941.06
INV003559,SKU0369,PremiumWidgetA,69,2011-04-28,75.1,12990,Netherlands,Clothing,4352.4
INV003560,SKU0265,StandardWidgetD,19,2011-04-28,61.72,15997,Australia,Electronics,3695.54
INV003561,SKU0148,PremiumWidgetA,39,2011-04-28,136.2,19861,Netherlands,Sports,4674.71
INV003562,SKU0163,ProWidgetF,69,2011-04-28,20.44,19609,Netherlands,Clothing,200.01
INV003563,SKU0139,DeluxeWidgetC,52,2011-04-28,133.79,16253,France,Food,4314.02
INV003564,SKU0346,PremiumWidgetA,12,2011-04-28,59.12,16233,Netherlands,HomeGarden,3959.2
INV003565,SKU0487,ProWidgetF,83,2011-04-28,84.13,19778,Germany,Toys,4075.38
INV003566,SKU0257,ProWidgetF,47,2011-04-28,79.48,14667,Belgium,Books,2986.72
INV003567,SKU0373,BudgetWidgetE,76,2011-04-28,92.59,14402,Australia,Electronics,260.53
INV003568,SKU0268,StandardWidgetD,36,2011-04-28,141.35,16205,Australia,Books,2696.11
INV003569,SKU0180,BudgetWidgetE,63,2011-04-28,142.69,19123,Australia,Toys,2039.35
INV003570,SKU0159,BasicWidgetH,76,2011-04-28,124.76,16988,Netherlands,Sports,2635.68
INV003571,SKU0350,DeluxeWidgetC,82,2011-04-28,29.14,19734,Germany,Sports,3701.74
INV003572,SKU0399,StandardWidgetD,51,2011-04-28,50.36,11992,Belgium,Sports,2980.21
INV003573,SKU0287,DeluxeWidgetC,43,2011-04-28,73.43,14059,Spain,Books,1463.52
INV003574,SKU0287,BudgetWidgetE,34,2011-04-28,135.87,17203,Spain,Toys,2997.94
INV003575,SKU0379,EliteWidgetG,97,2011-04-28,78.37,16893,Australia,Food,416.61
INV003576,SKU0225,ProWidgetF,49,2011-04-29,146.63,13144,UnitedKingdom,Sports,27.82
INV003577,SKU0010,DeluxeWidgetC,18,2011-04-29,147.58,16882,Spain,Sports,2008.24
INV003578,SKU0009,StandardWidgetD,61,2011-04-29,89.99,17470,Spain,Books,3786.17
INV003579,SKU0270,BasicWidgetH,57,2011-04-29,131.69,19726,France,Sports,4113.35
INV003580,SKU0272,StandardWidgetD,93,2011-04-29,149.88,12674,UnitedKingdom,Toys,2749.65
INV003581,SKU0423,DeluxeWidgetC,5,2011-04-29,127.53,14548,UnitedKingdom,Electronics,4340.17
INV003582,SKU0401,StandardWidgetD,89,2011-04-29,98.71,19052,Australia,Clothing,630.45
INV003583,SKU0182,BasicWidgetH,24,2011-04-29,126.85,11552,Belgium,Electronics,4820.57
INV003584,SKU0456,ProWidgetF,93,2011-04-29,12.86,16014,Belgium,Food,4608.88
INV003585,SKU0152,EliteWidgetG,64,2011-04-29,95.41,11392,UnitedKingdom,Sports,2996.59
INV003586,SKU0487,ProWidgetF,59,2011-04-29,32.87,18572,UnitedKingdom,Toys,294.55
INV003587,SKU0314,StandardWidgetD,38,2011-04-29,17.85,15338,Spain,Toys,2271.56
INV003588,SKU0333,BasicWidgetH,33,2011-04-29,133.98,10648,Germany,Sports,897.19
INV003589,SKU0123,BasicWidgetH,10,2011-04-29,96.13,16394,France,Food,3142.5
INV003590,SKU0472,DeluxeWidgetC,37,2011-04-29,36.91,14660,Netherlands,Food,950.64
INV003591,SKU0113,BudgetWidgetE,97,2011-04-29,58.32,10820,Australia,Sports,2409.51
INV003592,SKU0277,StandardWidgetD,87,2011-04-29,146.0,10471,Spain,Sports,1028.93
INV003593,SKU0499,StandardWidgetD,11,2011-04-29,129.4,18054,Spain,Books,910.04
INV003594,SKU0413,StandardWidgetD,24,2011-04-29,2.83,10121,Australia,Toys,1240.37
INV003595,SKU0467,StandardWidgetD,88,2011-04-29,146.98,15445,UnitedKingdom,Clothing,146.95
INV003596,SKU0212,DeluxeWidgetC,71,2011-04-29,55.6,17695,Netherlands,Books,3580.86
INV003597,SKU0171,BudgetWidgetE,21,2011-04-29,104.47,14876,Spain,Books,1534.33
INV003598,SKU0287,BudgetWidgetE,20,2011-04-29,107.05,12795,Netherlands,Toys,3490.84
INV003599,SKU0434,PremiumWidgetA,10,2011-04-29,136.8,14216,Netherlands,Food,3267.74
INV003600,SKU0173,StandardWidgetD,89,2011-04-30,132.82,12186,Australia,Sports,331.5
INV003601,SKU0112,StandardWidgetD,47,2011-04-30,42.62,12134,Australia,Electronics,1560.86
INV003602,SKU0375,PremiumWidgetA,47,2011-04-30,96.71,12177,Belgium,Toys,2834.74
INV003603,SKU0404,BudgetWidgetE,15,2011-04-30,59.36,12299,Spain,Electronics,4592.09
INV003604,SKU0482,BasicWidgetH,44,2011-04-30,79.07,15981,Spain,HomeGarden,2007.2
INV003605,SKU0121,BasicWidgetH,62,2011-04-30,83.42,11383,Belgium,Toys,2524.45
INV003606,SKU0031,ClassicWidgetB,6,2011-04-30,59.75,14142,Belgium,Clothing,3751.04
INV003607,SKU0221,ProWidgetF,66,2011-04-30,69.85,11968,Spain,Toys,4016.67
INV003608,SKU0118,ClassicWidgetB,76,2011-04-30,31.65,16644,Germany,HomeGarden,4616.78
INV003609,SKU0038,BudgetWidgetE,4,2011-04-30,91.34,12472,Australia,Books,2486.45
INV003610,SKU0496,EliteWidgetG,23,2011-04-30,113.96,15494,Australia,HomeGarden,970.0
INV003611,SKU0267,StandardWidgetD,13,2011-04-30,64.75,19442,Germany,Food,3822.34
INV003612,SKU0232,ClassicWidgetB,81,2011-04-30,146.66,15906,Australia,HomeGarden,628.75
INV003613,SKU0430,DeluxeWidgetC,31,2011-04-30,9.06,13110,UnitedKingdom,Toys,2092.29
INV003614,SKU0017,BasicWidgetH,16,2011-04-30,88.58,18326,UnitedKingdom,HomeGarden,3141.44
INV003615,SKU0148,DeluxeWidgetC,41,2011-04-30,87.75,18801,Belgium,Clothing,3459.59
INV003616,SKU0396,PremiumWidgetA,90,2011-04-30,5.93,19249,Germany,Toys,3665.41
INV003617,SKU0148,BudgetWidgetE,92,2011-04-30,34.07,16571,Spain,Electronics,968.47
INV003618,SKU0125,BudgetWidgetE,1,2011-04-30,135.88,13774,Germany,Electronics,4908.26
INV003619,SKU0391,ClassicWidgetB,12,2011-04-30,81.9,14655,UnitedKingdom,HomeGarden,892.91
INV003620,SKU0301,StandardWidgetD,56,2011-04-30,65.74,10258,Netherlands,Toys,481.27
INV003621,SKU0359,BudgetWidgetE,50,2011-04-30,62.62,16868,Australia,Clothing,3320.59
INV003622,SKU0237,ClassicWidgetB,20,2011-04-30,133.28,16817,France,Electronics,4550.09
INV003623,SKU0134,ClassicWidgetB,66,2011-04-30,55.37,15744,France,Sports,2797.36
INV003624,SKU0150,ProWidgetF,36,2011-05-01,128.95,19107,Germany,Toys,2977.82
INV003625,SKU0235,ProWidgetF,79,2011-05-01,46.72,13942,France,Food,2692.89
INV003626,SKU0223,BudgetWidgetE,38,2011-05-01,79.96,10237,Netherlands,Toys,214.7
INV003627,SKU0202,ClassicWidgetB,22,2011-05-01,22.0,13355,France,Food,3406.88
INV003628,SKU0255,PremiumWidgetA,61,2011-05-01,123.84,18879,UnitedKingdom,Electronics,1791.64
INV003629,SKU0085,PremiumWidgetA,50,2011-05-01,110.53,17904,Germany,Electronics,4678.43
INV003630,SKU0149,ProWidgetF,96,2011-05-01,79.75,16601,Spain,Clothing,934.76
INV003631,SKU0234,BudgetWidgetE,59,2011-05-01,4.37,15706,France,Clothing,1511.28
INV003632,SKU0344,BasicWidgetH,20,2011-05-01,72.45,11158,Australia,Electronics,2524.77
INV003633,SKU0021,StandardWidgetD,36,2011-05-01,34.17,10594,Belgium,Sports,2387.3
INV003634,SKU0347,EliteWidgetG,97,2011-05-01,62.3,11750,Belgium,Sports,2002.12
INV003635,SKU0284,BasicWidgetH,15,2011-05-01,128.54,10402,Germany,Food,1572.7
INV003636,SKU0268,PremiumWidgetA,62,2011-05-01,115.56,19013,Netherlands,HomeGarden,736.78
INV003637,SKU0465,PremiumWidgetA,3,2011-05-01,36.67,13838,UnitedKingdom,HomeGarden,4104.79
INV003638,SKU0257,BasicWidgetH,93,2011-05-01,147.75,12540,Belgium,Electronics,2244.4
INV003639,SKU0028,ProWidgetF,91,2011-05-01,135.53,15878,France,Electronics,2865.21
INV003640,SKU0212,ProWidgetF,5,2011-05-01,79.54,17490,UnitedKingdom,Electronics,2733.22
INV003641,SKU0462,BudgetWidgetE,56,2011-05-01,79.76,19889,Netherlands,Toys,2877.87
INV003642,SKU0435,ProWidgetF,31,2011-05-01,135.24,15534,Belgium,Sports,3524.5
INV003643,SKU0282,DeluxeWidgetC,86,2011-05-01,95.6,15286,Spain,Books,3147.28
INV003644,SKU0049,EliteWidgetG,35,2011-05-01,80.73,11613,France,HomeGarden,1370.24
INV003645,SKU0094,BasicWidgetH,71,2011-05-01,112.5,16579,Spain,HomeGarden,2769.0
INV003646,SKU0462,BasicWidgetH,70,2011-05-01,35.65,15651,Spain,Books,1223.32
INV003647,SKU0498,ClassicWidgetB,26,2011-05-01,131.82,13679,Germany,Electronics,2944.59
INV003648,SKU0406,PremiumWidgetA,1,2011-05-02,79.95,13552,Spain,HomeGarden,2160.24
INV003649,SKU0087,BasicWidgetH,83,2011-05-02,90.72,17238,Germany,Sports,198.05
INV003650,SKU0043,DeluxeWidgetC,7,2011-05-02,13.95,14996,Spain,Books,3670.19
INV003651,SKU0460,BasicWidgetH,36,2011-05-02,46.77,11464,Belgium,Sports,1374.06
INV003652,SKU0277,StandardWidgetD,76,2011-05-02,64.3,16282,Australia,Toys,4601.05
INV003653,SKU0170,DeluxeWidgetC,84,2011-05-02,62.38,14882,Netherlands,Electronics,1403.51
INV003654,SKU0420,BudgetWidgetE,87,2011-05-02,116.85,16245,France,HomeGarden,4983.12
INV003655,SKU0188,StandardWidgetD,25,2011-05-02,42.71,16611,UnitedKingdom,Food,2315.29
INV003656,SKU0352,StandardWidgetD,94,2011-05-02,27.73,13100,Belgium,Sports,133.01
INV003657,SKU0183,BasicWidgetH,59,2011-05-02,87.6,14113,UnitedKingdom,Books,382.27
INV003658,SKU0002,ProWidgetF,61,2011-05-02,92.44,14093,France,Food,411.36
INV003659,SKU0190,BasicWidgetH,29,2011-05-02,18.68,18124,Netherlands,Electronics,282.02
INV003660,SKU0117,DeluxeWidgetC,95,2011-05-02,0.87,14851,Netherlands,HomeGarden,1339.68
INV003661,SKU0018,BudgetWidgetE,18,2011-05-02,137.69,18878,Spain,HomeGarden,1623.62
INV003662,SKU0022,PremiumWidgetA,41,2011-05-02,12.41,13579,UnitedKingdom,Food,557.32
INV003663,SKU0412,EliteWidgetG,19,2011-05-02,134.73,18792,France,Electronics,2191.22
INV003664,SKU0029,ProWidgetF,4,2011-05-02,60.18,19235,Spain,Electronics,1827.39
INV003665,SKU0294,DeluxeWidgetC,65,2011-05-02,98.13,15445,France,Electronics,3181.98
INV003666,SKU0107,PremiumWidgetA,41,2011-05-02,28.25,19571,UnitedKingdom,Toys,980.13
INV003667,SKU0366,DeluxeWidgetC,15,2011-05-02,123.68,14528,France,Sports,4570.01
INV003668,SKU0280,ProWidgetF,54,2011-05-02,27.44,17566,France,Clothing,2580.44
INV003669,SKU0127,PremiumWidgetA,64,2011-05-02,58.28,19233,Spain,Toys,3119.04
INV003670,SKU0228,ProWidgetF,72,2011-05-02,36.08,11573,Germany,HomeGarden,198.56
INV003671,SKU0110,DeluxeWidgetC,15,2011-05-02,125.71,15720,Germany,Food,2795.88
INV003672,SKU0135,StandardWidgetD,79,2011-05-03,128.82,19555,Australia,Sports,1841.13
INV003673,SKU0361,EliteWidgetG,50,2011-05-03,56.12,19202,Spain,Books,4620.94
INV003674,SKU0185,ClassicWidgetB,22,2011-05-03,46.45,11256,Australia,HomeGarden,4428.33
INV003675,SKU0143,EliteWidgetG,18,2011-05-03,116.15,11127,Netherlands,Toys,3188.61
INV003676,SKU0071,StandardWidgetD,80,2011-05-03,131.84,19215,Germany,Clothing,3839.49
INV003677,SKU0128,ProWidgetF,2,2011-05-03,93.79,12784,Germany,Books,3223.32
INV003678,SKU0363,EliteWidgetG,36,2011-05-03,139.15,16081,Germany,HomeGarden,85.82
INV003679,SKU0260,ProWidgetF,20,2011-05-03,57.77,11049,Germany,Food,3515.93
INV003680,SKU0002,ProWidgetF,16,2011-05-03,23.21,15183,Netherlands,Clothing,886.28
INV003681,SKU0448,PremiumWidgetA,67,2011-05-03,27.36,12301,UnitedKingdom,Electronics,3413.17
INV003682,SKU0387,BudgetWidgetE,30,2011-05-03,100.64,19346,Netherlands,Clothing,53.52
INV003683,SKU0103,ProWidgetF,55,2011-05-03,61.43,10029,UnitedKingdom,HomeGarden,1555.22
INV003684,SKU0482,EliteWidgetG,66,2011-05-03,23.87,18978,Australia,Clothing,2585.12
INV003685,SKU0223,EliteWidgetG,99,2011-05-03,44.19,19362,Germany,Toys,1666.52
INV003686,SKU0319,EliteWidgetG,26,2011-05-03,79.83,13198,Spain,HomeGarden,3470.24
INV003687,SKU0361,StandardWidgetD,57,2011-05-03,18.66,11364,Spain,HomeGarden,2614.02
INV003688,SKU0353,ClassicWidgetB,69,2011-05-03,1.01,19733,UnitedKingdom,Food,4798.38
INV003689,SKU0490,ProWidgetF,2,2011-05-03,137.64,14493,Belgium,Clothing,1789.7
INV003690,SKU0472,BasicWidgetH,56,2011-05-03,46.08,18505,Belgium,Clothing,3609.57
INV003691,SKU0009,ProWidgetF,84,2011-05-03,33.61,12695,Belgium,Toys,4179.37
INV003692,SKU0404,ProWidgetF,62,2011-05-03,104.92,16645,Netherlands,Books,1268.84
INV003693,SKU0383,BasicWidgetH,34,2011-05-03,128.08,18721,UnitedKingdom,Books,3770.9
INV003694,SKU0301,PremiumWidgetA,98,2011-05-03,95.03,15880,France,Sports,1967.18
INV003695,SKU0230,ProWidgetF,56,2011-05-03,38.55,18149,Australia,HomeGarden,644.51
INV003696,SKU0218,StandardWidgetD,55,2011-05-04,129.31,15859,Australia,Books,19.23
INV003697,SKU0410,DeluxeWidgetC,20,2011-05-04,76.81,18503,Germany,Food,3719.04
INV003698,SKU0065,BudgetWidgetE,50,2011-05-04,57.49,10995,Germany,Sports,932.03
INV003699,SKU0424,EliteWidgetG,25,2011-05-04,90.91,16865,Netherlands,Toys,256.92
INV003700,SKU0111,ProWidgetF,84,2011-05-04,105.24,17496,UnitedKingdom,HomeGarden,2486.55
INV003701,SKU0012,PremiumWidgetA,25,2011-05-04,89.28,12631,France,Toys,1734.14
INV003702,SKU0392,StandardWidgetD,53,2011-05-04,138.08,10263,Australia,Food,3459.34
INV003703,SKU0499,ProWidgetF,14,2011-05-04,94.39,17684,UnitedKingdom,Sports,537.71
INV003704,SKU0419,BasicWidgetH,60,2011-05-04,131.85,18212,France,Books,664.13
INV003705,SKU0085,PremiumWidgetA,43,2011-05-04,88.25,19388,Spain,Sports,2021.13
INV003706,SKU0233,DeluxeWidgetC,62,2011-05-04,49.79,15043,UnitedKingdom,Clothing,2602.52
INV003707,SKU0089,ClassicWidgetB,76,2011-05-04,80.08,15116,Germany,Toys,4121.15
INV003708,SKU0313,ProWidgetF,69,2011-05-04,13.41,13133,Spain,Sports,2928.54
INV003709,SKU0053,StandardWidgetD,63,2011-05-04,34.91,18397,Spain,Toys,4513.08
INV003710,SKU0011,PremiumWidgetA,2,2011-05-04,115.05,11636,Australia,Electronics,1089.62
INV003711,SKU0208,BasicWidgetH,54,2011-05-04,99.39,18822,France,Electronics,2981.5
INV003712,SKU0461,PremiumWidgetA,16,2011-05-04,25.39,17811,Belgium,Sports,3276.54
INV003713,SKU0013,ProWidgetF,55,2011-05-04,65.98,14535,Germany,Electronics,3629.3
INV003714,SKU0120,PremiumWidgetA,94,2011-05-04,21.73,11098,Spain,Sports,4943.26
INV003715,SKU0417,ClassicWidgetB,43,2011-05-04,128.44,10289,Belgium,Toys,2340.7
INV003716,SKU0436,PremiumWidgetA,61,2011-05-04,16.82,12604,Netherlands,Food,1847.23
INV003717,SKU0376,EliteWidgetG,38,2011-05-04,98.31,10207,Netherlands,Food,4261.18
INV003718,SKU0019,BudgetWidgetE,45,2011-05-04,91.25,18463,Germany,Sports,884.78
INV003719,SKU0074,EliteWidgetG,51,2011-05-04,71.18,13678,France,Sports,186.1
INV003720,SKU0399,BudgetWidgetE,42,2011-05-05,42.1,18606,France,Electronics,2218.5
INV003721,SKU0242,PremiumWidgetA,24,2011-05-05,60.89,13468,Australia,HomeGarden,1236.78
INV003722,SKU0222,BasicWidgetH,30,2011-05-05,121.06,19476,Germany,Sports,1983.23
INV003723,SKU0069,BasicWidgetH,37,2011-05-05,114.35,14986,Netherlands,Sports,4930.43
INV003724,SKU0311,ProWidgetF,53,2011-05-05,110.95,19854,Germany,Clothing,1743.09
INV003725,SKU0210,BasicWidgetH,63,2011-05-05,112.6,19233,UnitedKingdom,Clothing,3540.12
INV003726,SKU0100,BudgetWidgetE,11,2011-05-05,22.01,14090,France,Books,1252.76
INV003727,SKU0185,StandardWidgetD,78,2011-05-05,15.31,16803,Spain,Electronics,1517.81
INV003728,SKU0131,BudgetWidgetE,23,2011-05-05,129.29,12294,UnitedKingdom,HomeGarden,1216.53
INV003729,SKU0110,EliteWidgetG,80,2011-05-05,125.66,12461,Netherlands,Food,2861.23
INV003730,SKU0380,PremiumWidgetA,50,2011-05-05,102.36,17945,France,Sports,1131.32
INV003731,SKU0131,ProWidgetF,85,2011-05-05,91.08,19535,Netherlands,Food,3592.1
INV003732,SKU0019,DeluxeWidgetC,55,2011-05-05,55.35,15673,Netherlands,Sports,3401.69
INV003733,SKU0393,ProWidgetF,55,2011-05-05,34.0,13367,Netherlands,Electronics,2106.93
INV003734,SKU0023,ProWidgetF,4,2011-05-05,100.31,10943,Australia,Books,128.86
INV003735,SKU0226,ProWidgetF,97,2011-05-05,137.0,14156,Netherlands,Books,114.23
INV003736,SKU0153,StandardWidgetD,54,2011-05-05,65.83,10165,Netherlands,Clothing,2664.5
INV003737,SKU0292,ClassicWidgetB,61,2011-05-05,45.83,11905,UnitedKingdom,Food,4196.15
INV003738,SKU0229,EliteWidgetG,78,2011-05-05,40.98,13056,UnitedKingdom,Electronics,2994.77
INV003739,SKU0468,PremiumWidgetA,83,2011-05-05,4.04,19515,UnitedKingdom,Books,2178.82
INV003740,SKU0309,ClassicWidgetB,5,2011-05-05,78.29,10350,France,Books,4410.71
INV003741,SKU0487,DeluxeWidgetC,95,2011-05-05,148.24,13309,Australia,Food,985.78
INV003742,SKU0358,ClassicWidgetB,18,2011-05-05,122.38,15661,France,HomeGarden,1797.76
INV003743,SKU0404,PremiumWidgetA,44,2011-05-05,134.67,10931,Australia,Clothing,2826.98
INV003744,SKU0201,EliteWidgetG,31,2011-05-06,93.36,13838,Australia,Clothing,1459.06
INV003745,SKU0037,EliteWidgetG,94,2011-05-06,72.48,19305,Germany,Clothing,4988.56
INV003746,SKU0429,PremiumWidgetA,21,2011-05-06,148.57,18058,Spain,Toys,2262.15
INV003747,SKU0259,DeluxeWidgetC,47,2011-05-06,67.35,11989,Germany,Books,259.56
INV003748,SKU0187,PremiumWidgetA,30,2011-05-06,137.57,19577,Germany,Sports,881.24
INV003749,SKU0056,DeluxeWidgetC,55,2011-05-06,114.4,13484,Australia,Toys,2662.87
INV003750,SKU0428,DeluxeWidgetC,68,2011-05-06,49.98,17886,Australia,Books,2750.73
INV003751,SKU0019,PremiumWidgetA,69,2011-05-06,75.71,11116,France,Books,4920.74
INV003752,SKU0272,BudgetWidgetE,41,2011-05-06,57.96,18325,Australia,Food,3000.23
INV003753,SKU0118,EliteWidgetG,45,2011-05-06,20.87,19419,Belgium,Electronics,3333.47
INV003754,SKU0070,DeluxeWidgetC,74,2011-05-06,53.84,16962,Netherlands,Food,1069.4
INV003755,SKU0003,PremiumWidgetA,91,2011-05-06,133.4,15967,Netherlands,Clothing,535.22
INV003756,SKU0220,BasicWidgetH,80,2011-05-06,113.02,17904,Australia,Clothing,3010.45
INV003757,SKU0013,BudgetWidgetE,30,2011-05-06,42.0,14533,Netherlands,Food,4324.54
INV003758,SKU0002,EliteWidgetG,77,2011-05-06,55.5,18871,Australia,HomeGarden,2937.28
INV003759,SKU0215,DeluxeWidgetC,85,2011-05-06,92.66,12669,Belgium,Clothing,2214.47
INV003760,SKU0228,EliteWidgetG,45,2011-05-06,62.71,19439,Germany,Books,2891.45
INV003761,SKU0335,BudgetWidgetE,45,2011-05-06,75.71,11191,Australia,Electronics,2344.39
INV003762,SKU0185,EliteWidgetG,79,2011-05-06,104.88,11130,Germany,HomeGarden,710.27
INV003763,SKU0054,StandardWidgetD,84,2011-05-06,70.35,11403,Belgium,Books,3706.18
INV003764,SKU0499,ProWidgetF,84,2011-05-06,29.05,15630,UnitedKingdom,Books,2665.66
INV003765,SKU0387,StandardWidgetD,45,2011-05-06,78.33,19522,Netherlands,Toys,1997.22
INV003766,SKU0375,BudgetWidgetE,55,2011-05-06,53.74,15030,Belgium,HomeGarden,2798.63
INV003767,SKU0253,DeluxeWidgetC,59,2011-05-06,43.96,11381,UnitedKingdom,Toys,1206.89
INV003768,SKU0023,PremiumWidgetA,5,2011-05-07,49.55,10369,Netherlands,Books,2140.36
INV003769,SKU0161,ClassicWidgetB,32,2011-05-07,66.13,15092,Belgium,Books,3112.6
INV003770,SKU0157,PremiumWidgetA,6,2011-05-07,133.05,13794,Belgium,Toys,1131.74
INV003771,SKU0081,EliteWidgetG,94,2011-05-07,110.24,16314,Spain,Electronics,3745.23
INV003772,SKU0402,ClassicWidgetB,26,2011-05-07,100.35,15700,Spain,Electronics,2605.53
INV003773,SKU0158,ClassicWidgetB,37,2011-05-07,70.95,19368,Spain,Toys,4308.67
INV003774,SKU0187,EliteWidgetG,13,2011-05-07,0.77,18567,UnitedKingdom,Electronics,4236.34
INV003775,SKU0059,EliteWidgetG,93,2011-05-07,51.41,12760,Belgium,Clothing,2473.09
INV003776,SKU0402,DeluxeWidgetC,69,2011-05-07,122.07,11943,Spain,HomeGarden,978.13
INV003777,SKU0304,BudgetWidgetE,25,2011-05-07,58.53,10957,Australia,Electronics,3683.47
INV003778,SKU0318,BasicWidgetH,13,2011-05-07,84.79,19002,Spain,Books,2093.97
INV003779,SKU0365,PremiumWidgetA,88,2011-05-07,31.11,14922,UnitedKingdom,Clothing,2973.54
INV003780,SKU0210,BudgetWidgetE,95,2011-05-07,137.42,16629,Belgium,HomeGarden,537.22
INV003781,SKU0405,StandardWidgetD,20,2011-05-07,138.51,11533,Netherlands,Electronics,3158.29
INV003782,SKU0151,DeluxeWidgetC,72,2011-05-07,22.34,16885,France,Electronics,1868.38
INV003783,SKU0108,DeluxeWidgetC,60,2011-05-07,108.76,18601,Netherlands,HomeGarden,1671.61
INV003784,SKU0075,BasicWidgetH,73,2011-05-07,11.75,10053,France,Electronics,4899.6
INV003785,SKU0029,StandardWidgetD,21,2011-05-07,89.98,14796,Australia,Toys,2162.72
INV003786,SKU0313,PremiumWidgetA,61,2011-05-07,27.21,19290,Belgium,HomeGarden,3390.51
INV003787,SKU0485,ProWidgetF,84,2011-05-07,22.28,12396,Netherlands,HomeGarden,3139.01
INV003788,SKU0116,StandardWidgetD,79,2011-05-07,1.12,19166,UnitedKingdom,Books,522.41
INV003789,SKU0414,PremiumWidgetA,26,2011-05-07,141.16,17851,Australia,Food,3739.89
INV003790,SKU0355,ClassicWidgetB,54,2011-05-07,124.47,14921,Netherlands,HomeGarden,1616.47
INV003791,SKU0191,EliteWidgetG,42,2011-05-07,12.08,17253,Australia,Food,3994.9
INV003792,SKU0018,DeluxeWidgetC,11,2011-05-08,90.11,14839,Belgium,Sports,3038.6
INV003793,SKU0431,PremiumWidgetA,37,2011-05-08,35.32,12558,Belgium,Electronics,1586.14
INV003794,SKU0172,BudgetWidgetE,11,2011-05-08,39.97,18330,France,Food,1782.11
INV003795,SKU0227,BasicWidgetH,27,2011-05-08,131.19,12520,Australia,Books,3657.81
INV003796,SKU0349,EliteWidgetG,94,2011-05-08,17.59,14637,Belgium,Food,2750.75
INV003797,SKU0182,BudgetWidgetE,83,2011-05-08,90.42,13827,UnitedKingdom,Clothing,3342.09
INV003798,SKU0112,EliteWidgetG,34,2011-05-08,60.49,16629,Netherlands,Food,792.43
INV003799,SKU0182,DeluxeWidgetC,38,2011-05-08,29.02,11337,France,Food,3935.1
INV003800,SKU0480,StandardWidgetD,61,2011-05-08,68.06,12294,Australia,Sports,1602.64
INV003801,SKU0145,ProWidgetF,87,2011-05-08,141.1,12677,Germany,HomeGarden,3099.69
INV003802,SKU0318,StandardWidgetD,53,2011-05-08,117.35,16581,France,Clothing,574.28
INV003803,SKU0115,PremiumWidgetA,65,2011-05-08,20.25,10072,France,Food,1607.78
INV003804,SKU0112,BasicWidgetH,3,2011-05-08,127.49,17236,UnitedKingdom,Clothing,3244.69
INV003805,SKU0250,StandardWidgetD,67,2011-05-08,140.65,17319,UnitedKingdom,Clothing,1371.76
INV003806,SKU0475,DeluxeWidgetC,28,2011-05-08,41.91,12141,Australia,Clothing,4401.68
INV003807,SKU0250,BasicWidgetH,14,2011-05-08,50.35,14530,Germany,Books,3306.48
INV003808,SKU0302,PremiumWidgetA,52,2011-05-08,19.38,19998,France,Books,4351.52
INV003809,SKU0458,ClassicWidgetB,30,2011-05-08,52.07,14552,Australia,Clothing,1977.56
INV003810,SKU0312,StandardWidgetD,58,2011-05-08,101.13,13501,Spain,Sports,170.89
INV003811,SKU0117,StandardWidgetD,54,2011-05-08,41.19,12077,Germany,Electronics,2881.12
INV003812,SKU0300,ProWidgetF,69,2011-05-08,1.52,19840,Australia,Toys,1696.63
INV003813,SKU0160,PremiumWidgetA,15,2011-05-08,51.11,18526,France,Electronics,2241.49
INV003814,SKU0400,BudgetWidgetE,38,2011-05-08,68.25,14755,Australia,Books,3405.87
INV003815,SKU0197,StandardWidgetD,78,2011-05-08,85.17,12615,UnitedKingdom,Sports,3503.62
INV003816,SKU0259,DeluxeWidgetC,14,2011-05-09,102.73,15356,UnitedKingdom,Sports,138.75
INV003817,SKU0147,StandardWidgetD,57,2011-05-09,9.74,14172,Netherlands,HomeGarden,3846.74
INV003818,SKU0239,ProWidgetF,59,2011-05-09,70.73,10932,Germany,Books,2468.1
INV003819,SKU0046,ClassicWidgetB,8,2011-05-09,40.32,10635,Spain,Sports,2783.94
INV003820,SKU0474,ProWidgetF,72,2011-05-09,142.22,16683,France,Sports,1490.67
INV003821,SKU0398,StandardWidgetD,19,2011-05-09,54.3,15773,Germany,Electronics,2104.75
INV003822,SKU0197,BasicWidgetH,32,2011-05-09,15.47,13229,UnitedKingdom,Sports,3552.17
INV003823,SKU0046,BudgetWidgetE,95,2011-05-09,6.7,11190,Spain,Sports,3883.79
INV003824,SKU0077,EliteWidgetG,29,2011-05-09,40.18,15508,France,Food,1936.14
INV003825,SKU0123,StandardWidgetD,41,2011-05-09,27.24,10011,Netherlands,Clothing,3455.9
INV003826,SKU0074,PremiumWidgetA,75,2011-05-09,97.65,19641,UnitedKingdom,Food,1290.96
INV003827,SKU0358,StandardWidgetD,45,2011-05-09,127.12,18060,UnitedKingdom,Electronics,4160.28
INV003828,SKU0136,BudgetWidgetE,13,2011-05-09,47.23,10448,Spain,Electronics,3049.46
INV003829,SKU0089,PremiumWidgetA,27,2011-05-09,86.88,17661,Germany,Clothing,3876.16
INV003830,SKU0399,DeluxeWidgetC,19,2011-05-09,109.68,12496,Belgium,Electronics,2386.3
INV003831,SKU0324,BasicWidgetH,26,2011-05-09,60.07,15885,Australia,HomeGarden,1146.32
INV003832,SKU0499,PremiumWidgetA,53,2011-05-09,10.42,10426,Belgium,Toys,2146.73
INV003833,SKU0060,ProWidgetF,51,2011-05-09,34.76,17099,Germany,HomeGarden,1908.05
INV003834,SKU0137,ClassicWidgetB,37,2011-05-09,132.52,19107,UnitedKingdom,Books,1664.25
INV003835,SKU0049,ProWidgetF,9,2011-05-09,123.76,13169,Germany,Toys,1061.66
INV003836,SKU0258,EliteWidgetG,92,2011-05-09,13.44,10446,Australia,Electronics,3796.08
INV003837,SKU0460,PremiumWidgetA,96,2011-05-09,33.98,12250,Netherlands,Electronics,432.67
INV003838,SKU0106,DeluxeWidgetC,52,2011-05-09,115.49,17111,France,HomeGarden,4437.92
INV003839,SKU0112,StandardWidgetD,54,2011-05-09,73.14,12681,UnitedKingdom,Books,875.95
INV003840,SKU0349,BasicWidgetH,3,2011-05-10,114.12,11401,Germany,Food,4899.39
INV003841,SKU0253,PremiumWidgetA,96,2011-05-10,32.06,13407,UnitedKingdom,Books,4942.35
INV003842,SKU0117,ProWidgetF,69,2011-05-10,142.93,16761,France,HomeGarden,1992.54
INV003843,SKU0492,PremiumWidgetA,8,2011-05-10,117.65,11043,Germany,HomeGarden,4939.12
INV003844,SKU0197,PremiumWidgetA,14,2011-05-10,30.02,15363,Netherlands,Toys,4345.47
INV003845,SKU0336,PremiumWidgetA,3,2011-05-10,83.99,10391,France,Clothing,413.07
INV003846,SKU0364,DeluxeWidgetC,24,2011-05-10,17.41,14819,Australia,Books,4736.7
INV003847,SKU0050,BasicWidgetH,13,2011-05-10,54.53,16879,Australia,Books,213.53
INV003848,SKU0244,BudgetWidgetE,43,2011-05-10,99.11,15984,UnitedKingdom,Clothing,910.39
INV003849,SKU0402,BudgetWidgetE,29,2011-05-10,49.85,11285,Australia,HomeGarden,2923.39
INV003850,SKU0425,PremiumWidgetA,72,2011-05-10,98.69,16363,Germany,Food,404.61
INV003851,SKU0034,DeluxeWidgetC,51,2011-05-10,37.09,15127,Australia,Clothing,809.48
INV003852,SKU0301,DeluxeWidgetC,42,2011-05-10,108.32,16589,Netherlands,Clothing,4767.51
INV003853,SKU0409,EliteWidgetG,31,2011-05-10,54.26,18833,Spain,Sports,4973.44
INV003854,SKU0498,PremiumWidgetA,63,2011-05-10,118.68,19237,Germany,Books,3990.88
INV003855,SKU0068,ProWidgetF,26,2011-05-10,20.94,14037,Spain,HomeGarden,2576.53
INV003856,SKU0348,ProWidgetF,18,2011-05-10,54.62,16854,UnitedKingdom,Sports,4501.6
INV003857,SKU0319,ClassicWidgetB,82,2011-05-10,69.86,19349,UnitedKingdom,Toys,560.38
INV003858,SKU0420,BasicWidgetH,57,2011-05-10,63.86,13249,Belgium,Sports,4714.52
INV003859,SKU0467,PremiumWidgetA,7,2011-05-10,65.25,11543,Australia,Food,1758.41
INV003860,SKU0048,ClassicWidgetB,48,2011-05-10,67.0,10791,Australia,Sports,4307.59
INV003861,SKU0404,ProWidgetF,80,2011-05-10,148.33,18628,UnitedKingdom,HomeGarden,3342.2
INV003862,SKU0073,ProWidgetF,60,2011-05-10,29.38,15170,Germany,Clothing,4801.41
INV003863,SKU0191,PremiumWidgetA,33,2011-05-10,115.42,16043,France,HomeGarden,4323.53
INV003864,SKU0260,ClassicWidgetB,3,2011-05-11,82.99,16098,UnitedKingdom,Books,4439.6
INV003865,SKU0355,ClassicWidgetB,4,2011-05-11,62.34,17448,Belgium,Toys,3159.14
INV003866,SKU0069,PremiumWidgetA,4,2011-05-11,95.21,17211,Netherlands,Food,4165.96
INV003867,SKU0089,BasicWidgetH,42,2011-05-11,128.1,14782,Germany,Toys,3785.9
INV003868,SKU0259,EliteWidgetG,9,2011-05-11,70.26,17798,France,Toys,808.95
INV003869,SKU0125,ClassicWidgetB,51,2011-05-11,129.79,13959,Belgium,Food,3243.34
INV003870,SKU0230,EliteWidgetG,17,2011-05-11,14.52,14364,Belgium,Books,741.73
INV003871,SKU0294,StandardWidgetD,17,2011-05-11,98.14,11716,France,Clothing,4347.41
INV003872,SKU0497,BasicWidgetH,97,2011-05-11,50.31,13636,Belgium,HomeGarden,330.68
INV003873,SKU0418,ProWidgetF,20,2011-05-11,58.31,17870,Germany,Clothing,4935.25
INV003874,SKU0128,BudgetWidgetE,14,2011-05-11,85.87,17361,UnitedKingdom,Clothing,2003.73
INV003875,SKU0279,BasicWidgetH,22,2011-05-11,72.25,15671,France,HomeGarden,853.98
INV003876,SKU0312,EliteWidgetG,52,2011-05-11,57.58,18380,Netherlands,Books,4678.44
INV003877,SKU0099,EliteWidgetG,27,2011-05-11,46.59,15726,Spain,HomeGarden,228.08
INV003878,SKU0325,EliteWidgetG,43,2011-05-11,92.94,17557,Germany,Toys,2351.06
INV003879,SKU0296,DeluxeWidgetC,3,2011-05-11,76.08,17782,Australia,Books,3851.37
INV003880,SKU0181,BasicWidgetH,88,2011-05-11,48.83,12718,Spain,Electronics,1584.44
INV003881,SKU0173,ClassicWidgetB,94,2011-05-11,31.14,12405,UnitedKingdom,Electronics,2644.64
INV003882,SKU0315,ClassicWidgetB,8,2011-05-11,116.28,17887,Belgium,Electronics,3502.36
INV003883,SKU0363,DeluxeWidgetC,86,2011-05-11,120.06,18003,Germany,Toys,4759.93
INV003884,SKU0187,ClassicWidgetB,89,2011-05-11,32.46,17718,Netherlands,Food,514.41
INV003885,SKU0056,DeluxeWidgetC,10,2011-05-11,39.62,19094,Spain,Food,786.98
INV003886,SKU0030,EliteWidgetG,29,2011-05-11,36.25,18532,Spain,Sports,2544.85
INV003887,SKU0083,PremiumWidgetA,40,2011-05-11,132.74,12881,France,Books,2092.96
INV003888,SKU0151,BasicWidgetH,65,2011-05-12,116.23,16710,UnitedKingdom,Books,2054.57
INV003889,SKU0472,StandardWidgetD,21,2011-05-12,11.65,10643,UnitedKingdom,HomeGarden,1485.51
INV003890,SKU0035,EliteWidgetG,24,2011-05-12,124.98,10020,Germany,Books,2803.86
INV003891,SKU0212,StandardWidgetD,73,2011-05-12,6.01,10677,Germany,HomeGarden,4416.56
INV003892,SKU0413,ProWidgetF,60,2011-05-12,38.35,19291,Netherlands,Sports,805.46
INV003893,SKU0407,EliteWidgetG,26,2011-05-12,137.89,12650,Belgium,HomeGarden,1077.22
INV003894,SKU0363,BudgetWidgetE,9,2011-05-12,129.72,13469,Belgium,Electronics,3354.45
INV003895,SKU0105,ClassicWidgetB,20,2011-05-12,117.32,17886,Australia,HomeGarden,281.93
INV003896,SKU0413,BudgetWidgetE,56,2011-05-12,68.9,14183,Germany,HomeGarden,3369.15
INV003897,SKU0341,PremiumWidgetA,99,2011-05-12,48.55,17086,Spain,HomeGarden,1572.97
INV003898,SKU0219,StandardWidgetD,36,2011-05-12,132.29,17377,Germany,Books,1789.91
INV003899,SKU0390,BasicWidgetH,36,2011-05-12,98.73,15684,Germany,Clothing,2028.34
INV003900,SKU0162,EliteWidgetG,73,2011-05-12,44.68,12687,Belgium,Clothing,1748.59
INV003901,SKU0438,BasicWidgetH,22,2011-05-12,69.75,16596,Netherlands,Toys,4206.21
INV003902,SKU0219,PremiumWidgetA,1,2011-05-12,132.28,11416,France,Clothing,4730.4
INV003903,SKU0269,PremiumWidgetA,69,2011-05-12,135.57,14405,Australia,Toys,2740.51
INV003904,SKU0119,ClassicWidgetB,73,2011-05-12,99.07,17074,Netherlands,Books,2909.81
INV003905,SKU0393,PremiumWidgetA,37,2011-05-12,110.02,10491,Germany,Electronics,353.35
INV003906,SKU0335,EliteWidgetG,83,2011-05-12,6.38,10759,France,Clothing,3566.25
INV003907,SKU0399,EliteWidgetG,72,2011-05-12,90.89,13501,Germany,Clothing,2920.91
INV003908,SKU0181,BasicWidgetH,96,2011-05-12,103.5,18192,Netherlands,Food,252.92
INV003909,SKU0478,BasicWidgetH,13,2011-05-12,3.55,12088,UnitedKingdom,Food,992.93
INV003910,SKU0105,StandardWidgetD,84,2011-05-12,126.66,13656,Germany,Sports,1010.52
INV003911,SKU0216,EliteWidgetG,43,2011-05-12,139.28,14767,Belgium,Food,855.67
INV003912,SKU0204,BudgetWidgetE,37,2011-05-13,36.07,10211,France,Toys,3293.57
INV003913,SKU0069,StandardWidgetD,94,2011-05-13,126.95,17975,Australia,Toys,4642.27
INV003914,SKU0043,ClassicWidgetB,74,2011-05-13,99.99,13722,UnitedKingdom,Sports,3815.11
INV003915,SKU0328,StandardWidgetD,95,2011-05-13,87.31,10303,Germany,Electronics,2387.39
INV003916,SKU0300,DeluxeWidgetC,25,2011-05-13,126.55,14786,Germany,HomeGarden,2020.85
INV003917,SKU0227,BasicWidgetH,93,2011-05-13,43.2,13772,France,HomeGarden,1932.9
INV003918,SKU0183,BudgetWidgetE,88,2011-05-13,118.73,11781,Belgium,Sports,3006.63
INV003919,SKU0106,BasicWidgetH,21,2011-05-13,47.52,13225,Belgium,Sports,1796.74
INV003920,SKU0083,DeluxeWidgetC,41,2011-05-13,118.22,18999,UnitedKingdom,Electronics,1131.38
INV003921,SKU0337,DeluxeWidgetC,73,2011-05-13,67.93,16739,UnitedKingdom,Electronics,3014.61
INV003922,SKU0249,ProWidgetF,42,2011-05-13,17.98,17273,UnitedKingdom,Books,1954.14
INV003923,SKU0362,EliteWidgetG,42,2011-05-13,57.54,19968,Germany,HomeGarden,71.61
INV003924,SKU0440,ClassicWidgetB,2,2011-05-13,35.41,14203,UnitedKingdom,Books,112.13
INV003925,SKU0020,PremiumWidgetA,68,2011-05-13,15.53,11353,Germany,Clothing,1371.41
INV003926,SKU0195,DeluxeWidgetC,8,2011-05-13,16.99,18371,Germany,Toys,2562.6
INV003927,SKU0177,StandardWidgetD,96,2011-05-13,117.12,19072,Spain,Toys,1771.84
INV003928,SKU0416,PremiumWidgetA,61,2011-05-13,132.27,16274,UnitedKingdom,Electronics,121.25
INV003929,SKU0474,StandardWidgetD,14,2011-05-13,139.11,11830,Netherlands,HomeGarden,1116.54
INV003930,SKU0006,BasicWidgetH,77,2011-05-13,128.16,14698,Belgium,HomeGarden,483.0
INV003931,SKU0069,StandardWidgetD,21,2011-05-13,124.62,14002,Australia,Books,4743.21
INV003932,SKU0126,PremiumWidgetA,24,2011-05-13,10.79,12800,Australia,Sports,1564.86
INV003933,SKU0398,PremiumWidgetA,50,2011-05-13,118.62,16902,Netherlands,Sports,74.82
INV003934,SKU0465,EliteWidgetG,82,2011-05-13,117.6,14263,UnitedKingdom,Electronics,3303.16
INV003935,SKU0159,StandardWidgetD,45,2011-05-13,20.13,10222,Germany,Food,1163.01
INV003936,SKU0247,ClassicWidgetB,64,2011-05-14,99.47,12237,France,Toys,2834.11
INV003937,SKU0202,EliteWidgetG,64,2011-05-14,68.15,12578,Netherlands,Sports,754.58
INV003938,SKU0147,BudgetWidgetE,26,2011-05-14,135.05,11778,Australia,Clothing,4920.08
INV003939,SKU0471,ProWidgetF,32,2011-05-14,104.46,10620,Australia,HomeGarden,4851.33
INV003940,SKU0142,BudgetWidgetE,57,2011-05-14,142.67,19405,Germany,Sports,3280.26
INV003941,SKU0431,ClassicWidgetB,53,2011-05-14,16.19,14054,Australia,Electronics,3536.31
INV003942,SKU0198,EliteWidgetG,33,2011-05-14,6.57,17466,Australia,Clothing,2129.97
INV003943,SKU0404,ProWidgetF,52,2011-05-14,146.05,15430,Germany,Toys,4810.93
INV003944,SKU0425,EliteWidgetG,95,2011-05-14,12.49,16379,UnitedKingdom,Toys,2119.27
INV003945,SKU0153,PremiumWidgetA,18,2011-05-14,58.24,14263,Belgium,Books,1198.1
INV003946,SKU0491,ProWidgetF,35,2011-05-14,97.67,12240,Spain,Books,577.78
INV003947,SKU0375,BasicWidgetH,12,2011-05-14,132.07,18043,Belgium,Clothing,1041.42
INV003948,SKU0383,StandardWidgetD,51,2011-05-14,38.56,11362,Australia,Electronics,2861.5
INV003949,SKU0141,BudgetWidgetE,89,2011-05-14,4.84,12240,Spain,Food,1226.21
INV003950,SKU0312,ProWidgetF,95,2011-05-14,78.43,15521,Spain,Books,3271.59
INV003951,SKU0164,StandardWidgetD,10,2011-05-14,70.93,16535,UnitedKingdom,HomeGarden,1911.54
INV003952,SKU0313,EliteWidgetG,52,2011-05-14,46.38,16744,France,Toys,4434.48
INV003953,SKU0020,ClassicWidgetB,34,2011-05-14,131.15,18284,UnitedKingdom,Toys,2792.83
INV003954,SKU0081,ProWidgetF,67,2011-05-14,112.52,11238,Germany,HomeGarden,3113.4
INV003955,SKU0068,StandardWidgetD,39,2011-05-14,128.79,16492,Germany,Toys,2783.24
INV003956,SKU0130,EliteWidgetG,8,2011-05-14,24.69,14608,Germany,Toys,4427.96
INV003957,SKU0086,EliteWidgetG,96,2011-05-14,104.02,17502,Australia,Toys,318.03
INV003958,SKU0217,EliteWidgetG,29,2011-05-14,146.28,13470,Netherlands,Electronics,337.68
INV003959,SKU0420,ClassicWidgetB,22,2011-05-14,91.98,14201,Australia,Electronics,3509.0
INV003960,SKU0471,PremiumWidgetA,84,2011-05-15,26.12,15351,UnitedKingdom,Food,3840.05
INV003961,SKU0304,ClassicWidgetB,70,2011-05-15,149.37,15413,France,HomeGarden,2168.51
INV003962,SKU0402,ClassicWidgetB,61,2011-05-15,79.48,17432,France,Electronics,1762.17
INV003963,SKU0370,BasicWidgetH,43,2011-05-15,126.09,15971,France,Clothing,1390.45
INV003964,SKU0344,BudgetWidgetE,49,2011-05-15,22.83,17437,Spain,Electronics,1172.74
INV003965,SKU0340,EliteWidgetG,29,2011-05-15,100.08,13901,France,Toys,4559.88
INV003966,SKU0383,StandardWidgetD,81,2011-05-15,136.94,13628,Spain,HomeGarden,1476.4
INV003967,SKU0395,ProWidgetF,31,2011-05-15,80.04,11768,Netherlands,Food,3240.75
INV003968,SKU0444,BudgetWidgetE,53,2011-05-15,43.65,15352,Belgium,Sports,3935.69
INV003969,SKU0424,EliteWidgetG,34,2011-05-15,19.55,12901,France,Food,110.81
INV003970,SKU0160,DeluxeWidgetC,38,2011-05-15,44.74,11541,Spain,Electronics,170.34
INV003971,SKU0177,ClassicWidgetB,57,2011-05-15,53.56,12091,Australia,Books,1666.35
INV003972,SKU0116,DeluxeWidgetC,4,2011-05-15,106.64,19923,France,Clothing,3480.38
INV003973,SKU0195,EliteWidgetG,2,2011-05-15,27.2,17742,Germany,Food,1304.73
INV003974,SKU0382,BudgetWidgetE,12,2011-05-15,16.36,18283,UnitedKingdom,Clothing,8.41
INV003975,SKU0489,StandardWidgetD,35,2011-05-15,58.35,14854,Australia,Clothing,1441.45
INV003976,SKU0326,BudgetWidgetE,70,2011-05-15,69.07,18922,Netherlands,Books,451.56
INV003977,SKU0085,BasicWidgetH,72,2011-05-15,94.44,15049,Australia,Books,1097.85
INV003978,SKU0288,StandardWidgetD,21,2011-05-15,106.28,15557,Germany,Clothing,1666.62
INV003979,SKU0080,StandardWidgetD,61,2011-05-15,133.45,14432,France,Clothing,641.16
INV003980,SKU0151,EliteWidgetG,35,2011-05-15,43.7,18891,France,Clothing,3532.12
INV003981,SKU0060,PremiumWidgetA,48,2011-05-15,79.53,17987,Netherlands,Electronics,1280.35
INV003982,SKU0060,EliteWidgetG,15,2011-05-15,55.22,15020,Belgium,Toys,3305.81
INV003983,SKU0353,ClassicWidgetB,71,2011-05-15,0.71,13014,UnitedKingdom,Books,2995.57
INV003984,SKU0027,BudgetWidgetE,15,2011-05-16,87.13,16248,France,HomeGarden,4490.33
INV003985,SKU0441,StandardWidgetD,6,2011-05-16,122.46,12016,Spain,Food,440.58
INV003986,SKU0042,EliteWidgetG,81,2011-05-16,5.95,10977,Netherlands,Toys,1073.83
INV003987,SKU0168,EliteWidgetG,68,2011-05-16,1.02,14210,Belgium,Electronics,4326.03
INV003988,SKU0422,BudgetWidgetE,22,2011-05-16,109.31,17034,Belgium,HomeGarden,4110.84
INV003989,SKU0085,BudgetWidgetE,32,2011-05-16,102.74,11258,Belgium,Electronics,961.34
INV003990,SKU0176,BasicWidgetH,22,2011-05-16,61.17,11297,France,Electronics,539.57
INV003991,SKU0016,StandardWidgetD,27,2011-05-16,99.41,17397,Spain,HomeGarden,4281.35
INV003992,SKU0097,ProWidgetF,15,2011-05-16,143.03,16872,Belgium,Clothing,891.51
INV003993,SKU0453,BasicWidgetH,44,2011-05-16,37.56,14129,Australia,Toys,4355.68
INV003994,SKU0493,DeluxeWidgetC,86,2011-05-16,37.27,11732,Netherlands,HomeGarden,4805.61
INV003995,SKU0197,ClassicWidgetB,92,2011-05-16,28.34,12942,Netherlands,Sports,1104.81
INV003996,SKU0097,ClassicWidgetB,9,2011-05-16,108.74,10448,Netherlands,Books,4202.1
INV003997,SKU0064,ProWidgetF,34,2011-05-16,53.3,19429,France,Sports,2119.73
INV003998,SKU0329,PremiumWidgetA,73,2011-05-16,148.31,14500,Netherlands,Toys,3944.1
INV003999,SKU0340,BasicWidgetH,15,2011-05-16,107.34,18524,Australia,Electronics,2037.57
INV004000,SKU0004,ProWidgetF,62,2011-05-16,55.42,16133,UnitedKingdom,HomeGarden,352.91
INV004001,SKU0001,PremiumWidgetA,45,2011-05-16,22.8,10165,UnitedKingdom,Clothing,3563.76
INV004002,SKU0021,PremiumWidgetA,84,2011-05-16,89.01,14832,Germany,Toys,754.29
INV004003,SKU0111,ProWidgetF,72,2011-05-16,44.59,12774,Australia,Clothing,4635.2
INV004004,SKU0056,ClassicWidgetB,58,2011-05-16,135.87,19891,Australia,Food,2089.31
INV004005,SKU0065,DeluxeWidgetC,92,2011-05-16,66.49,19605,Netherlands,Food,410.92
INV004006,SKU0329,ClassicWidgetB,19,2011-05-16,44.25,19638,Belgium,Sports,1143.17
INV004007,SKU0097,EliteWidgetG,16,2011-05-16,88.49,15020,Germany,Food,4312.73
INV004008,SKU0143,ClassicWidgetB,75,2011-05-17,20.98,17748,Spain,Sports,1606.11
INV004009,SKU0367,ClassicWidgetB,8,2011-05-17,84.45,14744,Spain,Electronics,4281.78
INV004010,SKU0434,BasicWidgetH,33,2011-05-17,8.89,19879,Australia,Books,862.26
INV004011,SKU0124,ProWidgetF,74,2011-05-17,91.23,10446,Australia,Electronics,2341.62
INV004012,SKU0166,ProWidgetF,18,2011-05-17,79.76,10096,Australia,Toys,4391.42
INV004013,SKU0085,EliteWidgetG,35,2011-05-17,78.35,12426,France,Clothing,242.98
INV004014,SKU0075,EliteWidgetG,43,2011-05-17,102.78,13257,Australia,Toys,1522.08
INV004015,SKU0343,BasicWidgetH,50,2011-05-17,7.15,14726,Spain,Food,4549.35
INV004016,SKU0494,ProWidgetF,3,2011-05-17,69.23,16851,France,HomeGarden,2983.04
INV004017,SKU0423,ClassicWidgetB,91,2011-05-17,66.88,18694,Belgium,Sports,3581.44
INV004018,SKU0293,DeluxeWidgetC,59,2011-05-17,69.24,18189,Spain,Clothing,4210.8
INV004019,SKU0443,PremiumWidgetA,28,2011-05-17,146.99,18256,Australia,Food,2618.46
INV004020,SKU0058,BudgetWidgetE,46,2011-05-17,21.32,16740,Belgium,Electronics,4226.98
INV004021,SKU0137,PremiumWidgetA,64,2011-05-17,103.72,16714,Spain,Books,3194.18
INV004022,SKU0098,EliteWidgetG,70,2011-05-17,60.6,10661,UnitedKingdom,HomeGarden,3428.57
INV004023,SKU0191,EliteWidgetG,47,2011-05-17,77.0,18672,Belgium,Books,765.12
INV004024,SKU0242,PremiumWidgetA,14,2011-05-17,114.48,16879,France,Electronics,4695.16
INV004025,SKU0318,BudgetWidgetE,7,2011-05-17,24.03,14662,Belgium,Electronics,3980.63
INV004026,SKU0048,ClassicWidgetB,74,2011-05-17,114.66,17815,France,Clothing,1271.73
INV004027,SKU0447,DeluxeWidgetC,79,2011-05-17,11.01,13261,Belgium,Food,2900.39
INV004028,SKU0031,DeluxeWidgetC,31,2011-05-17,72.75,10405,Netherlands,HomeGarden,1882.95
INV004029,SKU0390,PremiumWidgetA,93,2011-05-17,111.44,14860,Australia,Toys,3302.35
INV004030,SKU0276,BudgetWidgetE,81,2011-05-17,29.29,13560,Germany,Electronics,4968.74
INV004031,SKU0019,BasicWidgetH,51,2011-05-17,115.75,17856,Belgium,Clothing,229.69
INV004032,SKU0153,EliteWidgetG,29,2011-05-18,25.44,19309,Germany,Electronics,4762.67
INV004033,SKU0382,StandardWidgetD,15,2011-05-18,119.99,16690,Germany,Clothing,362.88
INV004034,SKU0067,ClassicWidgetB,90,2011-05-18,70.61,15331,Germany,Books,2304.36
INV004035,SKU0365,BasicWidgetH,76,2011-05-18,102.85,13440,UnitedKingdom,Clothing,2411.06
INV004036,SKU0371,PremiumWidgetA,25,2011-05-18,137.65,10741,Germany,Toys,1344.35
INV004037,SKU0213,DeluxeWidgetC,61,2011-05-18,61.56,17181,Spain,Books,2833.93
INV004038,SKU0142,EliteWidgetG,41,2011-05-18,35.33,17731,Netherlands,Sports,4169.99
INV004039,SKU0375,BasicWidgetH,69,2011-05-18,130.14,12921,Germany,Electronics,1470.52
INV004040,SKU0231,BasicWidgetH,4,2011-05-18,24.66,17374,Netherlands,Sports,352.95
INV004041,SKU0212,ProWidgetF,57,2011-05-18,94.91,17023,France,HomeGarden,3161.79
INV004042,SKU0078,ProWidgetF,31,2011-05-18,138.53,15561,Belgium,Sports,3758.97
INV004043,SKU0213,BudgetWidgetE,3,2011-05-18,101.32,15634,Spain,Food,4772.66
INV004044,SKU0115,BudgetWidgetE,67,2011-05-18,29.75,10910,Australia,Clothing,798.46
INV004045,SKU0091,PremiumWidgetA,90,2011-05-18,23.27,14702,Belgium,Clothing,4506.9
INV004046,SKU0269,BasicWidgetH,50,2011-05-18,38.22,11418,Belgium,HomeGarden,2411.14
INV004047,SKU0410,StandardWidgetD,17,2011-05-18,59.02,15798,Germany,HomeGarden,1179.56
INV004048,SKU0380,DeluxeWidgetC,60,2011-05-18,24.29,17698,Netherlands,Electronics,4813.78
INV004049,SKU0488,PremiumWidgetA,74,2011-05-18,119.77,14038,Spain,Food,1192.91
INV004050,SKU0167,StandardWidgetD,66,2011-05-18,53.88,13445,Netherlands,Clothing,3667.49
INV004051,SKU0057,EliteWidgetG,88,2011-05-18,140.44,10131,Australia,Food,3924.65
INV004052,SKU0283,BudgetWidgetE,75,2011-05-18,126.45,15862,France,Food,2153.16
INV004053,SKU0025,ProWidgetF,24,2011-05-18,136.37,10152,Germany,HomeGarden,3450.23
INV004054,SKU0368,ClassicWidgetB,99,2011-05-18,44.53,12478,Netherlands,Food,2862.81
INV004055,SKU0446,BasicWidgetH,87,2011-05-18,86.27,18674,Belgium,Toys,960.97
INV004056,SKU0065,EliteWidgetG,32,2011-05-19,48.56,16116,Germany,Food,3799.68
INV004057,SKU0408,ProWidgetF,87,2011-05-19,38.91,10304,Spain,Sports,4640.15
INV004058,SKU0247,DeluxeWidgetC,98,2011-05-19,91.26,12519,UnitedKingdom,Food,2443.7
INV004059,SKU0253,DeluxeWidgetC,19,2011-05-19,122.79,16112,Belgium,Clothing,4971.56
INV004060,SKU0386,ProWidgetF,66,2011-05-19,14.49,10992,Netherlands,Food,2140.4
INV004061,SKU0455,EliteWidgetG,60,2011-05-19,41.73,15647,France,Toys,2399.2
INV004062,SKU0043,ProWidgetF,66,2011-05-19,31.17,17597,Spain,Food,3369.81
INV004063,SKU0096,StandardWidgetD,15,2011-05-19,119.85,18906,Australia,HomeGarden,929.66
INV004064,SKU0041,PremiumWidgetA,85,2011-05-19,140.04,11709,Netherlands,Food,4509.83
INV004065,SKU0499,BudgetWidgetE,35,2011-05-19,12.45,18018,UnitedKingdom,Electronics,4006.56
INV004066,SKU0226,StandardWidgetD,69,2011-05-19,57.19,19249,Australia,Food,4362.21
INV004067,SKU0261,ClassicWidgetB,27,2011-05-19,137.22,10470,France,Toys,3048.18
INV004068,SKU0166,ProWidgetF,88,2011-05-19,52.02,13465,Germany,Books,4418.86
INV004069,SKU0435,ClassicWidgetB,7,2011-05-19,107.04,18932,Germany,Food,3400.18
INV004070,SKU0278,ClassicWidgetB,6,2011-05-19,15.55,13566,Netherlands,Clothing,2558.29
INV004071,SKU0088,StandardWidgetD,33,2011-05-19,66.94,18704,Australia,Food,4659.02
INV004072,SKU0378,BudgetWidgetE,58,2011-05-19,75.74,15234,UnitedKingdom,Clothing,2199.16
INV004073,SKU0177,EliteWidgetG,49,2011-05-19,113.77,13285,UnitedKingdom,Food,2503.35
INV004074,SKU0426,DeluxeWidgetC,17,2011-05-19,43.68,18551,France,Clothing,848.55
INV004075,SKU0402,PremiumWidgetA,42,2011-05-19,40.0,10284,Spain,Clothing,4738.35
INV004076,SKU0196,BasicWidgetH,94,2011-05-19,45.79,13277,Australia,Books,1106.04
INV004077,SKU0306,DeluxeWidgetC,72,2011-05-19,83.58,12631,Australia,Books,1007.88
INV004078,SKU0266,BudgetWidgetE,40,2011-05-19,131.46,11757,Germany,Toys,506.87
INV004079,SKU0267,BasicWidgetH,46,2011-05-19,124.73,15479,Belgium,Toys,2267.34
INV004080,SKU0073,DeluxeWidgetC,71,2011-05-20,9.16,19714,France,Electronics,1368.8
INV004081,SKU0007,ProWidgetF,70,2011-05-20,131.9,15787,France,Clothing,3704.16
INV004082,SKU0407,ProWidgetF,68,2011-05-20,14.72,19437,Spain,HomeGarden,1538.3
INV004083,SKU0475,StandardWidgetD,1,2011-05-20,62.59,19604,France,Food,3604.13
INV004084,SKU0296,ClassicWidgetB,79,2011-05-20,114.93,15449,Australia,Sports,980.61
INV004085,SKU0163,BasicWidgetH,95,2011-05-20,12.69,14838,Belgium,Clothing,1150.6
INV004086,SKU0484,BudgetWidgetE,89,2011-05-20,6.54,19608,Germany,Toys,4031.06
INV004087,SKU0084,BudgetWidgetE,97,2011-05-20,49.83,18549,France,Books,1856.1
INV004088,SKU0071,DeluxeWidgetC,52,2011-05-20,109.62,13465,Germany,Electronics,559.76
INV004089,SKU0054,StandardWidgetD,35,2011-05-20,78.5,16048,Spain,Clothing,4807.06
INV004090,SKU0392,DeluxeWidgetC,69,2011-05-20,62.84,16730,France,Food,887.78
INV004091,SKU0046,DeluxeWidgetC,5,2011-05-20,122.05,14135,Australia,Electronics,751.84
INV004092,SKU0398,BudgetWidgetE,17,2011-05-20,115.12,13141,Germany,HomeGarden,1792.55
INV004093,SKU0431,DeluxeWidgetC,53,2011-05-20,118.01,14553,Netherlands,HomeGarden,479.07
INV004094,SKU0237,ClassicWidgetB,52,2011-05-20,69.23,10196,Belgium,HomeGarden,778.93
INV004095,SKU0103,DeluxeWidgetC,14,2011-05-20,3.41,11874,Spain,HomeGarden,4232.38
INV004096,SKU0209,BasicWidgetH,29,2011-05-20,26.23,15830,France,Sports,858.36
INV004097,SKU0041,ClassicWidgetB,8,2011-05-20,111.32,16679,Australia,Electronics,558.02
INV004098,SKU0315,BudgetWidgetE,98,2011-05-20,113.1,17986,Germany,Clothing,4399.91
INV004099,SKU0467,StandardWidgetD,1,2011-05-20,145.86,10937,UnitedKingdom,Sports,2219.54
INV004100,SKU0453,ProWidgetF,29,2011-05-20,28.93,12194,Australia,Clothing,786.66
INV004101,SKU0267,BasicWidgetH,36,2011-05-20,18.88,14125,Australia,Books,2908.01
INV004102,SKU0385,ClassicWidgetB,51,2011-05-20,21.25,16250,UnitedKingdom,Food,208.49
INV004103,SKU0262,StandardWidgetD,37,2011-05-20,28.13,18581,UnitedKingdom,Toys,2137.49
INV004104,SKU0335,StandardWidgetD,93,2011-05-21,79.51,18162,Belgium,Sports,2951.98
INV004105,SKU0386,ClassicWidgetB,69,2011-05-21,146.29,16549,Netherlands,Toys,4785.64
INV004106,SKU0364,BudgetWidgetE,53,2011-05-21,88.62,17178,Netherlands,Sports,1633.0
INV004107,SKU0258,PremiumWidgetA,96,2011-05-21,78.64,18538,Netherlands,Toys,3825.49
INV004108,SKU0282,StandardWidgetD,52,2011-05-21,101.17,18310,Australia,Food,664.37
INV004109,SKU0113,StandardWidgetD,88,2011-05-21,11.55,18054,Belgium,Toys,2168.48
INV004110,SKU0362,BudgetWidgetE,83,2011-05-21,122.4,14615,Australia,Books,1116.45
INV004111,SKU0039,BudgetWidgetE,12,2011-05-21,97.21,19430,Australia,Toys,2462.85
INV004112,SKU0485,DeluxeWidgetC,52,2011-05-21,26.09,12466,Netherlands,Sports,2086.74
INV004113,SKU0416,BudgetWidgetE,1,2011-05-21,94.79,18775,Germany,Toys,4898.95
INV004114,SKU0219,StandardWidgetD,7,2011-05-21,89.63,12759,Belgium,Electronics,4587.57
INV004115,SKU0128,ClassicWidgetB,17,2011-05-21,10.2,11708,Australia,Food,2911.45
INV004116,SKU0007,PremiumWidgetA,98,2011-05-21,40.41,15408,Australia,Toys,883.37
INV004117,SKU0100,EliteWidgetG,43,2011-05-21,58.95,16377,Australia,HomeGarden,2785.23
INV004118,SKU0415,DeluxeWidgetC,71,2011-05-21,37.11,16404,Netherlands,Food,3960.62
INV004119,SKU0379,EliteWidgetG,17,2011-05-21,36.85,17076,France,Food,191.1
INV004120,SKU0175,ClassicWidgetB,59,2011-05-21,86.16,16221,Netherlands,Toys,2170.71
INV004121,SKU0106,PremiumWidgetA,3,2011-05-21,70.89,14837,France,Clothing,214.19
INV004122,SKU0100,PremiumWidgetA,29,2011-05-21,100.26,18863,Netherlands,Books,1220.55
INV004123,SKU0259,PremiumWidgetA,22,2011-05-21,143.48,19963,Belgium,HomeGarden,461.48
INV004124,SKU0477,ProWidgetF,38,2011-05-21,99.25,11685,Germany,Sports,4802.93
INV004125,SKU0453,ClassicWidgetB,54,2011-05-21,87.52,12485,Germany,Electronics,844.97
INV004126,SKU0365,BasicWidgetH,93,2011-05-21,127.21,19888,Australia,Toys,751.37
INV004127,SKU0245,DeluxeWidgetC,50,2011-05-21,94.99,17940,Netherlands,Toys,4860.3
INV004128,SKU0274,DeluxeWidgetC,69,2011-05-22,25.25,13601,France,Sports,2580.32
INV004129,SKU0031,PremiumWidgetA,30,2011-05-22,47.55,11453,France,Books,3790.17
INV004130,SKU0136,ClassicWidgetB,23,2011-05-22,110.14,13206,Germany,Sports,1637.25
INV004131,SKU0011,ProWidgetF,85,2011-05-22,110.89,16712,Australia,Electronics,2664.77
INV004132,SKU0394,PremiumWidgetA,90,2011-05-22,148.06,12990,Belgium,Food,35.26
INV004133,SKU0301,BudgetWidgetE,47,2011-05-22,94.23,17546,France,Toys,2044.68
INV004134,SKU0374,BasicWidgetH,21,2011-05-22,134.98,11350,Netherlands,Food,2775.89
INV004135,SKU0015,EliteWidgetG,20,2011-05-22,8.66,16342,Australia,Sports,2572.54
INV004136,SKU0128,DeluxeWidgetC,23,2011-05-22,85.15,17338,Spain,Food,2029.69
INV004137,SKU0062,EliteWidgetG,68,2011-05-22,138.02,15434,Netherlands,Sports,3939.75
INV004138,SKU0108,StandardWidgetD,21,2011-05-22,43.44,13949,Netherlands,Toys,2508.7
INV004139,SKU0374,PremiumWidgetA,21,2011-05-22,23.65,11279,Germany,Sports,3180.97
INV004140,SKU0020,BudgetWidgetE,1,2011-05-22,52.9,15998,Belgium,Toys,923.92
INV004141,SKU0157,DeluxeWidgetC,15,2011-05-22,118.94,10820,Netherlands,Sports,4307.64
INV004142,SKU0268,EliteWidgetG,17,2011-05-22,13.16,19535,UnitedKingdom,Food,1814.82
INV004143,SKU0161,BasicWidgetH,51,2011-05-22,90.25,16119,Australia,Electronics,2411.04
INV004144,SKU0259,ProWidgetF,63,2011-05-22,20.78,12295,UnitedKingdom,Clothing,1761.62
INV004145,SKU0411,ClassicWidgetB,14,2011-05-22,65.61,10003,Belgium,HomeGarden,4459.64
INV004146,SKU0101,DeluxeWidgetC,59,2011-05-22,144.91,12560,Netherlands,Books,4503.8
INV004147,SKU0222,BasicWidgetH,83,2011-05-22,29.67,16981,Netherlands,Food,1122.2
INV004148,SKU0058,EliteWidgetG,50,2011-05-22,5.59,10030,Germany,Clothing,3763.82
INV004149,SKU0246,ClassicWidgetB,34,2011-05-22,64.37,15952,Germany,Electronics,515.31
INV004150,SKU0127,EliteWidgetG,6,2011-05-22,86.87,19844,Spain,Books,150.22
INV004151,SKU0282,ClassicWidgetB,49,2011-05-22,44.98,18132,Germany,Books,4183.08
INV004152,SKU0324,ProWidgetF,6,2011-05-23,81.49,19490,Spain,Toys,656.76
INV004153,SKU0024,ProWidgetF,69,2011-05-23,143.03,10885,Belgium,Toys,774.76
INV004154,SKU0130,PremiumWidgetA,7,2011-05-23,47.11,17492,Belgium,Food,3033.33
INV004155,SKU0352,PremiumWidgetA,97,2011-05-23,46.76,19392,Germany,Sports,4084.03
INV004156,SKU0195,DeluxeWidgetC,77,2011-05-23,72.67,14843,Spain,HomeGarden,948.81
INV004157,SKU0280,ProWidgetF,51,2011-05-23,77.54,14038,France,Toys,571.85
INV004158,SKU0403,BudgetWidgetE,1,2011-05-23,0.7,12290,Germany,HomeGarden,387.53
INV004159,SKU0417,EliteWidgetG,13,2011-05-23,92.57,13894,Netherlands,Electronics,125.21
INV004160,SKU0153,EliteWidgetG,43,2011-05-23,149.6,14596,Spain,Toys,583.28
INV004161,SKU0381,EliteWidgetG,27,2011-05-23,44.16,10204,Netherlands,Clothing,4713.52
INV004162,SKU0132,DeluxeWidgetC,71,2011-05-23,94.81,19675,Spain,Sports,477.32
INV004163,SKU0226,EliteWidgetG,3,2011-05-23,1.19,15502,Australia,HomeGarden,2988.2
INV004164,SKU0188,StandardWidgetD,58,2011-05-23,90.85,18197,Spain,Sports,4604.91
INV004165,SKU0475,ClassicWidgetB,89,2011-05-23,67.34,17820,UnitedKingdom,Clothing,3139.47
INV004166,SKU0476,EliteWidgetG,97,2011-05-23,79.78,18140,Spain,Books,164.7
INV004167,SKU0264,BasicWidgetH,17,2011-05-23,81.81,10531,Spain,Clothing,2982.47
INV004168,SKU0371,ClassicWidgetB,45,2011-05-23,26.95,18016,France,Books,4515.42
INV004169,SKU0485,PremiumWidgetA,78,2011-05-23,115.61,10226,France,Clothing,1613.47
INV004170,SKU0433,EliteWidgetG,58,2011-05-23,83.54,16142,Belgium,Sports,1568.83
INV004171,SKU0133,BasicWidgetH,56,2011-05-23,40.89,17482,Australia,Clothing,1245.07
INV004172,SKU0210,BudgetWidgetE,54,2011-05-23,140.64,12099,Australia,Toys,2528.22
INV004173,SKU0059,BasicWidgetH,87,2011-05-23,2.41,17313,Germany,HomeGarden,1190.48
INV004174,SKU0427,ProWidgetF,88,2011-05-23,109.03,17290,Australia,HomeGarden,3619.22
INV004175,SKU0376,ProWidgetF,29,2011-05-23,57.49,14566,France,Electronics,3224.66
INV004176,SKU0394,PremiumWidgetA,54,2011-05-24,78.62,19088,UnitedKingdom,Food,2004.47
INV004177,SKU0449,StandardWidgetD,27,2011-05-24,44.08,19512,Spain,Toys,3613.05
INV004178,SKU0430,DeluxeWidgetC,45,2011-05-24,48.53,12661,UnitedKingdom,HomeGarden,493.38
INV004179,SKU0363,DeluxeWidgetC,87,2011-05-24,2.77,11664,France,HomeGarden,3747.89
INV004180,SKU0363,BudgetWidgetE,31,2011-05-24,109.61,11525,Germany,Books,3014.94
INV004181,SKU0456,PremiumWidgetA,36,2011-05-24,106.76,13750,UnitedKingdom,Toys,3150.78
INV004182,SKU0212,PremiumWidgetA,81,2011-05-24,98.33,16757,Spain,Sports,324.25
INV004183,SKU0215,StandardWidgetD,61,2011-05-24,131.75,13654,Spain,Sports,3091.06
INV004184,SKU0225,EliteWidgetG,37,2011-05-24,135.24,12567,UnitedKingdom,Books,2471.12
INV004185,SKU0469,DeluxeWidgetC,67,2011-05-24,83.69,11096,Germany,HomeGarden,2429.83
INV004186,SKU0130,EliteWidgetG,36,2011-05-24,102.88,13098,UnitedKingdom,Clothing,1609.95
INV004187,SKU0075,PremiumWidgetA,5,2011-05-24,2.14,13240,Netherlands,Books,39.06
INV004188,SKU0475,EliteWidgetG,46,2011-05-24,127.03,17967,Belgium,Sports,2113.76
INV004189,SKU0285,ProWidgetF,79,2011-05-24,122.55,16728,France,Electronics,2005.18
INV004190,SKU0473,BudgetWidgetE,52,2011-05-24,3.53,15328,UnitedKingdom,Sports,2114.6
INV004191,SKU0495,DeluxeWidgetC,49,2011-05-24,81.65,17778,UnitedKingdom,Clothing,3060.36
INV004192,SKU0276,StandardWidgetD,6,2011-05-24,136.05,18079,Germany,Sports,1500.23
INV004193,SKU0155,BudgetWidgetE,10,2011-05-24,27.62,13614,UnitedKingdom,Books,1347.65
INV004194,SKU0247,ClassicWidgetB,96,2011-05-24,53.22,10847,Germany,Electronics,2489.41
INV004195,SKU0217,ProWidgetF,23,2011-05-24,49.99,13616,France,Sports,2962.0
INV004196,SKU0189,StandardWidgetD,17,2011-05-24,53.71,12704,Netherlands,Books,2837.07
INV004197,SKU0416,BasicWidgetH,84,2011-05-24,6.76,16754,Australia,Food,4408.33
INV004198,SKU0468,BudgetWidgetE,44,2011-05-24,42.21,13893,France,Books,3845.95
INV004199,SKU0162,PremiumWidgetA,41,2011-05-24,44.58,12994,UnitedKingdom,Food,261.9
INV004200,SKU0179,ClassicWidgetB,15,2011-05-25,129.95,14533,Belgium,Books,2817.81
INV004201,SKU0033,StandardWidgetD,44,2011-05-25,53.14,11500,Netherlands,Electronics,2089.65
INV004202,SKU0040,PremiumWidgetA,58,2011-05-25,67.36,12442,Australia,Books,1805.9
INV004203,SKU0306,ProWidgetF,86,2011-05-25,57.42,11725,Australia,Electronics,4789.52
INV004204,SKU0430,BasicWidgetH,50,2011-05-25,18.54,19757,Spain,Toys,2284.52
INV004205,SKU0337,ClassicWidgetB,52,2011-05-25,148.56,17341,Spain,Food,3597.46
INV004206,SKU0313,DeluxeWidgetC,70,2011-05-25,123.96,19935,UnitedKingdom,Clothing,4835.47
INV004207,SKU0074,BasicWidgetH,68,2011-05-25,81.37,10325,Spain,Clothing,755.85
INV004208,SKU0440,PremiumWidgetA,63,2011-05-25,71.72,14417,Australia,Clothing,274.03
INV004209,SKU0278,BudgetWidgetE,58,2011-05-25,97.56,12666,Australia,Toys,1568.79
INV004210,SKU0175,EliteWidgetG,23,2011-05-25,49.3,19401,France,Books,223.18
INV004211,SKU0383,StandardWidgetD,44,2011-05-25,8.02,14361,Spain,Electronics,584.71
INV004212,SKU0149,ClassicWidgetB,83,2011-05-25,60.95,17152,Spain,Toys,4958.56
INV004213,SKU0272,PremiumWidgetA,95,2011-05-25,147.6,10841,France,Clothing,4800.93
INV004214,SKU0324,DeluxeWidgetC,44,2011-05-25,27.76,14778,Australia,HomeGarden,3456.77
INV004215,SKU0107,EliteWidgetG,52,2011-05-25,79.39,12071,Germany,Clothing,3765.18
INV004216,SKU0138,StandardWidgetD,67,2011-05-25,1.77,11284,UnitedKingdom,Books,703.32
INV004217,SKU0349,StandardWidgetD,28,2011-05-25,18.74,11378,Germany,Food,2976.58
INV004218,SKU0270,PremiumWidgetA,67,2011-05-25,88.29,16339,Germany,Toys,772.91
INV004219,SKU0346,DeluxeWidgetC,78,2011-05-25,44.96,12658,Australia,HomeGarden,1892.55
INV004220,SKU0418,ProWidgetF,18,2011-05-25,135.9,13561,UnitedKingdom,Toys,1727.38
INV004221,SKU0288,EliteWidgetG,27,2011-05-25,61.22,16007,Germany,Sports,3070.19
INV004222,SKU0211,ProWidgetF,51,2011-05-25,31.6,15452,Belgium,HomeGarden,399.39
INV004223,SKU0380,ClassicWidgetB,60,2011-05-25,82.07,14012,Belgium,Sports,518.21
INV004224,SKU0271,PremiumWidgetA,74,2011-05-26,119.35,11978,Belgium,HomeGarden,3050.05
INV004225,SKU0417,EliteWidgetG,49,2011-05-26,3.4,14416,France,Electronics,3180.95
INV004226,SKU0065,ClassicWidgetB,15,2011-05-26,76.08,15496,France,HomeGarden,1700.07
INV004227,SKU0482,BasicWidgetH,83,2011-05-26,116.13,17874,UnitedKingdom,Clothing,735.21
INV004228,SKU0423,ProWidgetF,73,2011-05-26,15.99,12224,Germany,Food,4430.51
INV004229,SKU0247,BasicWidgetH,68,2011-05-26,135.47,17089,Belgium,Sports,265.69
INV004230,SKU0155,BasicWidgetH,15,2011-05-26,40.05,10953,Netherlands,Sports,3587.16
INV004231,SKU0046,EliteWidgetG,51,2011-05-26,26.01,16934,Spain,Toys,701.08
INV004232,SKU0422,StandardWidgetD,48,2011-05-26,88.59,15917,Netherlands,Clothing,3187.23
INV004233,SKU0453,ClassicWidgetB,72,2011-05-26,26.67,18261,UnitedKingdom,Electronics,3318.62
INV004234,SKU0200,BasicWidgetH,1,2011-05-26,102.12,19286,Spain,HomeGarden,4021.49
INV004235,SKU0147,DeluxeWidgetC,7,2011-05-26,73.77,15742,UnitedKingdom,Electronics,1975.73
INV004236,SKU0123,BudgetWidgetE,53,2011-05-26,16.94,14253,Netherlands,Clothing,109.96
INV004237,SKU0000,ProWidgetF,31,2011-05-26,136.92,10548,Germany,Food,4055.44
INV004238,SKU0455,ProWidgetF,18,2011-05-26,101.14,11839,Germany,HomeGarden,2220.9
INV004239,SKU0246,DeluxeWidgetC,12,2011-05-26,82.13,11951,Australia,Clothing,4235.6
INV004240,SKU0342,EliteWidgetG,48,2011-05-26,56.46,19250,Spain,Sports,3880.15
INV004241,SKU0127,EliteWidgetG,30,2011-05-26,20.66,12507,UnitedKingdom,Sports,2492.04
INV004242,SKU0190,EliteWidgetG,97,2011-05-26,106.27,19074,Germany,Sports,4997.0
INV004243,SKU0066,ClassicWidgetB,7,2011-05-26,122.14,16350,Netherlands,Books,2310.91
INV004244,SKU0003,PremiumWidgetA,92,2011-05-26,19.31,17603,Spain,Books,3482.83
INV004245,SKU0441,BasicWidgetH,3,2011-05-26,74.44,12625,Netherlands,Sports,3349.35
INV004246,SKU0408,StandardWidgetD,63,2011-05-26,72.98,15893,France,Food,2590.82
INV004247,SKU0302,BudgetWidgetE,6,2011-05-26,52.81,17400,Germany,Books,2927.17
INV004248,SKU0293,PremiumWidgetA,95,2011-05-27,118.51,12153,Belgium,Food,3993.25
INV004249,SKU0142,PremiumWidgetA,15,2011-05-27,15.38,14761,Belgium,Books,2858.49
INV004250,SKU0190,DeluxeWidgetC,71,2011-05-27,31.15,17185,Australia,Toys,2251.29
INV004251,SKU0020,ClassicWidgetB,43,2011-05-27,0.74,13566,Australia,Clothing,3310.75
INV004252,SKU0226,ProWidgetF,94,2011-05-27,56.26,10259,Spain,Toys,178.51
INV004253,SKU0312,ProWidgetF,91,2011-05-27,44.03,19700,UnitedKingdom,Food,546.86
INV004254,SKU0116,DeluxeWidgetC,81,2011-05-27,130.12,18504,France,HomeGarden,628.01
INV004255,SKU0436,ClassicWidgetB,18,2011-05-27,112.0,11844,Spain,Sports,2129.41
INV004256,SKU0301,DeluxeWidgetC,22,2011-05-27,13.13,17269,Netherlands,Toys,4359.0
INV004257,SKU0499,ProWidgetF,61,2011-05-27,111.27,11533,Netherlands,Toys,3216.83
INV004258,SKU0141,PremiumWidgetA,61,2011-05-27,101.47,15596,UnitedKingdom,Books,4863.12
INV004259,SKU0483,StandardWidgetD,53,2011-05-27,42.62,14769,Australia,Clothing,200.66
INV004260,SKU0459,BasicWidgetH,26,2011-05-27,2.81,19615,Australia,Clothing,3610.31
INV004261,SKU0400,EliteWidgetG,91,2011-05-27,17.72,12020,Netherlands,Toys,1571.69
INV004262,SKU0038,ClassicWidgetB,40,2011-05-27,37.87,16358,Belgium,HomeGarden,117.4
INV004263,SKU0392,BasicWidgetH,88,2011-05-27,122.59,15502,UnitedKingdom,Food,4129.81
INV004264,SKU0354,BudgetWidgetE,8,2011-05-27,70.06,15243,Spain,Clothing,814.31
INV004265,SKU0251,BudgetWidgetE,21,2011-05-27,137.8,11691,Germany,Electronics,1071.16
INV004266,SKU0332,PremiumWidgetA,93,2011-05-27,118.48,19920,Spain,Electronics,1702.99
INV004267,SKU0206,DeluxeWidgetC,43,2011-05-27,43.42,18519,France,Sports,3942.0
INV004268,SKU0209,DeluxeWidgetC,21,2011-05-27,126.88,11588,Australia,Toys,3123.33
INV004269,SKU0114,ProWidgetF,3,2011-05-27,17.95,13753,Spain,HomeGarden,1325.04
INV004270,SKU0224,PremiumWidgetA,31,2011-05-27,5.9,10097,Australia,Toys,843.28
INV004271,SKU0133,ProWidgetF,27,2011-05-27,91.48,14754,Australia,Electronics,548.63
INV004272,SKU0250,ProWidgetF,27,2011-05-28,51.59,16173,Germany,Food,749.93
INV004273,SKU0218,BudgetWidgetE,73,2011-05-28,49.75,19289,Belgium,HomeGarden,4340.86
INV004274,SKU0406,ProWidgetF,57,2011-05-28,103.24,18052,Germany,Food,4613.49
INV004275,SKU0442,BasicWidgetH,97,2011-05-28,127.59,15018,Spain,Sports,4839.82
INV004276,SKU0090,EliteWidgetG,33,2011-05-28,48.67,15704,France,Clothing,4173.82
INV004277,SKU0353,ProWidgetF,90,2011-05-28,49.09,17911,Australia,Clothing,4437.06
INV004278,SKU0375,BudgetWidgetE,92,2011-05-28,80.31,18276,Netherlands,Clothing,4080.7
INV004279,SKU0045,EliteWidgetG,44,2011-05-28,98.15,11277,Australia,Electronics,4790.32
INV004280,SKU0037,DeluxeWidgetC,43,2011-05-28,30.83,10518,France,Food,4228.41
INV004281,SKU0141,ClassicWidgetB,31,2011-05-28,136.95,15426,Spain,HomeGarden,2310.55
INV004282,SKU0099,StandardWidgetD,65,2011-05-28,98.34,17815,France,Electronics,1616.95
INV004283,SKU0327,ProWidgetF,84,2011-05-28,93.96,10183,Netherlands,Books,2921.48
INV004284,SKU0189,BasicWidgetH,76,2011-05-28,135.68,19164,Germany,HomeGarden,3041.31
INV004285,SKU0034,EliteWidgetG,17,2011-05-28,136.14,12388,Netherlands,Sports,2875.0
INV004286,SKU0146,ClassicWidgetB,15,2011-05-28,20.76,14322,France,Food,3533.92
INV004287,SKU0029,BudgetWidgetE,34,2011-05-28,22.19,14932,Netherlands,Electronics,3495.18
INV004288,SKU0333,ClassicWidgetB,80,2011-05-28,114.41,13827,Australia,Clothing,436.88
INV004289,SKU0083,StandardWidgetD,4,2011-05-28,143.55,12497,France,Clothing,1428.33
INV004290,SKU0368,BasicWidgetH,72,2011-05-28,100.14,13479,Belgium,Clothing,4449.41
INV004291,SKU0280,ClassicWidgetB,98,2011-05-28,61.99,18757,Spain,Electronics,2950.59
INV004292,SKU0423,BasicWidgetH,89,2011-05-28,102.68,11935,Germany,Food,1643.29
INV004293,SKU0343,EliteWidgetG,79,2011-05-28,34.71,16275,Germany,Electronics,4252.44
INV004294,SKU0269,ClassicWidgetB,28,2011-05-28,149.7,19018,Netherlands,Clothing,1245.96
INV004295,SKU0153,BasicWidgetH,73,2011-05-28,64.95,10349,Netherlands,Clothing,2046.59
INV004296,SKU0101,ClassicWidgetB,2,2011-05-29,139.79,10098,Belgium,Clothing,1382.0
INV004297,SKU0214,ClassicWidgetB,17,2011-05-29,64.9,11769,Belgium,Books,4356.88
INV004298,SKU0149,PremiumWidgetA,58,2011-05-29,139.26,11804,Netherlands,Electronics,3641.72
INV004299,SKU0431,ProWidgetF,74,2011-05-29,50.68,19252,Spain,Clothing,2301.67
INV004300,SKU0082,BudgetWidgetE,9,2011-05-29,114.2,18112,Australia,Sports,4661.57
INV004301,SKU0109,StandardWidgetD,31,2011-05-29,142.67,14170,Germany,Clothing,4637.3
INV004302,SKU0434,BudgetWidgetE,66,2011-05-29,97.07,10401,France,Food,3557.91
INV004303,SKU0386,PremiumWidgetA,88,2011-05-29,101.8,18379,France,Electronics,4460.08
INV004304,SKU0425,PremiumWidgetA,62,2011-05-29,15.88,18330,Germany,Sports,3597.25
INV004305,SKU0274,EliteWidgetG,19,2011-05-29,71.4,10142,Spain,Food,3141.43
INV004306,SKU0200,PremiumWidgetA,81,2011-05-29,133.07,10220,Belgium,Toys,2104.49
INV004307,SKU0283,ProWidgetF,74,2011-05-29,36.52,14240,Belgium,Toys,1368.08
INV004308,SKU0467,PremiumWidgetA,55,2011-05-29,118.36,17001,Netherlands,Toys,302.23
INV004309,SKU0172,ClassicWidgetB,28,2011-05-29,101.52,10387,UnitedKingdom,Food,4004.55
INV004310,SKU0326,BudgetWidgetE,92,2011-05-29,33.84,15991,Netherlands,Electronics,611.69
INV004311,SKU0205,DeluxeWidgetC,50,2011-05-29,42.78,10559,Spain,Electronics,2052.34
INV004312,SKU0062,StandardWidgetD,65,2011-05-29,64.42,11839,Germany,Food,1173.94
INV004313,SKU0072,PremiumWidgetA,3,2011-05-29,19.21,11771,Australia,Electronics,2273.68
INV004314,SKU0250,BudgetWidgetE,79,2011-05-29,137.05,18556,Netherlands,HomeGarden,1575.6
INV004315,SKU0123,EliteWidgetG,52,2011-05-29,111.03,18608,Belgium,Food,4148.64
INV004316,SKU0374,PremiumWidgetA,10,2011-05-29,55.06,17676,France,Sports,4890.91
INV004317,SKU0120,ProWidgetF,21,2011-05-29,45.3,19827,Australia,Books,4707.83
INV004318,SKU0274,PremiumWidgetA,37,2011-05-29,103.59,12068,Germany,Books,3112.23
INV004319,SKU0430,PremiumWidgetA,15,2011-05-29,63.92,16757,Belgium,HomeGarden,4896.4
INV004320,SKU0499,BasicWidgetH,87,2011-05-30,34.79,10516,UnitedKingdom,Electronics,2004.21
INV004321,SKU0397,BasicWidgetH,78,2011-05-30,64.81,19412,Netherlands,Books,2612.91
INV004322,SKU0119,PremiumWidgetA,79,2011-05-30,130.76,10660,Australia,Sports,1284.99
INV004323,SKU0421,EliteWidgetG,74,2011-05-30,10.76,13416,Australia,Food,4490.01
INV004324,SKU0436,BasicWidgetH,9,2011-05-30,55.57,18521,France,Clothing,899.37
INV004325,SKU0316,PremiumWidgetA,44,2011-05-30,144.37,10377,Belgium,Food,3052.83
INV004326,SKU0163,StandardWidgetD,39,2011-05-30,2.72,10159,Netherlands,Sports,3997.47
INV004327,SKU0423,BudgetWidgetE,5,2011-05-30,133.65,19455,UnitedKingdom,Electronics,2977.4
INV004328,SKU0464,BasicWidgetH,25,2011-05-30,56.54,14174,Australia,Sports,394.8
INV004329,SKU0285,BasicWidgetH,56,2011-05-30,28.83,12199,France,Toys,3057.62
INV004330,SKU0264,ProWidgetF,90,2011-05-30,2.74,19416,Belgium,Electronics,3835.63
INV004331,SKU0319,PremiumWidgetA,64,2011-05-30,11.04,16276,Netherlands,Sports,939.95
INV004332,SKU0160,PremiumWidgetA,72,2011-05-30,26.19,11988,Netherlands,HomeGarden,3685.03
INV004333,SKU0375,PremiumWidgetA,86,2011-05-30,4.3,16777,Belgium,Food,4393.01
INV004334,SKU0307,PremiumWidgetA,52,2011-05-30,50.71,16312,Belgium,Sports,4932.31
INV004335,SKU0088,BasicWidgetH,89,2011-05-30,7.21,18168,Belgium,Food,2050.89
INV004336,SKU0141,ClassicWidgetB,76,2011-05-30,103.99,10865,UnitedKingdom,Toys,126.79
INV004337,SKU0202,ClassicWidgetB,9,2011-05-30,122.93,18582,France,Books,2095.98
INV004338,SKU0308,DeluxeWidgetC,10,2011-05-30,133.18,19600,Belgium,Clothing,3301.48
INV004339,SKU0226,PremiumWidgetA,10,2011-05-30,82.59,14915,UnitedKingdom,HomeGarden,4456.93
INV004340,SKU0488,DeluxeWidgetC,73,2011-05-30,142.0,16241,Australia,Sports,4690.59
INV004341,SKU0442,StandardWidgetD,62,2011-05-30,1.34,17135,Spain,Electronics,4547.97
INV004342,SKU0333,DeluxeWidgetC,90,2011-05-30,20.54,11554,Belgium,HomeGarden,3290.14
INV004343,SKU0221,BudgetWidgetE,99,2011-05-30,44.33,14047,Germany,Books,3412.93
INV004344,SKU0040,ClassicWidgetB,91,2011-05-31,118.46,10131,Germany,Clothing,12.92
INV004345,SKU0195,ClassicWidgetB,60,2011-05-31,132.87,13679,UnitedKingdom,Toys,1819.29
INV004346,SKU0067,PremiumWidgetA,95,2011-05-31,92.91,16353,UnitedKingdom,Clothing,4534.37
INV004347,SKU0475,BasicWidgetH,19,2011-05-31,57.79,13076,Spain,Sports,3448.4
INV004348,SKU0263,PremiumWidgetA,38,2011-05-31,100.04,11521,Spain,Toys,2340.14
INV004349,SKU0001,StandardWidgetD,6,2011-05-31,27.54,13269,Spain,Books,522.16
INV004350,SKU0360,ProWidgetF,15,2011-05-31,68.95,10440,Spain,Books,1232.34
INV004351,SKU0124,StandardWidgetD,93,2011-05-31,76.38,19933,Belgium,Clothing,2775.06
INV004352,SKU0109,BudgetWidgetE,47,2011-05-31,16.18,11203,Germany,Clothing,4487.61
INV004353,SKU0085,PremiumWidgetA,45,2011-05-31,5.56,18432,Australia,Books,479.97
INV004354,SKU0424,PremiumWidgetA,5,2011-05-31,112.64,13391,Spain,Food,769.62
INV004355,SKU0119,StandardWidgetD,78,2011-05-31,80.44,13721,Spain,Clothing,3275.37
INV004356,SKU0126,StandardWidgetD,53,2011-05-31,50.17,16775,UnitedKingdom,Electronics,1471.45
INV004357,SKU0254,StandardWidgetD,66,2011-05-31,65.87,17160,Spain,Clothing,849.35
INV004358,SKU0182,ClassicWidgetB,62,2011-05-31,143.68,17875,Australia,Electronics,893.0
INV004359,SKU0015,DeluxeWidgetC,23,2011-05-31,58.04,19395,Belgium,Toys,2463.57
INV004360,SKU0476,DeluxeWidgetC,44,2011-05-31,15.97,11887,Belgium,Clothing,2919.14
INV004361,SKU0061,PremiumWidgetA,52,2011-05-31,69.81,14270,Australia,HomeGarden,4521.84
INV004362,SKU0368,ClassicWidgetB,46,2011-05-31,97.38,18389,Belgium,HomeGarden,2649.56
INV004363,SKU0431,StandardWidgetD,19,2011-05-31,2.31,17705,France,Food,3456.68
INV004364,SKU0157,PremiumWidgetA,88,2011-05-31,50.18,14194,Belgium,Food,904.25
INV004365,SKU0267,ClassicWidgetB,84,2011-05-31,59.33,10744,Australia,Toys,3567.59
INV004366,SKU0034,BudgetWidgetE,47,2011-05-31,69.83,15546,Spain,Toys,3243.82
INV004367,SKU0266,ProWidgetF,91,2011-05-31,45.6,10452,Belgium,Food,1081.69
INV004368,SKU0063,ClassicWidgetB,52,2011-06-01,100.2,13262,Netherlands,HomeGarden,3347.22
INV004369,SKU0493,EliteWidgetG,24,2011-06-01,141.73,17745,Spain,Toys,1058.25
INV004370,SKU0049,PremiumWidgetA,17,2011-06-01,137.14,10498,Germany,Electronics,2968.3
INV004371,SKU0468,BasicWidgetH,89,2011-06-01,99.83,10140,Belgium,Food,3344.58
INV004372,SKU0254,DeluxeWidgetC,46,2011-06-01,76.28,11714,Belgium,Electronics,3467.06
INV004373,SKU0148,EliteWidgetG,64,2011-06-01,123.96,10675,Germany,Sports,4546.42
INV004374,SKU0324,StandardWidgetD,95,2011-06-01,125.47,13505,Belgium,Sports,4739.24
INV004375,SKU0303,ProWidgetF,28,2011-06-01,124.52,13602,UnitedKingdom,Clothing,4051.18
INV004376,SKU0275,BasicWidgetH,50,2011-06-01,24.1,16675,UnitedKingdom,Electronics,4393.86
INV004377,SKU0356,BudgetWidgetE,64,2011-06-01,4.3,19109,France,Food,97.63
INV004378,SKU0450,BasicWidgetH,28,2011-06-01,147.49,16504,Spain,HomeGarden,1813.98
INV004379,SKU0171,ProWidgetF,86,2011-06-01,143.97,14803,France,HomeGarden,199.57
INV004380,SKU0416,BasicWidgetH,56,2011-06-01,84.87,11730,Netherlands,Food,1125.0
INV004381,SKU0200,ProWidgetF,59,2011-06-01,148.96,15976,UnitedKingdom,HomeGarden,1909.24
INV004382,SKU0444,ClassicWidgetB,5,2011-06-01,115.7,17811,Germany,Clothing,4338.01
INV004383,SKU0392,PremiumWidgetA,54,2011-06-01,77.85,17028,Netherlands,Electronics,2559.26
INV004384,SKU0323,BasicWidgetH,44,2011-06-01,58.7,13718,Belgium,Toys,3244.66
INV004385,SKU0034,BasicWidgetH,42,2011-06-01,89.13,17088,UnitedKingdom,Clothing,1814.72
INV004386,SKU0464,PremiumWidgetA,72,2011-06-01,77.61,11624,Netherlands,Toys,3014.98
INV004387,SKU0481,ProWidgetF,92,2011-06-01,149.07,11806,Spain,Books,4077.87
INV004388,SKU0215,StandardWidgetD,57,2011-06-01,73.82,19646,Australia,Books,1506.91
INV004389,SKU0479,PremiumWidgetA,47,2011-06-01,125.47,18545,Belgium,Sports,4661.35
INV004390,SKU0064,ProWidgetF,76,2011-06-01,122.14,12933,Belgium,Toys,1067.35
INV004391,SKU0007,PremiumWidgetA,25,2011-06-01,11.18,10940,Australia,Electronics,4596.59
INV004392,SKU0300,StandardWidgetD,44,2011-06-02,13.51,17787,Netherlands,Toys,142.46
INV004393,SKU0342,BudgetWidgetE,15,2011-06-02,99.14,13945,UnitedKingdom,Toys,2714.22
INV004394,SKU0430,EliteWidgetG,51,2011-06-02,39.24,17058,Australia,HomeGarden,4925.88
INV004395,SKU0423,ProWidgetF,53,2011-06-02,98.8,14848,Australia,Electronics,3049.28
INV004396,SKU0331,DeluxeWidgetC,34,2011-06-02,22.12,18421,Netherlands,Food,2774.75
INV004397,SKU0437,DeluxeWidgetC,77,2011-06-02,59.86,14852,Australia,Toys,3412.67
INV004398,SKU0075,ProWidgetF,8,2011-06-02,15.82,16459,Spain,Toys,1447.22
INV004399,SKU0173,ClassicWidgetB,77,2011-06-02,42.67,14857,Belgium,Toys,270.52
INV004400,SKU0046,BudgetWidgetE,70,2011-06-02,13.7,17738,Germany,Sports,1256.07
INV004401,SKU0014,ClassicWidgetB,96,2011-06-02,145.6,10237,Australia,Food,882.06
INV004402,SKU0360,EliteWidgetG,21,2011-06-02,59.56,13772,Spain,HomeGarden,4617.92
INV004403,SKU0146,DeluxeWidgetC,7,2011-06-02,135.23,17735,Belgium,Clothing,4261.46
INV004404,SKU0025,StandardWidgetD,90,2011-06-02,145.69,12781,Netherlands,HomeGarden,1589.25
INV004405,SKU0307,ProWidgetF,79,2011-06-02,136.48,17087,Australia,Toys,4180.51
INV004406,SKU0092,EliteWidgetG,56,2011-06-02,68.52,11984,Australia,Toys,1059.55
INV004407,SKU0405,BasicWidgetH,49,2011-06-02,116.95,11052,France,Food,998.7
INV004408,SKU0231,BasicWidgetH,42,2011-06-02,23.48,17658,Netherlands,Books,3837.91
INV004409,SKU0020,PremiumWidgetA,23,2011-06-02,14.68,15254,Netherlands,Clothing,1635.33
INV004410,SKU0306,DeluxeWidgetC,52,2011-06-02,131.6,10350,Spain,Toys,324.9
INV004411,SKU0037,BudgetWidgetE,79,2011-06-02,5.15,10912,France,Food,3600.21
INV004412,SKU0275,DeluxeWidgetC,53,2011-06-02,145.86,14445,France,HomeGarden,4948.02
INV004413,SKU0156,BudgetWidgetE,16,2011-06-02,100.98,19496,Spain,Food,2830.32
INV004414,SKU0178,BudgetWidgetE,96,2011-06-02,63.23,10291,Germany,Clothing,1319.07
INV004415,SKU0131,ProWidgetF,37,2011-06-02,21.64,19404,Australia,Books,1865.16
INV004416,SKU0310,BudgetWidgetE,18,2011-06-03,108.62,17750,UnitedKingdom,Books,3243.6
INV004417,SKU0454,ClassicWidgetB,20,2011-06-03,84.69,10467,UnitedKingdom,Electronics,3507.2
INV004418,SKU0347,BasicWidgetH,46,2011-06-03,106.81,13277,France,Toys,4431.77
INV004419,SKU0027,EliteWidgetG,2,2011-06-03,62.98,15361,Netherlands,Food,4544.27
INV004420,SKU0259,StandardWidgetD,87,2011-06-03,10.41,15303,Netherlands,Books,4306.53
INV004421,SKU0405,DeluxeWidgetC,94,2011-06-03,47.59,13575,Spain,Books,3242.81
INV004422,SKU0075,StandardWidgetD,63,2011-06-03,47.6,16592,Germany,Books,2249.81
INV004423,SKU0428,EliteWidgetG,3,2011-06-03,1.8,14325,UnitedKingdom,Toys,3396.85
INV004424,SKU0066,PremiumWidgetA,46,2011-06-03,1.93,11064,Belgium,Food,3333.16
INV004425,SKU0341,EliteWidgetG,49,2011-06-03,49.95,14888,Belgium,Sports,1090.7
INV004426,SKU0491,DeluxeWidgetC,1,2011-06-03,109.28,19885,Spain,Food,2538.26
INV004427,SKU0193,BasicWidgetH,22,2011-06-03,93.79,12394,Spain,Food,1041.87
INV004428,SKU0471,StandardWidgetD,93,2011-06-03,36.23,18278,Netherlands,Food,4495.72
INV004429,SKU0161,StandardWidgetD,14,2011-06-03,90.61,12920,Germany,Books,1616.92
INV004430,SKU0346,ProWidgetF,92,2011-06-03,97.28,16858,Germany,Food,4027.32
INV004431,SKU0438,ProWidgetF,85,2011-06-03,78.62,10003,France,Electronics,1886.76
INV004432,SKU0360,EliteWidgetG,45,2011-06-03,78.44,15940,UnitedKingdom,Clothing,3818.92
INV004433,SKU0256,EliteWidgetG,96,2011-06-03,55.78,18048,Germany,Sports,1105.34
INV004434,SKU0071,PremiumWidgetA,6,2011-06-03,18.95,19713,Germany,Clothing,3818.95
INV004435,SKU0086,BudgetWidgetE,65,2011-06-03,58.13,11977,Germany,Clothing,898.48
INV004436,SKU0421,DeluxeWidgetC,21,2011-06-03,52.13,19666,Belgium,Food,2454.6
INV004437,SKU0261,ProWidgetF,4,2011-06-03,89.0,19322,UnitedKingdom,Food,569.02
INV004438,SKU0213,DeluxeWidgetC,3,2011-06-03,128.51,19072,France,Electronics,2639.96
INV004439,SKU0152,PremiumWidgetA,30,2011-06-03,56.62,19593,Australia,Food,4103.75
INV004440,SKU0209,ProWidgetF,31,2011-06-04,106.61,11750,Netherlands,Sports,3777.98
INV004441,SKU0400,ProWidgetF,34,2011-06-04,121.87,10001,Belgium,Toys,254.53
INV004442,SKU0060,BudgetWidgetE,83,2011-06-04,32.16,19336,Spain,HomeGarden,2461.4
INV004443,SKU0267,DeluxeWidgetC,20,2011-06-04,135.3,19830,Spain,Books,4261.27
INV004444,SKU0261,BasicWidgetH,87,2011-06-04,11.03,18340,UnitedKingdom,Clothing,3250.87
INV004445,SKU0217,DeluxeWidgetC,54,2011-06-04,135.31,14247,Belgium,Clothing,296.95
INV004446,SKU0282,DeluxeWidgetC,25,2011-06-04,24.96,17732,UnitedKingdom,Electronics,1628.83
INV004447,SKU0135,BudgetWidgetE,15,2011-06-04,50.91,16035,Belgium,Toys,2783.38
INV004448,SKU0466,ProWidgetF,38,2011-06-04,90.98,12043,Spain,Electronics,864.08
INV004449,SKU0379,PremiumWidgetA,23,2011-06-04,135.9,11702,UnitedKingdom,Electronics,3409.89
INV004450,SKU0361,DeluxeWidgetC,52,2011-06-04,38.73,15947,Australia,Sports,3174.6
INV004451,SKU0448,StandardWidgetD,66,2011-06-04,114.65,11387,Netherlands,Food,1013.02
INV004452,SKU0440,BasicWidgetH,57,2011-06-04,106.71,19855,Netherlands,Toys,2752.44
INV004453,SKU0092,BasicWidgetH,57,2011-06-04,24.38,15826,Germany,Food,4058.78
INV004454,SKU0108,BudgetWidgetE,79,2011-06-04,72.18,19442,Spain,Food,1874.76
INV004455,SKU0240,ClassicWidgetB,52,2011-06-04,72.49,14462,Spain,Books,1235.69
INV004456,SKU0354,PremiumWidgetA,35,2011-06-04,46.04,12036,Spain,Sports,3506.4
INV004457,SKU0423,StandardWidgetD,74,2011-06-04,117.1,16405,Germany,Electronics,354.95
INV004458,SKU0141,DeluxeWidgetC,14,2011-06-04,138.93,16789,Spain,Food,4163.54
INV004459,SKU0290,ClassicWidgetB,91,2011-06-04,107.63,16119,France,Electronics,4717.35
INV004460,SKU0431,PremiumWidgetA,14,2011-06-04,145.96,10537,Belgium,Toys,4823.97
INV004461,SKU0236,BudgetWidgetE,99,2011-06-04,8.05,19746,UnitedKingdom,Toys,2163.26
INV004462,SKU0339,ClassicWidgetB,33,2011-06-04,6.06,18982,France,Food,3116.39
INV004463,SKU0311,ProWidgetF,52,2011-06-04,134.13,16863,UnitedKingdom,Clothing,4286.97
INV004464,SKU0176,EliteWidgetG,1,2011-06-05,134.72,11948,Belgium,Sports,1117.9
INV004465,SKU0140,ClassicWidgetB,34,2011-06-05,16.51,15178,Netherlands,Food,139.49
INV004466,SKU0188,EliteWidgetG,19,2011-06-05,53.94,15104,Belgium,Sports,1923.45
INV004467,SKU0485,BasicWidgetH,24,2011-06-05,125.39,14143,Spain,Toys,4421.97
INV004468,SKU0048,StandardWidgetD,4,2011-06-05,19.72,19627,Belgium,Books,2525.85
INV004469,SKU0301,PremiumWidgetA,36,2011-06-05,40.48,12848,France,Sports,2651.56
INV004470,SKU0368,StandardWidgetD,77,2011-06-05,102.31,18305,Netherlands,Toys,3457.68
INV004471,SKU0189,StandardWidgetD,58,2011-06-05,147.29,12343,Belgium,Books,2873.01
INV004472,SKU0135,DeluxeWidgetC,32,2011-06-05,119.67,14533,Germany,HomeGarden,273.33
INV004473,SKU0042,BudgetWidgetE,9,2011-06-05,116.71,10161,Spain,Toys,2804.74
INV004474,SKU0403,ClassicWidgetB,80,2011-06-05,51.73,18695,Belgium,Books,3240.15
INV004475,SKU0379,PremiumWidgetA,67,2011-06-05,99.37,12634,Netherlands,Electronics,3208.34
INV004476,SKU0352,BasicWidgetH,20,2011-06-05,17.41,15101,Australia,HomeGarden,3641.99
INV004477,SKU0089,ProWidgetF,74,2011-06-05,148.84,15766,France,Food,2600.08
INV004478,SKU0294,BudgetWidgetE,62,2011-06-05,72.35,19586,Spain,Clothing,4500.39
INV004479,SKU0340,BudgetWidgetE,58,2011-06-05,96.0,11509,Spain,Clothing,2321.84
INV004480,SKU0244,PremiumWidgetA,22,2011-06-05,131.49,12319,UnitedKingdom,Clothing,2591.41
INV004481,SKU0432,BudgetWidgetE,67,2011-06-05,0.64,16105,Netherlands,Electronics,3901.75
INV004482,SKU0191,DeluxeWidgetC,75,2011-06-05,146.41,18671,Spain,Food,4166.34
INV004483,SKU0317,BudgetWidgetE,89,2011-06-05,54.19,18946,Spain,Toys,3242.16
INV004484,SKU0105,BasicWidgetH,48,2011-06-05,51.27,13999,France,Clothing,632.74
INV004485,SKU0362,BasicWidgetH,8,2011-06-05,22.19,18395,UnitedKingdom,Books,1660.43
INV004486,SKU0309,DeluxeWidgetC,73,2011-06-05,128.8,13349,Spain,Toys,101.76
INV004487,SKU0381,ClassicWidgetB,15,2011-06-05,130.69,14211,Spain,Electronics,1477.95
INV004488,SKU0232,ClassicWidgetB,32,2011-06-06,3.49,10391,France,Sports,2851.65
INV004489,SKU0264,StandardWidgetD,53,2011-06-06,8.83,17951,Belgium,Electronics,4026.35
INV004490,SKU0343,BasicWidgetH,67,2011-06-06,137.79,16831,France,Food,2928.66
INV004491,SKU0036,DeluxeWidgetC,4,2011-06-06,18.87,12773,Belgium,Electronics,200.43
INV004492,SKU0304,ProWidgetF,30,2011-06-06,93.33,12416,Australia,Sports,1296.27
INV004493,SKU0040,ClassicWidgetB,13,2011-06-06,93.14,11238,Netherlands,Food,2890.73
INV004494,SKU0016,BudgetWidgetE,21,2011-06-06,130.52,16712,Belgium,Books,3545.53
INV004495,SKU0343,PremiumWidgetA,41,2011-06-06,86.11,10740,Australia,HomeGarden,4332.4
INV004496,SKU0276,PremiumWidgetA,19,2011-06-06,65.38,16470,Germany,Sports,4838.26
INV004497,SKU0306,EliteWidgetG,48,2011-06-06,146.17,19727,Spain,Electronics,4459.04
INV004498,SKU0058,BasicWidgetH,86,2011-06-06,34.71,17491,France,Clothing,2337.17
INV004499,SKU0422,DeluxeWidgetC,63,2011-06-06,39.78,10368,Belgium,Sports,3734.9
INV004500,SKU0182,ProWidgetF,20,2011-06-06,13.17,14909,Netherlands,Sports,1203.4
INV004501,SKU0040,StandardWidgetD,64,2011-06-06,146.31,15219,Belgium,HomeGarden,320.09
INV004502,SKU0038,BudgetWidgetE,37,2011-06-06,106.1,19290,Germany,Food,276.29
INV004503,SKU0396,DeluxeWidgetC,31,2011-06-06,2.31,17604,Spain,Electronics,1207.29
INV004504,SKU0191,EliteWidgetG,74,2011-06-06,105.79,19583,Germany,Clothing,188.67
INV004505,SKU0266,PremiumWidgetA,18,2011-06-06,60.92,16206,Australia,Clothing,4251.51
INV004506,SKU0493,DeluxeWidgetC,20,2011-06-06,145.15,11647,Germany,HomeGarden,2450.11
INV004507,SKU0146,BudgetWidgetE,82,2011-06-06,41.97,19870,Belgium,Toys,4054.69
INV004508,SKU0394,ProWidgetF,11,2011-06-06,106.69,12824,UnitedKingdom,Clothing,4699.55
INV004509,SKU0332,BasicWidgetH,86,2011-06-06,94.3,14170,UnitedKingdom,Books,4969.55
INV004510,SKU0126,ProWidgetF,44,2011-06-06,2.3,15909,UnitedKingdom,Sports,4685.88
INV004511,SKU0045,ClassicWidgetB,82,2011-06-06,132.84,13781,Spain,Sports,3583.07
INV004512,SKU0044,BudgetWidgetE,64,2011-06-07,21.37,13128,Germany,Clothing,2210.46
INV004513,SKU0000,EliteWidgetG,34,2011-06-07,99.71,19464,Spain,Clothing,2990.33
INV004514,SKU0167,ClassicWidgetB,87,2011-06-07,116.44,11979,Spain,Clothing,4082.67
INV004515,SKU0107,ClassicWidgetB,65,2011-06-07,94.82,16612,France,Sports,4487.87
INV004516,SKU0018,ClassicWidgetB,55,2011-06-07,15.02,16022,Netherlands,Clothing,4782.39
INV004517,SKU0331,DeluxeWidgetC,74,2011-06-07,146.29,16081,UnitedKingdom,Books,3653.3
INV004518,SKU0071,EliteWidgetG,1,2011-06-07,35.9,19768,UnitedKingdom,Books,2700.23
INV004519,SKU0455,PremiumWidgetA,38,2011-06-07,94.37,17832,UnitedKingdom,Sports,4841.89
INV004520,SKU0444,ProWidgetF,9,2011-06-07,119.68,19661,Australia,Toys,4793.17
INV004521,SKU0108,BasicWidgetH,95,2011-06-07,140.92,19171,Australia,Electronics,2388.29
INV004522,SKU0267,DeluxeWidgetC,71,2011-06-07,90.8,11255,Belgium,Food,3243.64
INV004523,SKU0444,PremiumWidgetA,17,2011-06-07,39.23,19833,Belgium,Electronics,4046.53
INV004524,SKU0239,ProWidgetF,99,2011-06-07,125.58,10299,UnitedKingdom,Electronics,2165.96
INV004525,SKU0416,BasicWidgetH,52,2011-06-07,24.9,17809,UnitedKingdom,Books,4147.06
INV004526,SKU0300,EliteWidgetG,18,2011-06-07,3.83,14521,Spain,Food,558.17
INV004527,SKU0089,BasicWidgetH,63,2011-06-07,136.27,13042,Australia,HomeGarden,2406.28
INV004528,SKU0102,EliteWidgetG,33,2011-06-07,86.52,18592,Netherlands,Food,2413.58
INV004529,SKU0475,BudgetWidgetE,4,2011-06-07,10.91,11280,France,Electronics,3423.6
INV004530,SKU0249,BasicWidgetH,87,2011-06-07,87.17,19053,Netherlands,HomeGarden,582.95
INV004531,SKU0452,ProWidgetF,75,2011-06-07,22.18,14589,Spain,Sports,516.95
INV004532,SKU0007,ProWidgetF,52,2011-06-07,5.19,18133,France,Food,4503.07
INV004533,SKU0152,EliteWidgetG,9,2011-06-07,17.92,16632,Germany,Books,1519.4
INV004534,SKU0346,ProWidgetF,64,2011-06-07,116.38,12784,Germany,Toys,1635.28
INV004535,SKU0173,StandardWidgetD,30,2011-06-07,113.47,17398,Netherlands,Electronics,3884.53
INV004536,SKU0342,BudgetWidgetE,8,2011-06-08,90.85,16708,Australia,Books,2075.13
INV004537,SKU0157,DeluxeWidgetC,5,2011-06-08,31.79,17173,Belgium,Sports,4164.79
INV004538,SKU0492,BasicWidgetH,76,2011-06-08,110.98,14159,Belgium,Books,2007.94
INV004539,SKU0430,DeluxeWidgetC,63,2011-06-08,61.5,19303,UnitedKingdom,Clothing,3803.24
INV004540,SKU0214,PremiumWidgetA,1,2011-06-08,76.86,19248,Germany,Electronics,2627.02
INV004541,SKU0176,DeluxeWidgetC,15,2011-06-08,134.7,19287,Spain,Books,4679.2
INV004542,SKU0174,ClassicWidgetB,89,2011-06-08,68.95,12300,Belgium,Toys,1637.62
INV004543,SKU0339,ProWidgetF,82,2011-06-08,94.14,16250,Australia,Books,1814.09
INV004544,SKU0337,DeluxeWidgetC,38,2011-06-08,144.28,17969,Australia,Books,4849.96
INV004545,SKU0145,PremiumWidgetA,42,2011-06-08,67.98,13991,France,Sports,3687.89
INV004546,SKU0449,PremiumWidgetA,46,2011-06-08,84.33,10513,Germany,Electronics,3863.06
INV004547,SKU0323,ClassicWidgetB,53,2011-06-08,87.87,14231,Netherlands,Toys,1480.59
INV004548,SKU0477,PremiumWidgetA,26,2011-06-08,36.49,16552,Spain,Electronics,2660.69
INV004549,SKU0160,EliteWidgetG,61,2011-06-08,110.67,18312,Australia,Clothing,1568.39
INV004550,SKU0126,StandardWidgetD,67,2011-06-08,109.13,19693,Netherlands,Clothing,1300.08
INV004551,SKU0419,EliteWidgetG,54,2011-06-08,32.43,12847,Netherlands,Food,2676.67
INV004552,SKU0081,ProWidgetF,22,2011-06-08,2.49,11117,Spain,Books,4938.82
INV004553,SKU0484,ProWidgetF,26,2011-06-08,149.84,18696,Germany,Electronics,1073.9
INV004554,SKU0146,ProWidgetF,83,2011-06-08,87.45,19815,Spain,Food,1213.36
INV004555,SKU0238,BudgetWidgetE,60,2011-06-08,27.56,17861,Netherlands,Food,1216.4
INV004556,SKU0411,DeluxeWidgetC,39,2011-06-08,42.89,12238,Belgium,Electronics,3958.72
INV004557,SKU0423,StandardWidgetD,36,2011-06-08,92.86,16600,Netherlands,Books,2552.9
INV004558,SKU0083,DeluxeWidgetC,21,2011-06-08,21.07,12433,UnitedKingdom,HomeGarden,1924.45
INV004559,SKU0112,StandardWidgetD,41,2011-06-08,6.07,18994,Belgium,Electronics,4219.11
INV004560,SKU0224,DeluxeWidgetC,48,2011-06-09,119.87,17009,Belgium,Books,1488.16
INV004561,SKU0331,ClassicWidgetB,26,2011-06-09,107.52,17166,Spain,Books,1961.7
INV004562,SKU0377,BasicWidgetH,63,2011-06-09,46.79,14373,Netherlands,Food,369.03
INV004563,SKU0242,EliteWidgetG,77,2011-06-09,9.24,18146,UnitedKingdom,HomeGarden,595.43
INV004564,SKU0142,PremiumWidgetA,36,2011-06-09,73.2,11471,Germany,Clothing,684.52
INV004565,SKU0040,PremiumWidgetA,24,2011-06-09,41.79,19018,Netherlands,Toys,1735.53
INV004566,SKU0422,EliteWidgetG,90,2011-06-09,59.97,11428,Australia,Books,2620.9
INV004567,SKU0257,ClassicWidgetB,21,2011-06-09,41.46,14874,Spain,Electronics,4.72
INV004568,SKU0446,StandardWidgetD,18,2011-06-09,26.7,17923,Netherlands,Clothing,950.47
INV004569,SKU0284,EliteWidgetG,15,2011-06-09,58.35,14306,UnitedKingdom,Clothing,879.07
INV004570,SKU0104,BudgetWidgetE,79,2011-06-09,144.75,13781,Australia,Clothing,1267.48
INV004571,SKU0201,StandardWidgetD,6,2011-06-09,40.3,12317,Germany,Books,831.24
INV004572,SKU0449,PremiumWidgetA,43,2011-06-09,50.73,16688,Spain,Electronics,976.45
INV004573,SKU0306,BudgetWidgetE,31,2011-06-09,49.72,11006,France,Toys,4919.42
INV004574,SKU0330,DeluxeWidgetC,28,2011-06-09,72.3,11637,France,HomeGarden,2974.06
INV004575,SKU0460,BudgetWidgetE,8,2011-06-09,126.6,19036,UnitedKingdom,Sports,3813.7
INV004576,SKU0265,StandardWidgetD,29,2011-06-09,60.62,15111,Germany,Sports,4096.9
INV004577,SKU0397,ClassicWidgetB,21,2011-06-09,121.02,17449,Germany,Clothing,3338.74
INV004578,SKU0209,DeluxeWidgetC,81,2011-06-09,17.69,13287,Netherlands,Food,3520.7
INV004579,SKU0050,StandardWidgetD,88,2011-06-09,134.29,15440,France,Sports,3161.78
INV004580,SKU0117,DeluxeWidgetC,58,2011-06-09,28.2,12861,Netherlands,Food,3247.22
INV004581,SKU0200,BudgetWidgetE,60,2011-06-09,6.36,10638,Germany,Sports,4642.32
INV004582,SKU0376,PremiumWidgetA,50,2011-06-09,24.17,18684,UnitedKingdom,Books,929.51
INV004583,SKU0038,StandardWidgetD,31,2011-06-09,29.02,15725,UnitedKingdom,HomeGarden,1374.38
INV004584,SKU0027,BasicWidgetH,47,2011-06-10,76.52,12175,Australia,Sports,467.2
INV004585,SKU0258,ClassicWidgetB,34,2011-06-10,67.77,15595,Belgium,Food,4186.78
INV004586,SKU0083,BasicWidgetH,2,2011-06-10,107.52,11485,UnitedKingdom,Toys,2244.33
INV004587,SKU0453,BasicWidgetH,67,2011-06-10,8.12,16581,Belgium,Toys,4535.62
INV004588,SKU0154,EliteWidgetG,94,2011-06-10,74.91,14543,France,HomeGarden,2058.97
INV004589,SKU0116,BudgetWidgetE,72,2011-06-10,50.2,15221,Australia,Sports,2213.63
INV004590,SKU0001,StandardWidgetD,52,2011-06-10,94.79,18750,France,Toys,2242.33
INV004591,SKU0092,ClassicWidgetB,7,2011-06-10,7.03,13748,Netherlands,Clothing,3062.85
INV004592,SKU0165,StandardWidgetD,76,2011-06-10,5.72,19161,Belgium,Clothing,3830.85
INV004593,SKU0386,BudgetWidgetE,19,2011-06-10,64.37,15032,Netherlands,Toys,1757.11
INV004594,SKU0399,StandardWidgetD,90,2011-06-10,121.8,16426,UnitedKingdom,HomeGarden,3151.2
INV004595,SKU0349,DeluxeWidgetC,92,2011-06-10,100.83,14009,Australia,Food,1020.63
INV004596,SKU0295,BudgetWidgetE,15,2011-06-10,3.0,15323,France,HomeGarden,2770.68
INV004597,SKU0257,StandardWidgetD,78,2011-06-10,27.18,18277,France,HomeGarden,2733.38
INV004598,SKU0080,EliteWidgetG,48,2011-06-10,34.4,15443,Germany,HomeGarden,4443.69
INV004599,SKU0424,PremiumWidgetA,14,2011-06-10,63.75,16307,UnitedKingdom,Electronics,4479.33
INV004600,SKU0267,StandardWidgetD,3,2011-06-10,88.21,13128,Spain,Clothing,2436.57
INV004601,SKU0418,DeluxeWidgetC,50,2011-06-10,32.86,14301,Netherlands,Sports,123.97
INV004602,SKU0234,ClassicWidgetB,93,2011-06-10,57.69,16027,Belgium,Electronics,4223.27
INV004603,SKU0320,EliteWidgetG,54,2011-06-10,87.8,15409,Spain,HomeGarden,4.11
INV004604,SKU0310,ClassicWidgetB,6,2011-06-10,57.82,10946,Belgium,Sports,2391.79
INV004605,SKU0300,BasicWidgetH,49,2011-06-10,21.9,13208,Germany,Clothing,99.93
INV004606,SKU0462,EliteWidgetG,23,2011-06-10,74.0,13440,Netherlands,HomeGarden,1763.6
INV004607,SKU0473,ClassicWidgetB,92,2011-06-10,48.94,11545,Belgium,Books,3184.19
INV004608,SKU0356,PremiumWidgetA,78,2011-06-11,129.7,13507,Netherlands,HomeGarden,1856.63
INV004609,SKU0212,DeluxeWidgetC,78,2011-06-11,116.46,10029,Belgium,Sports,4634.53
INV004610,SKU0061,BasicWidgetH,20,2011-06-11,28.95,19663,France,Clothing,3204.18
INV004611,SKU0048,BudgetWidgetE,77,2011-06-11,23.32,11409,Netherlands,Food,3232.57
INV004612,SKU0126,ClassicWidgetB,91,2011-06-11,52.48,13679,Australia,HomeGarden,1872.81
INV004613,SKU0222,EliteWidgetG,60,2011-06-11,62.12,18720,Netherlands,Clothing,193.68
INV004614,SKU0408,DeluxeWidgetC,99,2011-06-11,139.84,15147,Belgium,Electronics,3691.16
INV004615,SKU0278,StandardWidgetD,45,2011-06-11,45.59,10125,Australia,Books,3581.51
INV004616,SKU0407,PremiumWidgetA,61,2011-06-11,130.2,14908,Belgium,Toys,2651.1
INV004617,SKU0293,DeluxeWidgetC,56,2011-06-11,76.04,16642,Netherlands,Toys,2081.92
INV004618,SKU0283,DeluxeWidgetC,2,2011-06-11,132.9,13258,Germany,Electronics,2692.05
INV004619,SKU0276,BudgetWidgetE,45,2011-06-11,105.44,18845,Belgium,Toys,3734.33
INV004620,SKU0437,DeluxeWidgetC,40,2011-06-11,106.4,18141,France,Books,3564.21
INV004621,SKU0106,BudgetWidgetE,24,2011-06-11,78.06,18932,Germany,Food,3290.89
INV004622,SKU0145,PremiumWidgetA,29,2011-06-11,126.13,12261,France,Electronics,4518.98
INV004623,SKU0419,PremiumWidgetA,67,2011-06-11,38.54,17953,Belgium,Clothing,3049.83
INV004624,SKU0098,StandardWidgetD,68,2011-06-11,136.15,18482,Belgium,Food,73.53
INV004625,SKU0428,BudgetWidgetE,66,2011-06-11,95.7,11693,Germany,Clothing,3090.7
INV004626,SKU0374,BudgetWidgetE,84,2011-06-11,66.09,15887,Belgium,Electronics,3063.18
INV004627,SKU0072,ClassicWidgetB,54,2011-06-11,147.34,14644,UnitedKingdom,Food,349.11
INV004628,SKU0436,ClassicWidgetB,53,2011-06-11,129.37,19511,Netherlands,Sports,2139.22
INV004629,SKU0485,StandardWidgetD,79,2011-06-11,115.92,12821,Netherlands,Electronics,3255.83
INV004630,SKU0121,PremiumWidgetA,49,2011-06-11,41.45,13662,UnitedKingdom,HomeGarden,3522.8
INV004631,SKU0029,ProWidgetF,32,2011-06-11,146.07,15194,UnitedKingdom,Sports,4465.36
INV004632,SKU0187,ClassicWidgetB,61,2011-06-12,111.58,11395,Australia,Clothing,4207.06
INV004633,SKU0363,DeluxeWidgetC,42,2011-06-12,90.98,12967,Germany,Electronics,583.64
INV004634,SKU0353,PremiumWidgetA,1,2011-06-12,138.31,13961,Belgium,Food,3044.31
INV004635,SKU0287,ProWidgetF,63,2011-06-12,24.75,12614,Netherlands,Sports,2982.81
INV004636,SKU0450,BasicWidgetH,35,2011-06-12,21.28,16870,Australia,Food,1519.44
INV004637,SKU0194,DeluxeWidgetC,51,2011-06-12,84.78,11544,Belgium,HomeGarden,921.34
INV004638,SKU0155,EliteWidgetG,71,2011-06-12,8.98,15225,Belgium,Books,998.34
INV004639,SKU0171,BudgetWidgetE,45,2011-06-12,99.77,19972,Spain,Clothing,888.56
INV004640,SKU0334,PremiumWidgetA,77,2011-06-12,36.49,17986,Netherlands,Sports,4031.51
INV004641,SKU0040,EliteWidgetG,65,2011-06-12,18.29,14882,Belgium,Toys,742.82
INV004642,SKU0062,StandardWidgetD,14,2011-06-12,61.72,14433,UnitedKingdom,Sports,1322.7
INV004643,SKU0022,BudgetWidgetE,93,2011-06-12,70.16,17034,Australia,Food,1089.72
INV004644,SKU0359,BudgetWidgetE,3,2011-06-12,25.99,19248,Spain,Toys,3564.57
INV004645,SKU0074,DeluxeWidgetC,24,2011-06-12,6.71,19637,Australia,Sports,792.82
INV004646,SKU0047,EliteWidgetG,65,2011-06-12,62.4,11096,Australia,Electronics,121.3
INV004647,SKU0159,BudgetWidgetE,48,2011-06-12,114.05,11204,Germany,Clothing,1871.75
INV004648,SKU0312,ClassicWidgetB,10,2011-06-12,131.19,17947,Spain,Clothing,1526.17
INV004649,SKU0117,PremiumWidgetA,13,2011-06-12,15.08,17319,Australia,Electronics,1989.13
INV004650,SKU0099,ClassicWidgetB,73,2011-06-12,78.94,13583,Netherlands,Electronics,3769.32
INV004651,SKU0379,DeluxeWidgetC,14,2011-06-12,39.88,17539,Germany,Toys,62.82
INV004652,SKU0416,ProWidgetF,10,2011-06-12,56.51,17140,Netherlands,Toys,189.5
INV004653,SKU0407,BasicWidgetH,40,2011-06-12,140.05,12038,Spain,Toys,1278.97
INV004654,SKU0166,DeluxeWidgetC,23,2011-06-12,53.14,18179,Australia,Food,4446.15
INV004655,SKU0289,PremiumWidgetA,99,2011-06-12,55.12,19924,Australia,Electronics,846.2
INV004656,SKU0439,BudgetWidgetE,55,2011-06-13,31.8,15926,Spain,Food,4985.19
INV004657,SKU0155,EliteWidgetG,63,2011-06-13,144.02,18223,Netherlands,Food,4028.66
INV004658,SKU0420,EliteWidgetG,71,2011-06-13,68.74,12974,Belgium,HomeGarden,2281.23
INV004659,SKU0006,StandardWidgetD,42,2011-06-13,85.77,13568,France,Sports,3739.56
INV004660,SKU0195,DeluxeWidgetC,99,2011-06-13,68.25,18206,Australia,HomeGarden,2594.56
INV004661,SKU0420,PremiumWidgetA,66,2011-06-13,38.31,18298,Australia,Clothing,2830.4
INV004662,SKU0055,StandardWidgetD,79,2011-06-13,121.66,13793,Belgium,Electronics,2904.28
INV004663,SKU0320,BudgetWidgetE,73,2011-06-13,4.76,10201,Germany,Sports,3243.95
INV004664,SKU0192,ProWidgetF,47,2011-06-13,103.69,17956,Netherlands,Toys,304.76
INV004665,SKU0046,DeluxeWidgetC,81,2011-06-13,89.34,17385,Belgium,Books,3082.87
INV004666,SKU0147,ProWidgetF,52,2011-06-13,22.07,16007,Belgium,Food,3585.03
INV004667,SKU0274,PremiumWidgetA,18,2011-06-13,25.3,11794,Australia,Sports,1554.3
INV004668,SKU0156,ProWidgetF,79,2011-06-13,99.05,11408,Netherlands,Books,4892.92
INV004669,SKU0201,ProWidgetF,18,2011-06-13,47.16,10916,Germany,Sports,723.08
INV004670,SKU0443,PremiumWidgetA,24,2011-06-13,40.23,14431,Netherlands,Electronics,4552.3
INV004671,SKU0401,PremiumWidgetA,23,2011-06-13,9.34,17778,Netherlands,Books,3382.57
INV004672,SKU0475,DeluxeWidgetC,12,2011-06-13,115.09,19876,Belgium,Books,3321.91
INV004673,SKU0418,ProWidgetF,23,2011-06-13,132.46,16346,Germany,Clothing,4380.24
INV004674,SKU0426,StandardWidgetD,21,2011-06-13,123.07,13166,Australia,Sports,4158.81
INV004675,SKU0494,BasicWidgetH,64,2011-06-13,70.17,17344,Netherlands,HomeGarden,1727.83
INV004676,SKU0478,PremiumWidgetA,90,2011-06-13,80.33,10064,France,Toys,3527.14
INV004677,SKU0474,BudgetWidgetE,72,2011-06-13,36.72,14648,Australia,HomeGarden,253.96
INV004678,SKU0125,ProWidgetF,94,2011-06-13,26.34,14319,Belgium,Clothing,2320.63
INV004679,SKU0394,PremiumWidgetA,34,2011-06-13,123.54,13650,Germany,Clothing,4688.95
INV004680,SKU0304,StandardWidgetD,2,2011-06-14,119.85,16398,UnitedKingdom,Clothing,1371.17
INV004681,SKU0368,EliteWidgetG,69,2011-06-14,116.72,12015,Spain,Electronics,250.8
INV004682,SKU0293,DeluxeWidgetC,31,2011-06-14,69.77,19513,France,Electronics,2915.14
INV004683,SKU0063,ProWidgetF,97,2011-06-14,129.74,14024,Australia,Electronics,1776.14
INV004684,SKU0324,EliteWidgetG,68,2011-06-14,138.97,16314,Spain,Electronics,1899.04
INV004685,SKU0391,PremiumWidgetA,70,2011-06-14,49.59,18804,Germany,Clothing,2912.7
INV004686,SKU0417,PremiumWidgetA,87,2011-06-14,34.09,18843,France,Clothing,3108.32
INV004687,SKU0175,BudgetWidgetE,19,2011-06-14,69.91,11387,Australia,Food,2187.17
INV004688,SKU0115,BudgetWidgetE,72,2011-06-14,27.31,15179,Spain,Electronics,2538.24
INV004689,SKU0439,ProWidgetF,13,2011-06-14,132.66,16598,UnitedKingdom,Electronics,4966.29
INV004690,SKU0203,EliteWidgetG,65,2011-06-14,51.03,16479,Australia,Books,4785.78
INV004691,SKU0485,BasicWidgetH,6,2011-06-14,86.64,14763,UnitedKingdom,Sports,3536.88
INV004692,SKU0320,EliteWidgetG,71,2011-06-14,89.41,14109,UnitedKingdom,Books,808.24
INV004693,SKU0030,PremiumWidgetA,27,2011-06-14,77.49,15535,Netherlands,Sports,1800.44
INV004694,SKU0387,BasicWidgetH,79,2011-06-14,23.9,13128,Belgium,Electronics,4415.56
INV004695,SKU0112,ProWidgetF,52,2011-06-14,148.65,14866,Germany,Electronics,2118.41
INV004696,SKU0364,PremiumWidgetA,98,2011-06-14,26.3,15085,Netherlands,Toys,4776.88
INV004697,SKU0433,BudgetWidgetE,87,2011-06-14,112.85,10537,UnitedKingdom,Electronics,2442.02
INV004698,SKU0324,StandardWidgetD,48,2011-06-14,118.81,17929,Germany,Books,4308.98
INV004699,SKU0413,ClassicWidgetB,88,2011-06-14,22.2,15031,Germany,Clothing,177.86
INV004700,SKU0375,BasicWidgetH,79,2011-06-14,140.01,15998,Germany,Sports,2171.38
INV004701,SKU0343,ClassicWidgetB,99,2011-06-14,73.42,17679,France,Food,3501.61
INV004702,SKU0442,PremiumWidgetA,68,2011-06-14,94.52,12037,Australia,Toys,4317.96
INV004703,SKU0066,EliteWidgetG,44,2011-06-14,96.51,19154,UnitedKingdom,Books,3048.55
INV004704,SKU0074,BudgetWidgetE,17,2011-06-15,75.99,11243,Germany,Toys,867.14
INV004705,SKU0044,DeluxeWidgetC,95,2011-06-15,21.73,17117,Spain,Electronics,4429.09
INV004706,SKU0259,DeluxeWidgetC,38,2011-06-15,112.89,18724,France,Clothing,2874.49
INV004707,SKU0153,ClassicWidgetB,10,2011-06-15,87.48,13130,France,Food,540.98
INV004708,SKU0154,StandardWidgetD,54,2011-06-15,18.24,15479,Spain,Books,2319.77
INV004709,SKU0429,ClassicWidgetB,91,2011-06-15,105.2,11653,UnitedKingdom,Sports,3495.02
INV004710,SKU0362,PremiumWidgetA,6,2011-06-15,105.56,18304,Netherlands,Toys,2255.63
INV004711,SKU0447,StandardWidgetD,6,2011-06-15,82.5,17974,France,Toys,4354.08
INV004712,SKU0474,DeluxeWidgetC,52,2011-06-15,14.04,19491,UnitedKingdom,Toys,2119.05
INV004713,SKU0233,EliteWidgetG,15,2011-06-15,53.22,12304,France,Electronics,2917.68
INV004714,SKU0050,BudgetWidgetE,68,2011-06-15,8.11,16920,UnitedKingdom,Sports,1056.64
INV004715,SKU0305,BasicWidgetH,57,2011-06-15,71.9,19893,Germany,Toys,2563.92
INV004716,SKU0261,BudgetWidgetE,56,2011-06-15,136.01,13814,Belgium,Electronics,1115.06
INV004717,SKU0314,PremiumWidgetA,7,2011-06-15,0.84,18412,Netherlands,Electronics,1126.71
INV004718,SKU0124,ClassicWidgetB,51,2011-06-15,40.36,15038,Spain,HomeGarden,1400.23
INV004719,SKU0398,PremiumWidgetA,58,2011-06-15,120.08,13781,France,Sports,221.95
INV004720,SKU0244,BasicWidgetH,64,2011-06-15,1.97,11958,Spain,Food,817.38
INV004721,SKU0029,BudgetWidgetE,26,2011-06-15,2.02,11296,France,Clothing,2122.38
INV004722,SKU0425,BasicWidgetH,58,2011-06-15,91.82,16341,France,Electronics,656.17
INV004723,SKU0484,DeluxeWidgetC,31,2011-06-15,118.49,15723,Belgium,Clothing,667.79
INV004724,SKU0121,BudgetWidgetE,66,2011-06-15,116.59,19224,Australia,Books,4839.69
INV004725,SKU0124,StandardWidgetD,92,2011-06-15,117.05,15082,Australia,Electronics,2136.06
INV004726,SKU0036,EliteWidgetG,13,2011-06-15,54.47,14322,Belgium,Toys,2019.26
INV004727,SKU0169,BasicWidgetH,18,2011-06-15,132.47,17301,Spain,Electronics,1339.41
INV004728,SKU0123,EliteWidgetG,94,2011-06-16,2.42,13228,Germany,Toys,2562.72
INV004729,SKU0356,ProWidgetF,75,2011-06-16,47.17,16568,France,Electronics,2980.73
INV004730,SKU0034,BudgetWidgetE,13,2011-06-16,50.91,11475,Netherlands,Toys,2091.51
INV004731,SKU0086,BudgetWidgetE,24,2011-06-16,25.25,12407,Australia,Clothing,1969.65
INV004732,SKU0133,EliteWidgetG,57,2011-06-16,50.77,17543,UnitedKingdom,HomeGarden,3502.43
INV004733,SKU0195,ProWidgetF,29,2011-06-16,88.09,10935,UnitedKingdom,Food,4748.93
INV004734,SKU0273,StandardWidgetD,56,2011-06-16,78.28,15415,UnitedKingdom,Sports,4389.23
INV004735,SKU0200,ClassicWidgetB,54,2011-06-16,48.25,12245,Germany,Electronics,593.98
INV004736,SKU0368,BasicWidgetH,5,2011-06-16,112.52,15689,Belgium,Sports,3261.89
INV004737,SKU0284,BasicWidgetH,35,2011-06-16,107.36,14337,France,Toys,36.23
INV004738,SKU0076,BudgetWidgetE,19,2011-06-16,42.46,16572,France,Sports,3165.83
INV004739,SKU0058,EliteWidgetG,55,2011-06-16,48.82,13950,Spain,Toys,2322.3
INV004740,SKU0430,PremiumWidgetA,77,2011-06-16,43.48,12658,Australia,Sports,2456.07
INV004741,SKU0125,BudgetWidgetE,69,2011-06-16,19.76,16149,UnitedKingdom,Toys,2940.54
INV004742,SKU0499,PremiumWidgetA,44,2011-06-16,113.04,17485,Germany,Clothing,3713.53
INV004743,SKU0400,StandardWidgetD,78,2011-06-16,7.42,13283,Spain,Toys,3647.56
INV004744,SKU0108,BudgetWidgetE,38,2011-06-16,23.01,11296,Netherlands,Sports,223.35
INV004745,SKU0223,BasicWidgetH,62,2011-06-16,16.24,11647,France,Books,3682.74
INV004746,SKU0495,EliteWidgetG,22,2011-06-16,123.89,18551,France,Food,4149.25
INV004747,SKU0277,StandardWidgetD,73,2011-06-16,7.08,13452,Germany,Toys,341.79
INV004748,SKU0067,StandardWidgetD,40,2011-06-16,99.86,19356,Spain,Clothing,1615.41
INV004749,SKU0068,ClassicWidgetB,26,2011-06-16,7.15,18092,Spain,Clothing,3960.53
INV004750,SKU0164,BudgetWidgetE,5,2011-06-16,118.07,15629,Australia,Books,2466.04
INV004751,SKU0488,PremiumWidgetA,93,2011-06-16,136.95,13244,Belgium,HomeGarden,3474.76
INV004752,SKU0304,PremiumWidgetA,54,2011-06-17,73.28,17187,Germany,HomeGarden,2512.08
INV004753,SKU0396,BudgetWidgetE,86,2011-06-17,120.78,14025,Spain,Toys,4891.13
INV004754,SKU0161,ProWidgetF,49,2011-06-17,106.11,18694,Australia,Electronics,4681.03
INV004755,SKU0364,ClassicWidgetB,3,2011-06-17,119.45,16370,Spain,HomeGarden,1406.45
INV004756,SKU0341,ClassicWidgetB,92,2011-06-17,115.13,14204,France,Food,1930.04
INV004757,SKU0308,ClassicWidgetB,38,2011-06-17,31.2,19535,Australia,Electronics,2157.3
INV004758,SKU0378,PremiumWidgetA,14,2011-06-17,75.18,13812,Spain,Food,521.92
INV004759,SKU0342,StandardWidgetD,47,2011-06-17,144.08,19002,Belgium,Sports,2020.97
INV004760,SKU0434,EliteWidgetG,14,2011-06-17,51.86,17254,Belgium,Electronics,3874.46
INV004761,SKU0386,ProWidgetF,75,2011-06-17,145.59,10785,Australia,HomeGarden,4234.63
INV004762,SKU0041,BasicWidgetH,73,2011-06-17,87.68,10227,Belgium,Electronics,4430.78
INV004763,SKU0353,ClassicWidgetB,38,2011-06-17,69.51,14947,Australia,Clothing,73.78
INV004764,SKU0415,PremiumWidgetA,64,2011-06-17,98.83,17477,Belgium,Food,3944.24
INV004765,SKU0108,PremiumWidgetA,44,2011-06-17,122.47,10827,Spain,HomeGarden,2513.64
INV004766,SKU0050,BasicWidgetH,70,2011-06-17,59.43,10378,Australia,Food,1031.59
INV004767,SKU0249,StandardWidgetD,65,2011-06-17,5.43,16256,Belgium,Electronics,2494.23
INV004768,SKU0496,BasicWidgetH,25,2011-06-17,106.47,19320,UnitedKingdom,HomeGarden,4221.46
INV004769,SKU0340,BudgetWidgetE,16,2011-06-17,143.45,16082,Belgium,Food,2171.81
INV004770,SKU0429,BudgetWidgetE,15,2011-06-17,93.94,18482,UnitedKingdom,Books,4952.31
INV004771,SKU0382,EliteWidgetG,98,2011-06-17,28.67,13548,Spain,HomeGarden,3083.8
INV004772,SKU0491,BasicWidgetH,81,2011-06-17,37.61,17688,UnitedKingdom,Food,2449.33
INV004773,SKU0020,EliteWidgetG,3,2011-06-17,136.51,10059,UnitedKingdom,Books,1475.15
INV004774,SKU0299,ClassicWidgetB,67,2011-06-17,2.53,15431,Germany,Electronics,56.24
INV004775,SKU0138,EliteWidgetG,37,2011-06-17,82.54,12670,Belgium,Books,3053.13
INV004776,SKU0358,ClassicWidgetB,81,2011-06-18,24.22,13339,Netherlands,HomeGarden,2887.9
INV004777,SKU0323,ProWidgetF,55,2011-06-18,42.77,12789,Spain,Clothing,2584.55
INV004778,SKU0498,EliteWidgetG,38,2011-06-18,46.39,13654,Australia,Books,2688.98
INV004779,SKU0384,StandardWidgetD,63,2011-06-18,33.28,15548,Germany,HomeGarden,4217.77
INV004780,SKU0091,ClassicWidgetB,1,2011-06-18,118.96,15102,Spain,Clothing,1585.03
INV004781,SKU0446,StandardWidgetD,71,2011-06-18,50.17,17518,UnitedKingdom,Sports,2751.72
INV004782,SKU0279,PremiumWidgetA,90,2011-06-18,52.15,12662,Australia,Toys,3400.06
INV004783,SKU0124,ClassicWidgetB,19,2011-06-18,68.22,10201,Netherlands,Books,1049.88
INV004784,SKU0482,PremiumWidgetA,52,2011-06-18,135.39,17087,Spain,Books,4624.17
INV004785,SKU0396,DeluxeWidgetC,30,2011-06-18,103.38,18662,Australia,Electronics,3685.88
INV004786,SKU0110,StandardWidgetD,55,2011-06-18,9.73,17943,Belgium,Sports,267.42
INV004787,SKU0353,DeluxeWidgetC,14,2011-06-18,6.37,13026,Belgium,Electronics,4325.67
INV004788,SKU0138,ClassicWidgetB,13,2011-06-18,85.18,13356,France,Electronics,4649.42
INV004789,SKU0483,PremiumWidgetA,84,2011-06-18,133.12,13973,France,HomeGarden,3968.56
INV004790,SKU0434,ClassicWidgetB,90,2011-06-18,48.83,14471,Spain,Food,2131.7
INV004791,SKU0272,DeluxeWidgetC,27,2011-06-18,37.54,14237,Germany,Electronics,4971.89
INV004792,SKU0098,BasicWidgetH,89,2011-06-18,112.35,13123,Netherlands,Food,623.06
INV004793,SKU0251,BasicWidgetH,9,2011-06-18,90.51,12307,Germany,Books,2683.49
INV004794,SKU0337,ClassicWidgetB,41,2011-06-18,84.97,16003,Australia,Electronics,852.78
INV004795,SKU0103,ProWidgetF,48,2011-06-18,22.82,13790,Netherlands,Clothing,2197.3
INV004796,SKU0213,BudgetWidgetE,12,2011-06-18,26.81,15935,Spain,Books,4637.19
INV004797,SKU0248,DeluxeWidgetC,10,2011-06-18,42.63,16521,Germany,Toys,3971.51
INV004798,SKU0151,ClassicWidgetB,6,2011-06-18,31.42,13110,Australia,HomeGarden,3910.63
INV004799,SKU0249,PremiumWidgetA,34,2011-06-18,145.73,18539,UnitedKingdom,Electronics,1769.92
INV004800,SKU0274,ClassicWidgetB,52,2011-06-19,3.28,11601,Australia,Clothing,4671.42
INV004801,SKU0164,BasicWidgetH,41,2011-06-19,94.1,13777,Belgium,Toys,1841.94
INV004802,SKU0486,PremiumWidgetA,83,2011-06-19,77.88,14923,Germany,Food,200.83
INV004803,SKU0340,BudgetWidgetE,6,2011-06-19,48.83,15919,Spain,Clothing,3189.37
INV004804,SKU0007,ClassicWidgetB,2,2011-06-19,133.19,13778,Spain,Books,1813.88
INV004805,SKU0283,EliteWidgetG,15,2011-06-19,100.69,18513,Netherlands,Electronics,769.47
INV004806,SKU0004,BasicWidgetH,17,2011-06-19,149.75,15863,Netherlands,Clothing,4673.36
INV004807,SKU0144,EliteWidgetG,16,2011-06-19,25.71,10179,UnitedKingdom,Electronics,3186.56
INV004808,SKU0100,BudgetWidgetE,28,2011-06-19,13.64,13965,Germany,Books,4702.71
INV004809,SKU0163,DeluxeWidgetC,85,2011-06-19,21.34,19904,Belgium,Sports,2915.31
INV004810,SKU0373,PremiumWidgetA,72,2011-06-19,40.76,18220,Spain,Clothing,320.25
INV004811,SKU0146,EliteWidgetG,10,2011-06-19,62.81,18929,Spain,HomeGarden,150.67
INV004812,SKU0063,ProWidgetF,10,2011-06-19,129.46,13719,UnitedKingdom,Food,4502.91
INV004813,SKU0090,DeluxeWidgetC,10,2011-06-19,42.9,16330,France,Electronics,194.6
INV004814,SKU0116,PremiumWidgetA,73,2011-06-19,137.33,10054,Spain,Toys,3076.26
INV004815,SKU0353,BasicWidgetH,28,2011-06-19,69.7,16657,Australia,Books,1490.58
INV004816,SKU0266,BasicWidgetH,24,2011-06-19,97.24,19625,France,Books,3438.6
INV004817,SKU0309,BasicWidgetH,19,2011-06-19,40.03,17998,France,Toys,1424.33
INV004818,SKU0172,BudgetWidgetE,97,2011-06-19,23.82,12064,UnitedKingdom,HomeGarden,187.07
INV004819,SKU0046,EliteWidgetG,68,2011-06-19,130.48,14183,UnitedKingdom,Sports,3654.46
INV004820,SKU0139,BasicWidgetH,56,2011-06-19,16.87,13294,Australia,Electronics,1555.2
INV004821,SKU0245,StandardWidgetD,67,2011-06-19,116.22,13855,UnitedKingdom,Sports,2754.44
INV004822,SKU0148,BasicWidgetH,42,2011-06-19,87.36,12751,UnitedKingdom,Food,3869.56
INV004823,SKU0245,ClassicWidgetB,12,2011-06-19,129.24,10724,UnitedKingdom,Books,3514.41
INV004824,SKU0394,BudgetWidgetE,18,2011-06-20,107.81,19445,Spain,Clothing,1743.51
INV004825,SKU0486,PremiumWidgetA,23,2011-06-20,42.61,19369,UnitedKingdom,Sports,3739.39
INV004826,SKU0475,PremiumWidgetA,84,2011-06-20,86.38,19488,UnitedKingdom,Clothing,4628.48
INV004827,SKU0004,PremiumWidgetA,6,2011-06-20,2.45,18049,Belgium,HomeGarden,3050.26
INV004828,SKU0464,PremiumWidgetA,53,2011-06-20,71.55,19086,France,Books,3517.83
INV004829,SKU0183,ClassicWidgetB,98,2011-06-20,13.36,12499,France,Clothing,4329.67
INV004830,SKU0019,DeluxeWidgetC,42,2011-06-20,64.63,11329,Australia,Electronics,4218.36
INV004831,SKU0424,ProWidgetF,66,2011-06-20,16.89,15117,Netherlands,Books,1758.66
INV004832,SKU0045,StandardWidgetD,30,2011-06-20,143.34,12627,Australia,HomeGarden,4958.51
INV004833,SKU0011,ClassicWidgetB,9,2011-06-20,78.7,12450,Spain,Electronics,143.8
INV004834,SKU0069,PremiumWidgetA,91,2011-06-20,137.03,19361,Spain,Books,4933.55
INV004835,SKU0016,ClassicWidgetB,42,2011-06-20,3.84,17057,Spain,Sports,1230.74
INV004836,SKU0370,BudgetWidgetE,34,2011-06-20,95.83,17865,Germany,Food,2202.74
INV004837,SKU0146,ProWidgetF,40,2011-06-20,46.39,14294,Australia,Toys,4418.56
INV004838,SKU0153,PremiumWidgetA,88,2011-06-20,65.06,19656,Belgium,Books,1222.4
INV004839,SKU0303,StandardWidgetD,17,2011-06-20,131.03,11730,Australia,Electronics,1124.68
INV004840,SKU0107,PremiumWidgetA,29,2011-06-20,147.01,18149,UnitedKingdom,Clothing,3215.9
INV004841,SKU0235,ProWidgetF,50,2011-06-20,37.35,11123,UnitedKingdom,Food,3527.55
INV004842,SKU0307,StandardWidgetD,76,2011-06-20,142.26,17193,UnitedKingdom,Clothing,38.35
INV004843,SKU0351,ProWidgetF,95,2011-06-20,103.46,14621,Netherlands,Books,2252.77
INV004844,SKU0069,StandardWidgetD,49,2011-06-20,142.74,11488,Belgium,Books,2446.06
INV004845,SKU0182,DeluxeWidgetC,73,2011-06-20,84.57,10264,Belgium,HomeGarden,1359.9
INV004846,SKU0249,EliteWidgetG,61,2011-06-20,144.13,12029,Spain,Sports,2731.0
INV004847,SKU0227,DeluxeWidgetC,83,2011-06-20,133.92,16874,UnitedKingdom,HomeGarden,773.73
INV004848,SKU0101,ClassicWidgetB,46,2011-06-21,19.72,19435,Germany,Toys,1618.71
INV004849,SKU0074,ClassicWidgetB,46,2011-06-21,46.96,13766,Belgium,HomeGarden,3566.48
INV004850,SKU0416,BasicWidgetH,17,2011-06-21,36.84,18587,France,Clothing,4369.06
INV004851,SKU0445,StandardWidgetD,66,2011-06-21,86.03,17056,Germany,Clothing,2947.31
INV004852,SKU0215,BasicWidgetH,5,2011-06-21,120.52,19672,Belgium,Electronics,375.15
INV004853,SKU0406,BasicWidgetH,54,2011-06-21,114.03,18299,Belgium,Toys,3394.05
INV004854,SKU0398,PremiumWidgetA,16,2011-06-21,109.15,13563,Netherlands,Toys,4488.09
INV004855,SKU0410,EliteWidgetG,81,2011-06-21,56.6,18071,UnitedKingdom,HomeGarden,2522.07
INV004856,SKU0202,BudgetWidgetE,91,2011-06-21,21.38,17849,Australia,Food,2468.97
INV004857,SKU0191,BudgetWidgetE,7,2011-06-21,31.98,16035,Belgium,Electronics,4957.08
INV004858,SKU0248,PremiumWidgetA,8,2011-06-21,111.38,17959,France,Books,3181.85
INV004859,SKU0498,PremiumWidgetA,72,2011-06-21,22.56,13196,Spain,Electronics,4030.34
INV004860,SKU0241,DeluxeWidgetC,87,2011-06-21,33.83,11185,Netherlands,Clothing,3232.82
INV004861,SKU0464,BudgetWidgetE,96,2011-06-21,63.97,14131,Germany,HomeGarden,1105.36
INV004862,SKU0178,StandardWidgetD,82,2011-06-21,11.28,13075,Belgium,Clothing,1421.11
INV004863,SKU0436,ProWidgetF,38,2011-06-21,32.3,10412,UnitedKingdom,Books,3328.86
INV004864,SKU0461,BasicWidgetH,54,2011-06-21,22.89,18674,Netherlands,Sports,2280.9
INV004865,SKU0218,ClassicWidgetB,76,2011-06-21,142.72,13847,Netherlands,Food,2022.33
INV004866,SKU0081,BasicWidgetH,15,2011-06-21,29.13,18794,Australia,Toys,113.24
INV004867,SKU0091,BasicWidgetH,92,2011-06-21,129.33,17974,Spain,HomeGarden,4421.96
INV004868,SKU0434,ProWidgetF,50,2011-06-21,17.66,11081,Australia,Clothing,4422.6
INV004869,SKU0174,DeluxeWidgetC,56,2011-06-21,130.52,14355,Australia,Sports,2305.39
INV004870,SKU0238,BudgetWidgetE,95,2011-06-21,90.12,17662,Spain,Books,3504.0
INV004871,SKU0259,BasicWidgetH,9,2011-06-21,127.53,18216,Germany,Sports,889.92
INV004872,SKU0390,EliteWidgetG,8,2011-06-22,130.17,18389,Australia,Clothing,2519.55
INV004873,SKU0364,PremiumWidgetA,19,2011-06-22,89.66,12626,Spain,Clothing,2194.89
INV004874,SKU0162,EliteWidgetG,51,2011-06-22,137.7,18614,Netherlands,Books,3283.41
INV004875,SKU0047,EliteWidgetG,72,2011-06-22,88.02,11141,Belgium,Books,2348.76
INV004876,SKU0328,BudgetWidgetE,98,2011-06-22,107.03,16935,Netherlands,Sports,2492.67
INV004877,SKU0327,StandardWidgetD,57,2011-06-22,62.7,11120,Spain,Sports,1479.27
INV004878,SKU0115,DeluxeWidgetC,68,2011-06-22,137.15,14527,Netherlands,Toys,243.07
INV004879,SKU0428,BasicWidgetH,31,2011-06-22,123.71,17106,Belgium,Toys,4585.21
INV004880,SKU0336,BasicWidgetH,3,2011-06-22,25.42,19985,France,Clothing,62.15
INV004881,SKU0336,BasicWidgetH,99,2011-06-22,86.67,16693,France,Books,1407.34
INV004882,SKU0368,PremiumWidgetA,83,2011-06-22,134.58,14903,Spain,Electronics,2238.61
INV004883,SKU0224,ProWidgetF,43,2011-06-22,119.06,10055,Spain,Books,1596.14
INV004884,SKU0351,StandardWidgetD,29,2011-06-22,144.4,16758,Germany,HomeGarden,2760.04
INV004885,SKU0327,ProWidgetF,10,2011-06-22,35.08,12263,Belgium,HomeGarden,2308.6
INV004886,SKU0146,ClassicWidgetB,12,2011-06-22,55.44,18212,Spain,Books,1278.13
INV004887,SKU0062,DeluxeWidgetC,46,2011-06-22,76.33,16353,Australia,Sports,441.01
INV004888,SKU0293,StandardWidgetD,30,2011-06-22,35.28,18482,Netherlands,HomeGarden,688.54
INV004889,SKU0322,StandardWidgetD,94,2011-06-22,59.41,11994,Australia,Food,2432.11
INV004890,SKU0442,BasicWidgetH,82,2011-06-22,80.86,10834,Spain,Toys,4229.88
INV004891,SKU0324,ProWidgetF,88,2011-06-22,29.11,14283,Netherlands,Clothing,504.09
INV004892,SKU0012,PremiumWidgetA,32,2011-06-22,38.87,15270,France,Clothing,3386.35
INV004893,SKU0430,ClassicWidgetB,73,2011-06-22,19.16,14309,Netherlands,Food,3960.66
INV004894,SKU0493,BasicWidgetH,47,2011-06-22,107.15,11501,Germany,Food,1384.58
INV004895,SKU0188,BasicWidgetH,88,2011-06-22,54.55,14688,UnitedKingdom,Clothing,3341.53
INV004896,SKU0286,BasicWidgetH,63,2011-06-23,33.43,14136,Belgium,Toys,3433.6
INV004897,SKU0207,ProWidgetF,26,2011-06-23,76.34,10019,Netherlands,Books,3539.26
INV004898,SKU0113,StandardWidgetD,3,2011-06-23,10.7,11032,Spain,HomeGarden,4454.15
INV004899,SKU0479,DeluxeWidgetC,23,2011-06-23,138.55,19016,Germany,Sports,1993.23
INV004900,SKU0021,StandardWidgetD,75,2011-06-23,44.52,13274,France,Toys,1219.2
INV004901,SKU0348,BudgetWidgetE,74,2011-06-23,133.03,10747,France,Toys,2719.68
INV004902,SKU0213,DeluxeWidgetC,50,2011-06-23,74.89,17004,UnitedKingdom,Clothing,313.68
INV004903,SKU0170,BasicWidgetH,36,2011-06-23,127.6,10967,Spain,Food,1670.27
INV004904,SKU0322,DeluxeWidgetC,13,2011-06-23,37.44,13547,Australia,Toys,4416.24
INV004905,SKU0053,StandardWidgetD,29,2011-06-23,26.7,12798,Australia,Toys,2660.76
INV004906,SKU0393,PremiumWidgetA,38,2011-06-23,127.49,13015,Netherlands,Sports,2183.94
INV004907,SKU0297,BasicWidgetH,77,2011-06-23,32.33,16605,France,Toys,1329.15
INV004908,SKU0319,DeluxeWidgetC,90,2011-06-23,112.06,11804,Germany,Clothing,1252.63
INV004909,SKU0125,BudgetWidgetE,84,2011-06-23,52.02,12023,UnitedKingdom,Toys,1183.82
INV004910,SKU0276,ProWidgetF,5,2011-06-23,112.35,18592,Australia,Books,4146.34
INV004911,SKU0463,PremiumWidgetA,20,2011-06-23,136.19,14432,Netherlands,Clothing,4925.12
INV004912,SKU0203,PremiumWidgetA,78,2011-06-23,147.25,19560,Netherlands,Books,2674.46
INV004913,SKU0193,PremiumWidgetA,14,2011-06-23,54.29,13324,France,Food,400.09
INV004914,SKU0168,DeluxeWidgetC,8,2011-06-23,55.45,17163,Germany,HomeGarden,3755.44
INV004915,SKU0151,PremiumWidgetA,48,2011-06-23,147.22,11877,Germany,Food,4385.4
INV004916,SKU0034,StandardWidgetD,13,2011-06-23,129.3,19589,Australia,Food,4656.21
INV004917,SKU0183,PremiumWidgetA,24,2011-06-23,7.24,13675,Netherlands,HomeGarden,3144.25
INV004918,SKU0285,BudgetWidgetE,79,2011-06-23,86.23,16961,France,Sports,2534.9
INV004919,SKU0056,BasicWidgetH,65,2011-06-23,27.6,10005,Germany,Toys,3103.02
INV004920,SKU0221,BasicWidgetH,86,2011-06-24,149.1,15533,Netherlands,Clothing,65.74
INV004921,SKU0302,ClassicWidgetB,34,2011-06-24,21.27,18777,Germany,HomeGarden,3277.44
INV004922,SKU0162,BudgetWidgetE,51,2011-06-24,84.12,19713,UnitedKingdom,Toys,3548.52
INV004923,SKU0018,DeluxeWidgetC,3,2011-06-24,99.95,15175,Germany,Electronics,3610.43
INV004924,SKU0369,PremiumWidgetA,90,2011-06-24,140.59,13878,Germany,Electronics,2815.8
INV004925,SKU0263,PremiumWidgetA,78,2011-06-24,127.17,13469,Netherlands,Sports,3500.52
INV004926,SKU0281,StandardWidgetD,58,2011-06-24,37.24,19013,Germany,Toys,3194.52
INV004927,SKU0112,ProWidgetF,72,2011-06-24,86.11,14333,Germany,Food,578.53
INV004928,SKU0487,PremiumWidgetA,55,2011-06-24,143.06,16633,UnitedKingdom,HomeGarden,4491.94
INV004929,SKU0326,EliteWidgetG,80,2011-06-24,110.49,13093,Germany,Books,3114.01
INV004930,SKU0029,BudgetWidgetE,42,2011-06-24,103.41,10857,Germany,Toys,3639.24
INV004931,SKU0134,DeluxeWidgetC,21,2011-06-24,113.36,17618,Netherlands,Electronics,1715.09
INV004932,SKU0066,BasicWidgetH,10,2011-06-24,48.71,17977,France,Toys,4596.28
INV004933,SKU0064,ClassicWidgetB,57,2011-06-24,109.52,12550,UnitedKingdom,HomeGarden,2513.58
INV004934,SKU0291,PremiumWidgetA,25,2011-06-24,35.31,11225,Germany,Books,3395.35
INV004935,SKU0024,ClassicWidgetB,56,2011-06-24,64.5,18845,France,Clothing,4760.96
INV004936,SKU0036,PremiumWidgetA,38,2011-06-24,133.54,17453,Netherlands,Food,4580.5
INV004937,SKU0000,DeluxeWidgetC,86,2011-06-24,3.34,17400,UnitedKingdom,Toys,3224.35
INV004938,SKU0398,ProWidgetF,61,2011-06-24,62.44,19531,Spain,HomeGarden,829.54
INV004939,SKU0036,BudgetWidgetE,47,2011-06-24,40.39,14556,Netherlands,Clothing,4752.89
INV004940,SKU0140,BasicWidgetH,54,2011-06-24,30.19,12717,France,Electronics,4920.69
INV004941,SKU0231,DeluxeWidgetC,46,2011-06-24,125.87,13392,UnitedKingdom,Clothing,517.88
INV004942,SKU0135,ClassicWidgetB,68,2011-06-24,104.63,18154,Germany,Electronics,2252.04
INV004943,SKU0388,PremiumWidgetA,4,2011-06-24,17.34,19254,France,Sports,2741.73
INV004944,SKU0187,ClassicWidgetB,94,2011-06-25,74.42,16122,Netherlands,Sports,461.32
INV004945,SKU0127,BudgetWidgetE,66,2011-06-25,70.3,14528,UnitedKingdom,Electronics,949.21
INV004946,SKU0200,EliteWidgetG,93,2011-06-25,21.81,19800,France,Books,2688.99
INV004947,SKU0126,BasicWidgetH,43,2011-06-25,120.06,11081,Belgium,Sports,4815.48
INV004948,SKU0256,DeluxeWidgetC,62,2011-06-25,55.32,16639,Spain,Food,140.02
INV004949,SKU0163,ClassicWidgetB,85,2011-06-25,114.41,17018,France,Books,4562.3
INV004950,SKU0034,ClassicWidgetB,85,2011-06-25,29.21,16105,Netherlands,Books,4493.14
INV004951,SKU0193,BudgetWidgetE,85,2011-06-25,47.6,14750,Netherlands,Books,4286.04
INV004952,SKU0190,EliteWidgetG,4,2011-06-25,14.73,12654,Germany,HomeGarden,1888.38
INV004953,SKU0103,PremiumWidgetA,65,2011-06-25,21.95,10155,Germany,Toys,2454.63
INV004954,SKU0022,EliteWidgetG,62,2011-06-25,132.54,14296,France,Food,2018.57
INV004955,SKU0264,ClassicWidgetB,90,2011-06-25,16.81,13069,Netherlands,HomeGarden,4737.98
INV004956,SKU0289,BudgetWidgetE,2,2011-06-25,14.81,11963,Belgium,Toys,2607.23
INV004957,SKU0429,PremiumWidgetA,9,2011-06-25,141.09,14594,France,Toys,403.98
INV004958,SKU0461,EliteWidgetG,57,2011-06-25,97.06,17663,Belgium,Books,1371.03
INV004959,SKU0383,BasicWidgetH,45,2011-06-25,15.59,16303,Australia,Electronics,2310.7
INV004960,SKU0259,EliteWidgetG,18,2011-06-25,145.77,19426,Spain,Toys,4767.83
INV004961,SKU0413,BasicWidgetH,48,2011-06-25,22.49,16142,Netherlands,Sports,2845.19
INV004962,SKU0478,EliteWidgetG,42,2011-06-25,115.07,19668,Belgium,Clothing,3480.67
INV004963,SKU0357,ProWidgetF,41,2011-06-25,5.71,13755,Australia,HomeGarden,443.51
INV004964,SKU0074,PremiumWidgetA,75,2011-06-25,93.87,10830,Belgium,HomeGarden,4386.74
INV004965,SKU0354,EliteWidgetG,89,2011-06-25,82.23,16574,Australia,Food,2695.55
INV004966,SKU0071,ProWidgetF,90,2011-06-25,31.6,16121,Netherlands,Clothing,4606.22
INV004967,SKU0258,DeluxeWidgetC,58,2011-06-25,96.65,16074,Germany,Books,2227.94
INV004968,SKU0397,BudgetWidgetE,42,2011-06-26,92.75,11342,France,Food,3415.74
INV004969,SKU0187,EliteWidgetG,35,2011-06-26,119.85,17679,UnitedKingdom,Food,2354.72
INV004970,SKU0460,BasicWidgetH,38,2011-06-26,131.44,17329,UnitedKingdom,Toys,713.65
INV004971,SKU0172,PremiumWidgetA,67,2011-06-26,76.76,11844,Spain,Food,1360.98
INV004972,SKU0479,BasicWidgetH,41,2011-06-26,73.8,10461,Belgium,Clothing,337.22
INV004973,SKU0289,ProWidgetF,99,2011-06-26,93.43,12991,Netherlands,Books,2201.89
INV004974,SKU0044,ProWidgetF,50,2011-06-26,109.52,16843,Belgium,Food,3247.06
INV004975,SKU0060,DeluxeWidgetC,86,2011-06-26,53.75,19770,Germany,HomeGarden,1219.31
INV004976,SKU0082,BasicWidgetH,72,2011-06-26,75.94,10200,Germany,Food,2452.45
INV004977,SKU0122,StandardWidgetD,79,2011-06-26,87.97,10515,Germany,Clothing,2295.41
INV004978,SKU0357,BudgetWidgetE,45,2011-06-26,148.26,15871,UnitedKingdom,Toys,2667.57
INV004979,SKU0015,BasicWidgetH,71,2011-06-26,88.36,15450,Australia,Electronics,923.74
INV004980,SKU0065,StandardWidgetD,19,2011-06-26,34.02,14839,Spain,Sports,2670.39
INV004981,SKU0423,PremiumWidgetA,17,2011-06-26,88.4,16490,Belgium,Sports,1821.66
INV004982,SKU0144,BudgetWidgetE,65,2011-06-26,123.02,13231,UnitedKingdom,Sports,1430.92
INV004983,SKU0374,BasicWidgetH,93,2011-06-26,128.68,13696,Germany,Clothing,2930.32
INV004984,SKU0161,DeluxeWidgetC,77,2011-06-26,120.14,19467,UnitedKingdom,Food,741.04
INV004985,SKU0233,PremiumWidgetA,56,2011-06-26,133.29,13293,UnitedKingdom,Food,4503.39
INV004986,SKU0379,BudgetWidgetE,93,2011-06-26,50.55,17001,Spain,Toys,4674.33
INV004987,SKU0143,BasicWidgetH,41,2011-06-26,76.38,11629,France,Books,3303.39
INV004988,SKU0357,BasicWidgetH,42,2011-06-26,117.05,14018,Netherlands,Toys,1516.47
INV004989,SKU0187,BudgetWidgetE,6,2011-06-26,40.04,14489,Belgium,Toys,3130.4
INV004990,SKU0321,StandardWidgetD,69,2011-06-26,56.05,17563,Australia,Food,3008.02
INV004991,SKU0449,PremiumWidgetA,98,2011-06-26,124.76,12016,Belgium,Food,1956.86
INV004992,SKU0473,DeluxeWidgetC,75,2011-06-27,115.63,18358,France,HomeGarden,1436.95
INV004993,SKU0012,DeluxeWidgetC,73,2011-06-27,145.69,10975,Netherlands,Sports,843.1
INV004994,SKU0183,PremiumWidgetA,40,2011-06-27,149.4,14547,Germany,Clothing,1087.7
INV004995,SKU0110,PremiumWidgetA,41,2011-06-27,36.49,17305,Spain,Sports,3265.5
INV004996,SKU0414,ProWidgetF,9,2011-06-27,135.12,10859,Spain,Toys,4429.59
INV004997,SKU0289,ClassicWidgetB,8,2011-06-27,14.63,13944,France,Books,1925.4
INV004998,SKU0294,BasicWidgetH,44,2011-06-27,106.62,10209,Belgium,Food,610.38
INV004999,SKU0450,StandardWidgetD,58,2011-06-27,33.4,19800,Netherlands,Electronics,65.02
INV005000,SKU0391,PremiumWidgetA,67,2011-06-27,45.4,10213,Spain,Food,2030.12
INV005001,SKU0214,PremiumWidgetA,13,2011-06-27,141.98,15897,France,Electronics,1163.6
INV005002,SKU0461,ClassicWidgetB,19,2011-06-27,39.84,15782,Spain,Food,1613.46
INV005003,SKU0119,ClassicWidgetB,98,2011-06-27,101.14,17402,UnitedKingdom,Toys,1209.11
INV005004,SKU0381,BudgetWidgetE,96,2011-06-27,27.13,19164,UnitedKingdom,HomeGarden,3321.07
INV005005,SKU0054,EliteWidgetG,49,2011-06-27,14.46,10303,France,Electronics,3192.93
INV005006,SKU0026,DeluxeWidgetC,80,2011-06-27,51.23,17276,Belgium,Electronics,4561.61
INV005007,SKU0117,StandardWidgetD,82,2011-06-27,93.82,17000,France,Food,3499.02
INV005008,SKU0220,BudgetWidgetE,78,2011-06-27,37.57,18174,Belgium,Clothing,825.54
INV005009,SKU0230,PremiumWidgetA,30,2011-06-27,45.38,10860,Australia,Food,3758.22
INV005010,SKU0052,BasicWidgetH,66,2011-06-27,106.46,14047,Germany,Clothing,907.16
INV005011,SKU0294,ClassicWidgetB,77,2011-06-27,15.87,11855,UnitedKingdom,HomeGarden,2793.45
INV005012,SKU0320,ProWidgetF,91,2011-06-27,67.31,16951,Spain,Toys,386.31
INV005013,SKU0400,DeluxeWidgetC,59,2011-06-27,141.29,12167,France,Food,237.58
INV005014,SKU0232,BudgetWidgetE,53,2011-06-27,59.85,15959,Netherlands,HomeGarden,2321.69
INV005015,SKU0157,ProWidgetF,52,2011-06-27,65.41,11633,Spain,Toys,525.81
INV005016,SKU0436,DeluxeWidgetC,81,2011-06-28,110.86,12474,Germany,Clothing,1534.03
INV005017,SKU0268,EliteWidgetG,31,2011-06-28,116.96,15040,Netherlands,Food,1694.83
INV005018,SKU0020,EliteWidgetG,15,2011-06-28,115.56,12377,Spain,Electronics,3847.37
INV005019,SKU0402,ProWidgetF,20,2011-06-28,149.68,19942,Germany,Toys,1664.07
INV005020,SKU0052,ClassicWidgetB,5,2011-06-28,11.18,13411,Netherlands,Books,2472.01
INV005021,SKU0274,BudgetWidgetE,7,2011-06-28,147.35,14659,UnitedKingdom,Electronics,3863.16
INV005022,SKU0312,BudgetWidgetE,18,2011-06-28,142.55,14275,France,Electronics,1025.29
INV005023,SKU0280,EliteWidgetG,56,2011-06-28,127.89,14385,Belgium,Books,4024.68
INV005024,SKU0213,DeluxeWidgetC,75,2011-06-28,68.39,18677,Spain,HomeGarden,4159.14
INV005025,SKU0030,ProWidgetF,96,2011-06-28,130.7,19552,France,Clothing,4944.25
INV005026,SKU0336,ClassicWidgetB,91,2011-06-28,33.51,17275,Australia,HomeGarden,2220.79
INV005027,SKU0182,PremiumWidgetA,90,2011-06-28,118.85,10772,Spain,HomeGarden,1853.88
INV005028,SKU0022,BudgetWidgetE,45,2011-06-28,28.19,11832,France,Food,3510.32
INV005029,SKU0031,BasicWidgetH,28,2011-06-28,122.4,17605,Belgium,Food,291.7
INV005030,SKU0445,PremiumWidgetA,50,2011-06-28,92.37,11299,Spain,HomeGarden,199.72
INV005031,SKU0073,ClassicWidgetB,2,2011-06-28,15.16,18373,UnitedKingdom,Clothing,1675.62
INV005032,SKU0009,EliteWidgetG,84,2011-06-28,134.35,19454,Germany,HomeGarden,3647.85
INV005033,SKU0483,BasicWidgetH,68,2011-06-28,86.9,18337,Germany,Food,583.16
INV005034,SKU0455,BudgetWidgetE,77,2011-06-28,98.61,15163,France,HomeGarden,3178.1
INV005035,SKU0053,BudgetWidgetE,24,2011-06-28,42.88,11839,Netherlands,Sports,1348.26
INV005036,SKU0051,ProWidgetF,48,2011-06-28,130.81,14594,France,Electronics,3258.72
INV005037,SKU0147,BasicWidgetH,45,2011-06-28,82.01,10802,Spain,Food,2285.42
INV005038,SKU0159,PremiumWidgetA,93,2011-06-28,63.46,13950,Germany,Sports,576.64
INV005039,SKU0369,EliteWidgetG,58,2011-06-28,80.38,11318,Belgium,Clothing,1237.17
INV005040,SKU0013,ProWidgetF,36,2011-06-29,105.65,16118,Spain,Toys,1099.35
INV005041,SKU0177,StandardWidgetD,2,2011-06-29,104.41,14626,Australia,Toys,823.76
INV005042,SKU0411,PremiumWidgetA,18,2011-06-29,53.96,12940,Germany,Books,2342.26
INV005043,SKU0365,PremiumWidgetA,49,2011-06-29,58.1,17569,Netherlands,Toys,4773.37
INV005044,SKU0499,StandardWidgetD,8,2011-06-29,84.55,17398,Netherlands,Books,3290.79
INV005045,SKU0052,ClassicWidgetB,58,2011-06-29,138.7,15458,Australia,Toys,4180.17
INV005046,SKU0407,BasicWidgetH,15,2011-06-29,111.94,12052,Spain,Sports,4905.42
INV005047,SKU0334,BasicWidgetH,17,2011-06-29,58.87,16454,Spain,Sports,2703.57
INV005048,SKU0021,ClassicWidgetB,23,2011-06-29,50.89,16305,Spain,Sports,1191.11
INV005049,SKU0029,BudgetWidgetE,66,2011-06-29,78.78,18407,Belgium,Electronics,4639.13
INV005050,SKU0190,DeluxeWidgetC,70,2011-06-29,130.56,10785,Netherlands,Clothing,3495.22
INV005051,SKU0259,ProWidgetF,93,2011-06-29,1.8,16979,France,Food,4794.75
INV005052,SKU0204,DeluxeWidgetC,27,2011-06-29,106.72,11635,France,Toys,3255.51
INV005053,SKU0058,BudgetWidgetE,37,2011-06-29,44.53,17338,Belgium,Toys,3875.95
INV005054,SKU0470,BasicWidgetH,49,2011-06-29,31.66,13109,Belgium,Toys,4453.29
INV005055,SKU0263,DeluxeWidgetC,64,2011-06-29,2.31,16053,Belgium,HomeGarden,3796.49
INV005056,SKU0465,PremiumWidgetA,34,2011-06-29,134.54,15004,Germany,Sports,2813.67
INV005057,SKU0011,PremiumWidgetA,18,2011-06-29,136.88,15756,UnitedKingdom,Electronics,2360.13
INV005058,SKU0118,StandardWidgetD,64,2011-06-29,9.68,17445,France,Books,4117.06
INV005059,SKU0414,StandardWidgetD,74,2011-06-29,78.51,10284,France,Food,3860.16
INV005060,SKU0461,BudgetWidgetE,44,2011-06-29,23.31,12413,Spain,Food,1832.79
INV005061,SKU0289,BudgetWidgetE,17,2011-06-29,113.92,11643,Belgium,Books,2492.16
INV005062,SKU0337,EliteWidgetG,59,2011-06-29,99.98,17235,Spain,Books,3175.32
INV005063,SKU0247,BudgetWidgetE,13,2011-06-29,44.92,19319,Belgium,Sports,142.82
INV005064,SKU0353,PremiumWidgetA,52,2011-06-30,17.99,19461,Australia,Books,1238.6
INV005065,SKU0126,DeluxeWidgetC,60,2011-06-30,124.77,16335,France,Books,1251.82
INV005066,SKU0074,ProWidgetF,42,2011-06-30,101.3,10643,Belgium,Books,4416.27
INV005067,SKU0360,EliteWidgetG,91,2011-06-30,1.52,17311,Germany,HomeGarden,1658.11
INV005068,SKU0203,EliteWidgetG,64,2011-06-30,94.37,18217,Belgium,Books,2726.17
INV005069,SKU0048,BasicWidgetH,66,2011-06-30,121.64,13937,Spain,Electronics,4158.1
INV005070,SKU0078,EliteWidgetG,34,2011-06-30,88.82,14807,Australia,Sports,1299.21
INV005071,SKU0440,BudgetWidgetE,95,2011-06-30,63.99,16336,France,Toys,619.66
INV005072,SKU0478,BudgetWidgetE,87,2011-06-30,87.8,16524,Germany,HomeGarden,4741.85
INV005073,SKU0240,PremiumWidgetA,71,2011-06-30,93.15,11025,Australia,HomeGarden,3523.71
INV005074,SKU0348,ProWidgetF,64,2011-06-30,96.19,15722,UnitedKingdom,Sports,886.09
INV005075,SKU0153,PremiumWidgetA,33,2011-06-30,145.07,11068,Spain,Books,4098.74
INV005076,SKU0273,ProWidgetF,12,2011-06-30,27.21,19130,Germany,Toys,3935.85
INV005077,SKU0095,PremiumWidgetA,76,2011-06-30,93.65,14098,France,Toys,4187.87
INV005078,SKU0213,DeluxeWidgetC,19,2011-06-30,28.61,18015,Australia,Books,1381.79
INV005079,SKU0293,BasicWidgetH,9,2011-06-30,31.89,19664,UnitedKingdom,Clothing,2243.45
INV005080,SKU0208,BudgetWidgetE,74,2011-06-30,100.55,10175,Germany,Books,3468.68
INV005081,SKU0342,ClassicWidgetB,17,2011-06-30,137.44,18095,UnitedKingdom,Food,1953.95
INV005082,SKU0087,ClassicWidgetB,50,2011-06-30,24.28,11143,Germany,Toys,350.79
INV005083,SKU0305,BasicWidgetH,39,2011-06-30,144.39,15893,France,Electronics,683.11
INV005084,SKU0263,BudgetWidgetE,41,2011-06-30,48.25,17341,Germany,Books,2985.97
INV005085,SKU0424,EliteWidgetG,10,2011-06-30,59.0,13510,France,Sports,1876.47
INV005086,SKU0389,BudgetWidgetE,12,2011-06-30,23.48,14062,Germany,Books,27.9
INV005087,SKU0324,BudgetWidgetE,79,2011-06-30,92.57,17797,Belgium,Sports,3834.51
INV005088,SKU0427,BasicWidgetH,95,2011-07-01,89.66,10950,Australia,HomeGarden,2084.1
INV005089,SKU0376,BudgetWidgetE,15,2011-07-01,66.62,14436,Germany,Clothing,1569.53
INV005090,SKU0319,EliteWidgetG,28,2011-07-01,71.68,12744,Germany,HomeGarden,3567.88
INV005091,SKU0156,ProWidgetF,4,2011-07-01,93.63,18312,Netherlands,Sports,2276.09
INV005092,SKU0155,BasicWidgetH,36,2011-07-01,87.73,14670,Netherlands,Food,3474.46
INV005093,SKU0138,DeluxeWidgetC,65,2011-07-01,56.45,11920,Germany,Clothing,66.98
INV005094,SKU0120,ClassicWidgetB,98,2011-07-01,132.68,19876,Netherlands,HomeGarden,48.09
INV005095,SKU0064,BasicWidgetH,47,2011-07-01,100.32,15612,France,Books,2799.95
INV005096,SKU0106,StandardWidgetD,81,2011-07-01,31.21,16419,Netherlands,Toys,4911.08
INV005097,SKU0146,ClassicWidgetB,39,2011-07-01,48.33,19160,Germany,Food,1362.51
INV005098,SKU0136,ClassicWidgetB,38,2011-07-01,118.29,16172,Spain,Toys,3414.78
INV005099,SKU0410,EliteWidgetG,44,2011-07-01,16.13,15930,UnitedKingdom,Food,862.12
INV005100,SKU0161,PremiumWidgetA,51,2011-07-01,112.66,13808,Spain,Books,1558.43
INV005101,SKU0427,BudgetWidgetE,97,2011-07-01,54.15,14738,Spain,Food,391.3
INV005102,SKU0451,BudgetWidgetE,85,2011-07-01,82.98,16495,Spain,Clothing,4404.09
INV005103,SKU0099,BudgetWidgetE,26,2011-07-01,42.44,11104,Spain,HomeGarden,1552.88
INV005104,SKU0337,PremiumWidgetA,36,2011-07-01,147.98,14389,UnitedKingdom,Electronics,1153.1
INV005105,SKU0398,EliteWidgetG,69,2011-07-01,135.92,13884,Germany,Electronics,3653.29
INV005106,SKU0306,BasicWidgetH,97,2011-07-01,139.3,10732,Germany,Electronics,998.0
INV005107,SKU0140,DeluxeWidgetC,1,2011-07-01,28.12,11581,UnitedKingdom,HomeGarden,1202.14
INV005108,SKU0082,DeluxeWidgetC,53,2011-07-01,126.33,13679,Belgium,Toys,518.98
INV005109,SKU0176,EliteWidgetG,6,2011-07-01,80.54,13852,Belgium,HomeGarden,4814.4
INV005110,SKU0197,StandardWidgetD,37,2011-07-01,106.32,12427,Australia,Food,1238.94
INV005111,SKU0111,DeluxeWidgetC,2,2011-07-01,33.02,10323,Netherlands,HomeGarden,4978.32
INV005112,SKU0055,EliteWidgetG,69,2011-07-02,106.94,13699,Australia,Sports,881.57
INV005113,SKU0459,BasicWidgetH,90,2011-07-02,137.18,15181,France,Toys,104.24
INV005114,SKU0178,DeluxeWidgetC,41,2011-07-02,40.49,17313,Spain,Electronics,4478.57
INV005115,SKU0420,BudgetWidgetE,51,2011-07-02,35.39,18553,Belgium,Electronics,2900.51
INV005116,SKU0400,ProWidgetF,47,2011-07-02,16.11,12100,Spain,Electronics,1757.7
INV005117,SKU0185,EliteWidgetG,13,2011-07-02,40.39,12754,UnitedKingdom,Toys,2567.18
INV005118,SKU0470,ClassicWidgetB,76,2011-07-02,80.6,11472,UnitedKingdom,Sports,1304.37
INV005119,SKU0217,DeluxeWidgetC,69,2011-07-02,124.99,11106,Australia,Sports,3174.16
INV005120,SKU0412,DeluxeWidgetC,66,2011-07-02,42.18,11803,France,Food,3082.73
INV005121,SKU0416,PremiumWidgetA,59,2011-07-02,93.36,18272,Australia,Food,401.88
INV005122,SKU0315,StandardWidgetD,68,2011-07-02,72.2,16657,France,HomeGarden,4553.53
INV005123,SKU0474,ProWidgetF,59,2011-07-02,43.64,16906,Germany,Toys,2303.17
INV005124,SKU0216,BasicWidgetH,91,2011-07-02,76.8,15355,Spain,Food,976.58
INV005125,SKU0119,PremiumWidgetA,10,2011-07-02,25.61,12988,Germany,Toys,1537.61
INV005126,SKU0438,BudgetWidgetE,13,2011-07-02,96.12,17204,UnitedKingdom,Electronics,4331.24
INV005127,SKU0393,ClassicWidgetB,2,2011-07-02,17.79,15776,Germany,Electronics,1916.54
INV005128,SKU0174,StandardWidgetD,90,2011-07-02,109.78,18516,Australia,Toys,2810.24
INV005129,SKU0022,PremiumWidgetA,15,2011-07-02,27.07,12361,France,Books,4738.5
INV005130,SKU0212,EliteWidgetG,46,2011-07-02,149.72,11234,UnitedKingdom,Toys,3258.93
INV005131,SKU0404,DeluxeWidgetC,57,2011-07-02,123.64,10102,Germany,Food,3378.91
INV005132,SKU0234,DeluxeWidgetC,10,2011-07-02,51.9,14912,UnitedKingdom,Books,1243.6
INV005133,SKU0012,StandardWidgetD,22,2011-07-02,64.22,10746,UnitedKingdom,Books,3341.81
INV005134,SKU0100,DeluxeWidgetC,89,2011-07-02,39.25,14908,France,Sports,1969.62
INV005135,SKU0416,EliteWidgetG,79,2011-07-02,115.18,13691,Australia,Food,4555.3
INV005136,SKU0023,PremiumWidgetA,77,2011-07-03,57.42,19439,Spain,HomeGarden,648.56
INV005137,SKU0363,PremiumWidgetA,8,2011-07-03,113.4,13064,Australia,Clothing,1428.92
INV005138,SKU0010,DeluxeWidgetC,21,2011-07-03,3.25,15412,Netherlands,Electronics,330.94
INV005139,SKU0272,DeluxeWidgetC,85,2011-07-03,20.78,11719,Australia,Food,1905.14
INV005140,SKU0451,BudgetWidgetE,22,2011-07-03,55.06,12202,Germany,Books,742.71
INV005141,SKU0430,ClassicWidgetB,97,2011-07-03,16.78,15151,Netherlands,Electronics,4225.87
INV005142,SKU0280,BasicWidgetH,45,2011-07-03,90.37,16026,Netherlands,Electronics,4625.29
INV005143,SKU0093,StandardWidgetD,91,2011-07-03,8.1,17737,Netherlands,Electronics,3347.46
INV005144,SKU0200,PremiumWidgetA,40,2011-07-03,129.03,15452,Netherlands,Toys,517.57
INV005145,SKU0020,StandardWidgetD,22,2011-07-03,114.32,17184,Australia,HomeGarden,1708.81
INV005146,SKU0339,BudgetWidgetE,30,2011-07-03,32.83,11789,Belgium,Electronics,4822.49
INV005147,SKU0466,PremiumWidgetA,62,2011-07-03,72.83,19956,Netherlands,Food,682.37
INV005148,SKU0210,BudgetWidgetE,73,2011-07-03,68.05,10259,Germany,HomeGarden,2782.89
INV005149,SKU0139,BudgetWidgetE,45,2011-07-03,108.87,11918,Germany,Clothing,1765.29
INV005150,SKU0292,ProWidgetF,35,2011-07-03,60.53,16504,UnitedKingdom,Clothing,4995.81
INV005151,SKU0297,DeluxeWidgetC,82,2011-07-03,5.42,15518,Belgium,Sports,1427.66
INV005152,SKU0400,EliteWidgetG,42,2011-07-03,41.42,16603,Belgium,Electronics,239.81
INV005153,SKU0100,ProWidgetF,5,2011-07-03,70.2,18175,Germany,Books,3511.21
INV005154,SKU0303,BasicWidgetH,27,2011-07-03,146.19,19978,Spain,Sports,1634.37
INV005155,SKU0358,StandardWidgetD,70,2011-07-03,132.23,17252,UnitedKingdom,Toys,3288.25
INV005156,SKU0027,EliteWidgetG,62,2011-07-03,27.62,17230,Germany,Food,524.16
INV005157,SKU0040,StandardWidgetD,32,2011-07-03,108.63,10099,Netherlands,Food,2615.79
INV005158,SKU0354,DeluxeWidgetC,8,2011-07-03,140.56,13905,France,Sports,1876.78
INV005159,SKU0302,EliteWidgetG,85,2011-07-03,1.81,12342,Netherlands,Clothing,2684.3
INV005160,SKU0495,ProWidgetF,18,2011-07-04,108.28,18091,Australia,Books,4267.51
INV005161,SKU0145,StandardWidgetD,78,2011-07-04,69.17,13233,UnitedKingdom,Electronics,4863.76
INV005162,SKU0255,ProWidgetF,15,2011-07-04,102.2,15024,France,Electronics,3765.91
INV005163,SKU0461,DeluxeWidgetC,26,2011-07-04,91.04,10327,Belgium,Clothing,3834.52
INV005164,SKU0226,EliteWidgetG,53,2011-07-04,147.71,19543,Germany,Toys,2645.15
INV005165,SKU0235,EliteWidgetG,44,2011-07-04,43.68,12289,Netherlands,HomeGarden,487.9
INV005166,SKU0360,PremiumWidgetA,32,2011-07-04,118.03,11365,Belgium,Clothing,3335.63
INV005167,SKU0379,BudgetWidgetE,28,2011-07-04,35.58,11408,UnitedKingdom,Books,739.75
INV005168,SKU0454,BudgetWidgetE,39,2011-07-04,65.62,19702,UnitedKingdom,HomeGarden,1229.06
INV005169,SKU0488,ProWidgetF,32,2011-07-04,146.32,10219,Belgium,Books,3538.2
INV005170,SKU0012,EliteWidgetG,77,2011-07-04,115.04,16407,Germany,Electronics,3285.31
INV005171,SKU0209,StandardWidgetD,79,2011-07-04,47.72,13239,UnitedKingdom,HomeGarden,1572.32
INV005172,SKU0228,ProWidgetF,18,2011-07-04,93.1,11269,Germany,Books,3860.45
INV005173,SKU0396,ProWidgetF,70,2011-07-04,7.93,17542,Belgium,Food,4696.64
INV005174,SKU0099,ClassicWidgetB,11,2011-07-04,40.33,13817,Germany,Electronics,2726.75
INV005175,SKU0030,BasicWidgetH,32,2011-07-04,107.9,17189,Netherlands,Books,3388.76
INV005176,SKU0385,EliteWidgetG,20,2011-07-04,85.73,16857,UnitedKingdom,HomeGarden,1359.63
INV005177,SKU0015,BudgetWidgetE,97,2011-07-04,70.72,10067,Belgium,Electronics,4854.06
INV005178,SKU0136,EliteWidgetG,40,2011-07-04,103.79,19863,Australia,Books,1369.25
INV005179,SKU0328,DeluxeWidgetC,8,2011-07-04,60.07,18934,Australia,Sports,4437.16
INV005180,SKU0165,ProWidgetF,35,2011-07-04,4.41,17225,Netherlands,HomeGarden,4639.42
INV005181,SKU0458,ClassicWidgetB,69,2011-07-04,66.43,15383,Belgium,HomeGarden,3598.42
INV005182,SKU0309,ClassicWidgetB,99,2011-07-04,135.37,12012,Netherlands,HomeGarden,4058.13
INV005183,SKU0439,BudgetWidgetE,78,2011-07-04,128.56,19897,Germany,Toys,2289.83
INV005184,SKU0469,BudgetWidgetE,21,2011-07-05,61.65,19638,Belgium,Electronics,4597.81
INV005185,SKU0480,BudgetWidgetE,24,2011-07-05,3.82,13069,Australia,HomeGarden,3713.49
INV005186,SKU0099,DeluxeWidgetC,17,2011-07-05,95.63,17666,UnitedKingdom,Books,1634.39
INV005187,SKU0108,ClassicWidgetB,18,2011-07-05,111.31,10290,Australia,Food,175.69
INV005188,SKU0342,StandardWidgetD,98,2011-07-05,44.49,16312,Netherlands,Sports,2704.38
INV005189,SKU0172,DeluxeWidgetC,12,2011-07-05,71.76,17727,Netherlands,Books,4203.41
INV005190,SKU0236,PremiumWidgetA,16,2011-07-05,148.78,13679,Belgium,Books,4303.48
INV005191,SKU0161,BasicWidgetH,4,2011-07-05,86.66,13910,Belgium,HomeGarden,4175.76
INV005192,SKU0392,BasicWidgetH,89,2011-07-05,52.99,14651,Belgium,Sports,1074.52
INV005193,SKU0215,ProWidgetF,34,2011-07-05,94.31,10352,Belgium,Sports,2131.32
INV005194,SKU0263,BasicWidgetH,92,2011-07-05,27.41,11263,Germany,Food,3069.52
INV005195,SKU0262,BudgetWidgetE,46,2011-07-05,30.29,11826,UnitedKingdom,Sports,3338.11
INV005196,SKU0291,ClassicWidgetB,75,2011-07-05,138.78,14378,Netherlands,Sports,1673.58
INV005197,SKU0273,BasicWidgetH,77,2011-07-05,36.26,11605,Spain,Clothing,3463.52
INV005198,SKU0002,ProWidgetF,31,2011-07-05,46.96,13398,UnitedKingdom,Food,2954.89
INV005199,SKU0027,BasicWidgetH,25,2011-07-05,81.79,14551,Australia,Food,2834.31
INV005200,SKU0325,EliteWidgetG,74,2011-07-05,135.0,13006,Germany,Sports,3315.46
INV005201,SKU0491,DeluxeWidgetC,24,2011-07-05,117.33,11004,Belgium,HomeGarden,3017.24
INV005202,SKU0427,PremiumWidgetA,65,2011-07-05,7.05,15967,Australia,Toys,835.21
INV005203,SKU0148,EliteWidgetG,25,2011-07-05,104.11,16428,Belgium,Sports,4372.21
INV005204,SKU0027,DeluxeWidgetC,28,2011-07-05,75.86,12078,Spain,Books,1203.61
INV005205,SKU0487,DeluxeWidgetC,36,2011-07-05,71.6,12495,Netherlands,Clothing,3722.7
INV005206,SKU0309,StandardWidgetD,82,2011-07-05,103.89,12261,Netherlands,Books,883.11
INV005207,SKU0437,BasicWidgetH,6,2011-07-05,29.84,11737,UnitedKingdom,HomeGarden,3305.17
INV005208,SKU0064,ProWidgetF,66,2011-07-06,147.23,13096,Belgium,HomeGarden,4478.52
INV005209,SKU0355,StandardWidgetD,67,2011-07-06,96.97,17927,Netherlands,Food,49.54
INV005210,SKU0020,DeluxeWidgetC,72,2011-07-06,55.17,12444,Spain,Toys,4898.41
INV005211,SKU0251,BasicWidgetH,95,2011-07-06,90.23,10336,UnitedKingdom,Toys,149.35
INV005212,SKU0234,PremiumWidgetA,48,2011-07-06,32.86,12983,Spain,Sports,57.83
INV005213,SKU0226,ClassicWidgetB,83,2011-07-06,95.26,19159,France,Food,4287.94
INV005214,SKU0012,ClassicWidgetB,70,2011-07-06,4.72,16998,Netherlands,Toys,3543.81
INV005215,SKU0312,BasicWidgetH,78,2011-07-06,51.51,14998,Australia,HomeGarden,529.95
INV005216,SKU0048,EliteWidgetG,67,2011-07-06,112.25,18863,Australia,Clothing,4687.14
INV005217,SKU0117,ProWidgetF,48,2011-07-06,121.29,19495,UnitedKingdom,Food,3359.99
INV005218,SKU0053,BudgetWidgetE,65,2011-07-06,38.31,18187,Spain,Toys,556.11
INV005219,SKU0137,BudgetWidgetE,44,2011-07-06,81.14,19906,Spain,Books,4302.91
INV005220,SKU0052,ClassicWidgetB,94,2011-07-06,79.51,12595,Spain,HomeGarden,2405.04
INV005221,SKU0043,DeluxeWidgetC,63,2011-07-06,63.51,12970,Spain,Toys,1391.39
INV005222,SKU0302,DeluxeWidgetC,46,2011-07-06,34.65,13269,France,Toys,4125.38
INV005223,SKU0052,StandardWidgetD,19,2011-07-06,105.63,10478,Netherlands,HomeGarden,3692.49
INV005224,SKU0073,BasicWidgetH,64,2011-07-06,38.23,10843,Spain,Clothing,3115.6
INV005225,SKU0045,ProWidgetF,83,2011-07-06,136.7,11625,Germany,Electronics,4492.67
INV005226,SKU0012,BasicWidgetH,73,2011-07-06,79.51,11880,Germany,Electronics,4306.54
INV005227,SKU0164,BasicWidgetH,71,2011-07-06,130.64,18696,Belgium,Clothing,1134.73
INV005228,SKU0101,StandardWidgetD,50,2011-07-06,43.97,18301,Belgium,HomeGarden,4393.55
INV005229,SKU0279,BudgetWidgetE,63,2011-07-06,121.16,19597,Australia,Clothing,1870.83
INV005230,SKU0257,BasicWidgetH,41,2011-07-06,17.49,14492,Netherlands,Clothing,2159.44
INV005231,SKU0469,ClassicWidgetB,7,2011-07-06,115.14,13480,Germany,Electronics,4861.69
INV005232,SKU0336,EliteWidgetG,9,2011-07-07,58.35,18542,UnitedKingdom,Sports,3799.61
INV005233,SKU0355,BasicWidgetH,4,2011-07-07,70.76,19749,Netherlands,Toys,1608.11
INV005234,SKU0397,DeluxeWidgetC,89,2011-07-07,25.44,13042,Australia,HomeGarden,3239.98
INV005235,SKU0137,BasicWidgetH,49,2011-07-07,3.28,12836,Belgium,Books,2697.08
INV005236,SKU0162,ClassicWidgetB,76,2011-07-07,100.1,18078,France,Clothing,583.9
INV005237,SKU0408,PremiumWidgetA,6,2011-07-07,88.36,17874,UnitedKingdom,Food,4438.87
INV005238,SKU0386,ClassicWidgetB,82,2011-07-07,93.55,16564,UnitedKingdom,Electronics,4109.59
INV005239,SKU0110,PremiumWidgetA,21,2011-07-07,38.62,13628,Spain,Sports,3888.77
INV005240,SKU0101,StandardWidgetD,15,2011-07-07,36.27,15017,Netherlands,Food,2796.21
INV005241,SKU0016,StandardWidgetD,67,2011-07-07,124.63,18302,Belgium,HomeGarden,1104.97
INV005242,SKU0267,BudgetWidgetE,66,2011-07-07,114.31,19957,France,Food,4419.6
INV005243,SKU0181,ClassicWidgetB,56,2011-07-07,50.85,17606,UnitedKingdom,Clothing,1765.48
INV005244,SKU0371,ClassicWidgetB,68,2011-07-07,95.85,11201,France,Electronics,101.57
INV005245,SKU0023,PremiumWidgetA,32,2011-07-07,124.31,16003,Australia,Clothing,4908.89
INV005246,SKU0028,StandardWidgetD,66,2011-07-07,133.38,10010,UnitedKingdom,Books,4305.92
INV005247,SKU0170,PremiumWidgetA,29,2011-07-07,1.37,19781,Belgium,Food,3113.78
INV005248,SKU0408,StandardWidgetD,66,2011-07-07,122.11,11501,Germany,HomeGarden,63.02
INV005249,SKU0227,PremiumWidgetA,34,2011-07-07,52.88,18320,Belgium,Toys,1139.35
INV005250,SKU0377,StandardWidgetD,27,2011-07-07,107.9,17905,Australia,HomeGarden,2260.8
INV005251,SKU0187,PremiumWidgetA,60,2011-07-07,56.02,13603,Australia,HomeGarden,3140.8
INV005252,SKU0345,EliteWidgetG,39,2011-07-07,91.13,14195,Spain,HomeGarden,3541.06
INV005253,SKU0229,StandardWidgetD,44,2011-07-07,97.19,10289,UnitedKingdom,Electronics,3941.58
INV005254,SKU0320,ProWidgetF,82,2011-07-07,61.05,15688,Germany,Books,2778.75
INV005255,SKU0339,PremiumWidgetA,36,2011-07-07,77.16,17393,France,Clothing,3281.26
INV005256,SKU0118,ClassicWidgetB,19,2011-07-08,109.08,19868,Germany,Electronics,4056.4
INV005257,SKU0155,BudgetWidgetE,91,2011-07-08,71.71,17605,Australia,Food,3599.49
INV005258,SKU0271,ProWidgetF,45,2011-07-08,2.59,12693,UnitedKingdom,Sports,4774.11
INV005259,SKU0174,ProWidgetF,84,2011-07-08,2.43,19562,Germany,HomeGarden,4373.35
INV005260,SKU0464,PremiumWidgetA,21,2011-07-08,99.37,18374,Belgium,HomeGarden,847.64
INV005261,SKU0103,BudgetWidgetE,23,2011-07-08,127.16,10350,Germany,Clothing,4737.15
INV005262,SKU0091,ClassicWidgetB,94,2011-07-08,117.9,13586,Australia,HomeGarden,1021.68
INV005263,SKU0185,ProWidgetF,89,2011-07-08,46.9,15915,France,HomeGarden,4956.33
INV005264,SKU0459,ClassicWidgetB,95,2011-07-08,70.93,19593,Germany,Clothing,3506.95
INV005265,SKU0282,StandardWidgetD,27,2011-07-08,35.51,15584,Spain,Books,3138.03
INV005266,SKU0180,BasicWidgetH,98,2011-07-08,148.38,12849,Germany,Electronics,1622.29
INV005267,SKU0169,EliteWidgetG,72,2011-07-08,39.45,14435,Netherlands,Books,666.4
INV005268,SKU0186,BasicWidgetH,19,2011-07-08,62.73,16404,Australia,Clothing,631.74
INV005269,SKU0174,BasicWidgetH,41,2011-07-08,102.33,13927,Netherlands,Toys,4333.01
INV005270,SKU0221,BudgetWidgetE,26,2011-07-08,131.46,16514,Australia,Food,2162.78
INV005271,SKU0232,EliteWidgetG,28,2011-07-08,8.2,17440,Australia,Food,2799.7
INV005272,SKU0161,DeluxeWidgetC,64,2011-07-08,45.5,15816,Netherlands,Toys,4659.25
INV005273,SKU0420,StandardWidgetD,68,2011-07-08,85.56,16592,Belgium,Toys,1277.52
INV005274,SKU0133,BudgetWidgetE,95,2011-07-08,92.94,15825,France,HomeGarden,3819.92
INV005275,SKU0390,PremiumWidgetA,80,2011-07-08,10.97,13488,France,Food,2352.85
INV005276,SKU0479,EliteWidgetG,51,2011-07-08,99.78,11895,Australia,HomeGarden,1064.56
INV005277,SKU0223,PremiumWidgetA,74,2011-07-08,79.45,12908,Belgium,Books,4265.01
INV005278,SKU0152,ClassicWidgetB,48,2011-07-08,124.23,11411,Belgium,Sports,3400.07
INV005279,SKU0032,BasicWidgetH,10,2011-07-08,33.72,15457,Netherlands,Electronics,475.51
INV005280,SKU0054,ProWidgetF,73,2011-07-09,29.66,13999,Germany,HomeGarden,2709.24
INV005281,SKU0441,EliteWidgetG,39,2011-07-09,119.1,15448,Australia,Clothing,4258.97
INV005282,SKU0006,DeluxeWidgetC,19,2011-07-09,105.73,18847,Spain,Books,335.61
INV005283,SKU0243,PremiumWidgetA,64,2011-07-09,118.86,16292,Australia,Food,2081.96
INV005284,SKU0312,BudgetWidgetE,19,2011-07-09,117.4,18541,UnitedKingdom,Electronics,4026.27
INV005285,SKU0125,EliteWidgetG,76,2011-07-09,16.05,17008,France,Toys,4291.93
INV005286,SKU0011,EliteWidgetG,62,2011-07-09,42.15,11143,Netherlands,Sports,3877.04
INV005287,SKU0015,ProWidgetF,13,2011-07-09,39.38,10397,Germany,Toys,1529.24
INV005288,SKU0207,ProWidgetF,25,2011-07-09,140.22,10645,Spain,Toys,2535.14
INV005289,SKU0042,BudgetWidgetE,89,2011-07-09,73.38,17606,Belgium,Food,3706.65
INV005290,SKU0372,ProWidgetF,92,2011-07-09,17.1,14132,Germany,HomeGarden,763.79
INV005291,SKU0483,PremiumWidgetA,42,2011-07-09,43.79,12234,Spain,Books,2975.39
INV005292,SKU0460,BudgetWidgetE,39,2011-07-09,130.85,19675,Australia,HomeGarden,3602.15
INV005293,SKU0134,BasicWidgetH,30,2011-07-09,127.14,11962,Germany,Food,4250.11
INV005294,SKU0227,BudgetWidgetE,5,2011-07-09,135.1,10809,Germany,Food,559.25
INV005295,SKU0110,ClassicWidgetB,81,2011-07-09,58.59,16473,Australia,Books,1649.04
INV005296,SKU0306,DeluxeWidgetC,18,2011-07-09,96.38,17483,France,Sports,2708.73
INV005297,SKU0456,EliteWidgetG,21,2011-07-09,42.09,14415,UnitedKingdom,Food,3505.58
INV005298,SKU0159,ClassicWidgetB,86,2011-07-09,27.53,16618,France,Clothing,3650.45
INV005299,SKU0330,DeluxeWidgetC,50,2011-07-09,3.77,18705,France,Food,1267.04
INV005300,SKU0263,BudgetWidgetE,6,2011-07-09,33.9,18525,UnitedKingdom,Food,70.37
INV005301,SKU0224,EliteWidgetG,50,2011-07-09,90.85,14819,Australia,Clothing,3469.39
INV005302,SKU0470,ProWidgetF,80,2011-07-09,135.68,10007,France,Electronics,4545.72
INV005303,SKU0216,DeluxeWidgetC,66,2011-07-09,20.45,15815,Netherlands,Food,3987.79
INV005304,SKU0455,BudgetWidgetE,1,2011-07-10,137.74,18132,Netherlands,HomeGarden,3112.71
INV005305,SKU0044,BudgetWidgetE,57,2011-07-10,52.14,15414,UnitedKingdom,HomeGarden,4887.87
INV005306,SKU0213,ClassicWidgetB,30,2011-07-10,64.31,19490,Netherlands,HomeGarden,2166.15
INV005307,SKU0058,ClassicWidgetB,58,2011-07-10,55.06,12946,Australia,Clothing,2625.72
INV005308,SKU0131,ProWidgetF,52,2011-07-10,61.59,15736,Germany,Food,62.42
INV005309,SKU0103,BasicWidgetH,37,2011-07-10,39.25,11844,Australia,Electronics,4729.81
INV005310,SKU0194,StandardWidgetD,48,2011-07-10,104.94,13611,UnitedKingdom,Clothing,2917.15
INV005311,SKU0412,PremiumWidgetA,87,2011-07-10,113.85,17559,Germany,Toys,1954.61
INV005312,SKU0488,StandardWidgetD,1,2011-07-10,123.56,18184,Netherlands,Books,223.78
INV005313,SKU0156,StandardWidgetD,19,2011-07-10,51.52,15686,France,HomeGarden,1812.73
INV005314,SKU0097,EliteWidgetG,46,2011-07-10,114.81,13065,Belgium,Food,18.99
INV005315,SKU0225,BasicWidgetH,67,2011-07-10,95.83,19294,Netherlands,Food,1622.35
INV005316,SKU0411,EliteWidgetG,2,2011-07-10,143.71,10679,Australia,Books,4757.32
INV005317,SKU0204,ProWidgetF,56,2011-07-10,64.01,17190,Australia,Toys,772.18
INV005318,SKU0078,EliteWidgetG,17,2011-07-10,148.85,15347,Belgium,Sports,2727.51
INV005319,SKU0123,DeluxeWidgetC,92,2011-07-10,111.19,14047,UnitedKingdom,Food,933.9
INV005320,SKU0470,ProWidgetF,82,2011-07-10,116.55,10009,France,Books,3917.11
INV005321,SKU0427,ProWidgetF,97,2011-07-10,4.34,16463,France,Books,2812.43
INV005322,SKU0217,BudgetWidgetE,79,2011-07-10,74.86,15321,Germany,Food,1011.98
INV005323,SKU0003,BudgetWidgetE,22,2011-07-10,79.49,14216,Germany,Books,4331.34
INV005324,SKU0089,BudgetWidgetE,27,2011-07-10,6.57,18865,Australia,Food,3920.33
INV005325,SKU0103,PremiumWidgetA,55,2011-07-10,47.16,17734,UnitedKingdom,Food,4756.56
INV005326,SKU0392,DeluxeWidgetC,32,2011-07-10,143.37,17506,Belgium,Food,4.14
INV005327,SKU0118,DeluxeWidgetC,60,2011-07-10,64.2,11456,Australia,Clothing,2286.13
INV005328,SKU0132,BudgetWidgetE,83,2011-07-11,28.41,10043,Spain,Books,4999.21
INV005329,SKU0311,StandardWidgetD,28,2011-07-11,77.24,17326,France,Toys,4056.13
INV005330,SKU0095,PremiumWidgetA,28,2011-07-11,5.55,17776,France,HomeGarden,4156.6
INV005331,SKU0467,StandardWidgetD,74,2011-07-11,77.64,14570,Australia,Electronics,3106.04
INV005332,SKU0433,ClassicWidgetB,84,2011-07-11,89.34,12571,Belgium,Sports,3564.79
INV005333,SKU0330,DeluxeWidgetC,25,2011-07-11,53.98,19607,France,HomeGarden,4026.83
INV005334,SKU0142,DeluxeWidgetC,85,2011-07-11,114.51,18200,Belgium,Electronics,462.31
INV005335,SKU0287,StandardWidgetD,78,2011-07-11,20.79,15632,Germany,HomeGarden,3463.21
INV005336,SKU0027,PremiumWidgetA,86,2011-07-11,131.79,11862,France,Books,4077.23
INV005337,SKU0277,DeluxeWidgetC,26,2011-07-11,143.34,11233,Germany,Sports,205.29
INV005338,SKU0232,StandardWidgetD,75,2011-07-11,0.68,13125,Netherlands,Food,1485.97
INV005339,SKU0016,ProWidgetF,71,2011-07-11,126.49,14711,Belgium,HomeGarden,1620.73
INV005340,SKU0058,ProWidgetF,17,2011-07-11,76.16,12457,UnitedKingdom,Sports,4273.06
INV005341,SKU0089,EliteWidgetG,82,2011-07-11,69.48,18201,UnitedKingdom,Clothing,3901.98
INV005342,SKU0491,PremiumWidgetA,7,2011-07-11,36.18,16699,France,Clothing,3282.45
INV005343,SKU0198,StandardWidgetD,56,2011-07-11,67.38,18459,UnitedKingdom,Books,4023.81
INV005344,SKU0361,EliteWidgetG,64,2011-07-11,142.59,17157,Spain,Books,2267.7
INV005345,SKU0440,ProWidgetF,20,2011-07-11,32.01,12714,Netherlands,Clothing,4374.53
INV005346,SKU0025,PremiumWidgetA,38,2011-07-11,27.27,14546,France,HomeGarden,1171.84
INV005347,SKU0024,BasicWidgetH,75,2011-07-11,36.66,17364,Germany,Food,3523.18
INV005348,SKU0393,EliteWidgetG,58,2011-07-11,83.0,17219,Netherlands,Electronics,1209.51
INV005349,SKU0300,BasicWidgetH,16,2011-07-11,139.58,17636,Belgium,Electronics,200.27
INV005350,SKU0338,BudgetWidgetE,51,2011-07-11,86.3,19583,Spain,Food,1421.47
INV005351,SKU0266,PremiumWidgetA,27,2011-07-11,36.9,17541,Netherlands,Clothing,2465.04
INV005352,SKU0460,ClassicWidgetB,51,2011-07-12,66.35,19274,UnitedKingdom,Electronics,4217.34
INV005353,SKU0180,BudgetWidgetE,75,2011-07-12,58.86,18485,Spain,HomeGarden,2544.77
INV005354,SKU0455,EliteWidgetG,16,2011-07-12,7.46,12835,Germany,Electronics,896.57
INV005355,SKU0359,StandardWidgetD,87,2011-07-12,76.84,18013,Australia,Toys,4963.84
INV005356,SKU0067,BudgetWidgetE,60,2011-07-12,19.34,17955,Netherlands,Electronics,1351.1
INV005357,SKU0494,BudgetWidgetE,76,2011-07-12,126.42,14205,UnitedKingdom,Food,4926.49
INV005358,SKU0350,EliteWidgetG,40,2011-07-12,82.57,12154,Belgium,Toys,4681.74
INV005359,SKU0411,StandardWidgetD,67,2011-07-12,126.77,15108,Belgium,Food,2712.67
INV005360,SKU0458,StandardWidgetD,2,2011-07-12,143.43,13923,Netherlands,Clothing,460.72
INV005361,SKU0490,ProWidgetF,48,2011-07-12,141.51,16084,Germany,Sports,3477.38
INV005362,SKU0320,ClassicWidgetB,52,2011-07-12,15.51,17262,Belgium,Sports,4228.74
INV005363,SKU0048,StandardWidgetD,24,2011-07-12,141.75,13868,Germany,HomeGarden,2227.06
INV005364,SKU0174,DeluxeWidgetC,93,2011-07-12,119.46,13790,France,Sports,1195.96
INV005365,SKU0051,DeluxeWidgetC,98,2011-07-12,116.76,19036,Australia,Books,4014.32
INV005366,SKU0101,ClassicWidgetB,84,2011-07-12,13.97,19899,Australia,Clothing,2725.84
INV005367,SKU0215,PremiumWidgetA,82,2011-07-12,27.34,12007,UnitedKingdom,Toys,988.95
INV005368,SKU0437,EliteWidgetG,78,2011-07-12,146.29,11273,Australia,Toys,4747.74
INV005369,SKU0187,PremiumWidgetA,82,2011-07-12,32.4,16873,Germany,Sports,4740.54
INV005370,SKU0056,DeluxeWidgetC,2,2011-07-12,25.77,16852,Australia,Electronics,1835.88
INV005371,SKU0046,StandardWidgetD,65,2011-07-12,54.67,19404,UnitedKingdom,Sports,320.95
INV005372,SKU0158,ClassicWidgetB,20,2011-07-12,137.05,17811,Netherlands,Clothing,3154.31
INV005373,SKU0488,PremiumWidgetA,34,2011-07-12,71.69,12264,Australia,Electronics,1586.82
INV005374,SKU0173,PremiumWidgetA,41,2011-07-12,138.13,11610,Australia,Electronics,332.71
INV005375,SKU0241,BasicWidgetH,41,2011-07-12,50.48,19610,Belgium,Toys,4459.14
INV005376,SKU0281,EliteWidgetG,75,2011-07-13,34.37,11786,Germany,Food,4990.58
INV005377,SKU0240,BudgetWidgetE,91,2011-07-13,74.53,14399,Germany,Clothing,1752.68
INV005378,SKU0369,DeluxeWidgetC,23,2011-07-13,92.51,13482,Belgium,HomeGarden,3723.99
INV005379,SKU0004,StandardWidgetD,38,2011-07-13,59.03,16546,Netherlands,HomeGarden,329.79
INV005380,SKU0083,ClassicWidgetB,44,2011-07-13,52.23,18571,Belgium,Clothing,1849.16
INV005381,SKU0307,PremiumWidgetA,67,2011-07-13,33.1,16595,Spain,Toys,544.65
INV005382,SKU0360,EliteWidgetG,62,2011-07-13,41.61,10693,Spain,Food,277.69
INV005383,SKU0458,BudgetWidgetE,12,2011-07-13,101.13,19639,France,Clothing,2944.37
INV005384,SKU0247,DeluxeWidgetC,30,2011-07-13,55.8,17025,Australia,Clothing,4010.35
INV005385,SKU0053,DeluxeWidgetC,95,2011-07-13,12.42,11755,Germany,Electronics,2265.4
INV005386,SKU0160,EliteWidgetG,87,2011-07-13,21.15,17033,France,Food,2621.37
INV005387,SKU0433,BasicWidgetH,65,2011-07-13,56.17,17693,Australia,Electronics,1354.38
INV005388,SKU0421,ClassicWidgetB,41,2011-07-13,138.71,10847,Australia,Clothing,3682.2
INV005389,SKU0410,PremiumWidgetA,20,2011-07-13,57.17,14061,France,Toys,1806.01
INV005390,SKU0225,ClassicWidgetB,6,2011-07-13,9.57,11195,Germany,Electronics,338.43
INV005391,SKU0014,EliteWidgetG,75,2011-07-13,62.99,19704,Netherlands,Books,828.37
INV005392,SKU0223,EliteWidgetG,99,2011-07-13,100.49,15478,Spain,Clothing,643.21
INV005393,SKU0060,ClassicWidgetB,4,2011-07-13,89.24,16332,Australia,Food,2179.95
INV005394,SKU0121,ProWidgetF,93,2011-07-13,42.18,18154,Belgium,Electronics,327.0
INV005395,SKU0276,BudgetWidgetE,10,2011-07-13,103.37,15648,UnitedKingdom,HomeGarden,4032.62
INV005396,SKU0045,DeluxeWidgetC,51,2011-07-13,94.78,13320,UnitedKingdom,Clothing,4540.12
INV005397,SKU0452,ProWidgetF,93,2011-07-13,26.24,12457,UnitedKingdom,Food,1242.72
INV005398,SKU0389,StandardWidgetD,38,2011-07-13,24.74,13450,Belgium,Food,2428.06
INV005399,SKU0293,DeluxeWidgetC,1,2011-07-13,82.3,18418,Netherlands,Clothing,2595.8
INV005400,SKU0061,DeluxeWidgetC,8,2011-07-14,99.09,11807,Spain,Clothing,4925.02
INV005401,SKU0085,BudgetWidgetE,81,2011-07-14,144.31,10418,Australia,Sports,329.03
INV005402,SKU0445,StandardWidgetD,83,2011-07-14,63.58,13155,Germany,Clothing,3339.74
INV005403,SKU0209,PremiumWidgetA,63,2011-07-14,114.86,19110,Germany,HomeGarden,1729.48
INV005404,SKU0077,StandardWidgetD,33,2011-07-14,17.92,17364,Belgium,Electronics,2509.53
INV005405,SKU0201,PremiumWidgetA,15,2011-07-14,133.5,13818,Spain,Clothing,1085.96
INV005406,SKU0301,BasicWidgetH,31,2011-07-14,95.15,12631,Netherlands,Toys,802.05
INV005407,SKU0396,BasicWidgetH,21,2011-07-14,94.54,13674,Spain,Books,1218.58
INV005408,SKU0222,StandardWidgetD,3,2011-07-14,21.8,19537,Australia,Toys,357.24
INV005409,SKU0221,ClassicWidgetB,66,2011-07-14,6.42,14630,France,Toys,1391.17
INV005410,SKU0002,EliteWidgetG,35,2011-07-14,105.37,16868,France,Electronics,3452.06
INV005411,SKU0477,StandardWidgetD,41,2011-07-14,18.0,15513,Australia,HomeGarden,3257.76
INV005412,SKU0005,ProWidgetF,59,2011-07-14,19.48,11829,Australia,Sports,2772.93
INV005413,SKU0092,ProWidgetF,16,2011-07-14,28.53,19855,Germany,Food,2.94
INV005414,SKU0007,BudgetWidgetE,56,2011-07-14,15.11,18276,Netherlands,HomeGarden,629.78
INV005415,SKU0427,EliteWidgetG,45,2011-07-14,94.0,13812,Netherlands,Toys,4214.5
INV005416,SKU0492,EliteWidgetG,59,2011-07-14,63.59,10886,Spain,Sports,1359.42
INV005417,SKU0234,PremiumWidgetA,50,2011-07-14,40.28,17594,Belgium,Electronics,4561.08
INV005418,SKU0107,DeluxeWidgetC,85,2011-07-14,66.39,12797,Belgium,Food,4372.86
INV005419,SKU0160,BudgetWidgetE,12,2011-07-14,126.7,14147,Germany,Sports,775.48
INV005420,SKU0208,ProWidgetF,92,2011-07-14,139.1,12131,UnitedKingdom,Electronics,4490.86
INV005421,SKU0239,ProWidgetF,12,2011-07-14,73.38,12759,France,Food,3139.55
INV005422,SKU0330,BasicWidgetH,33,2011-07-14,85.23,18932,Australia,HomeGarden,3151.8
INV005423,SKU0332,PremiumWidgetA,84,2011-07-14,38.95,12876,Spain,Toys,4263.55
INV005424,SKU0049,ProWidgetF,49,2011-07-15,77.28,19903,France,HomeGarden,2025.87
INV005425,SKU0010,ProWidgetF,21,2011-07-15,112.34,10055,France,Sports,3676.58
INV005426,SKU0350,PremiumWidgetA,60,2011-07-15,74.07,13362,Spain,Food,3339.15
INV005427,SKU0155,ProWidgetF,52,2011-07-15,45.66,18998,Netherlands,Books,3857.8
INV005428,SKU0491,DeluxeWidgetC,54,2011-07-15,87.51,13056,Germany,Toys,3301.28
INV005429,SKU0069,ClassicWidgetB,39,2011-07-15,142.03,14750,UnitedKingdom,Toys,401.19
INV005430,SKU0168,BudgetWidgetE,49,2011-07-15,133.25,19198,UnitedKingdom,HomeGarden,1464.26
INV005431,SKU0271,DeluxeWidgetC,64,2011-07-15,115.5,15003,Spain,Sports,4699.66
INV005432,SKU0067,DeluxeWidgetC,86,2011-07-15,41.79,17905,Spain,Clothing,1117.9
INV005433,SKU0354,ClassicWidgetB,26,2011-07-15,36.61,14103,Germany,Electronics,2361.83
INV005434,SKU0251,BasicWidgetH,71,2011-07-15,125.86,16267,France,Clothing,1785.28
INV005435,SKU0047,EliteWidgetG,7,2011-07-15,27.61,11781,Germany,Food,432.41
INV005436,SKU0183,BudgetWidgetE,72,2011-07-15,91.04,10989,Belgium,Clothing,906.76
INV005437,SKU0319,BasicWidgetH,62,2011-07-15,66.12,17552,Germany,Clothing,1434.05
INV005438,SKU0186,BasicWidgetH,90,2011-07-15,70.46,15199,Belgium,Sports,2317.13
INV005439,SKU0089,DeluxeWidgetC,88,2011-07-15,68.45,13369,Australia,HomeGarden,4372.75
INV005440,SKU0445,ProWidgetF,24,2011-07-15,135.04,10377,Australia,Toys,2578.57
INV005441,SKU0331,BasicWidgetH,40,2011-07-15,13.52,12377,France,Clothing,3259.87
INV005442,SKU0138,ClassicWidgetB,76,2011-07-15,117.54,16045,Netherlands,Food,2130.35
INV005443,SKU0356,EliteWidgetG,47,2011-07-15,125.33,10281,UnitedKingdom,Sports,4350.44
INV005444,SKU0088,BudgetWidgetE,8,2011-07-15,141.46,12919,Australia,HomeGarden,3313.44
INV005445,SKU0273,StandardWidgetD,54,2011-07-15,68.16,16984,France,Electronics,454.06
INV005446,SKU0018,PremiumWidgetA,9,2011-07-15,75.26,13594,Spain,HomeGarden,2388.03
INV005447,SKU0470,ProWidgetF,3,2011-07-15,144.21,11838,Germany,HomeGarden,4136.34
INV005448,SKU0310,ClassicWidgetB,54,2011-07-16,69.04,16570,Belgium,Clothing,3668.54
INV005449,SKU0357,PremiumWidgetA,21,2011-07-16,75.78,18406,Australia,Food,4526.65
INV005450,SKU0373,EliteWidgetG,95,2011-07-16,50.17,14730,Germany,Sports,1139.11
INV005451,SKU0465,EliteWidgetG,48,2011-07-16,5.23,12120,Germany,Toys,4885.88
INV005452,SKU0153,StandardWidgetD,47,2011-07-16,65.24,12870,Australia,Food,1426.1
INV005453,SKU0389,BasicWidgetH,88,2011-07-16,98.44,10785,Belgium,Books,251.85
INV005454,SKU0259,DeluxeWidgetC,68,2011-07-16,103.65,17773,France,Electronics,2478.87
INV005455,SKU0107,DeluxeWidgetC,84,2011-07-16,1.47,10937,Spain,Sports,552.58
INV005456,SKU0370,BudgetWidgetE,63,2011-07-16,120.26,19881,Belgium,Toys,3406.87
INV005457,SKU0284,ClassicWidgetB,16,2011-07-16,74.12,19448,UnitedKingdom,Clothing,4502.88
INV005458,SKU0058,ClassicWidgetB,74,2011-07-16,78.35,13112,France,Sports,4606.8
INV005459,SKU0124,BasicWidgetH,90,2011-07-16,144.28,16432,Netherlands,Toys,3035.58
INV005460,SKU0353,EliteWidgetG,93,2011-07-16,43.03,16698,Belgium,Books,2676.79
INV005461,SKU0272,BudgetWidgetE,5,2011-07-16,114.37,17437,Belgium,Electronics,4969.96
INV005462,SKU0106,BasicWidgetH,11,2011-07-16,86.43,14534,Belgium,Food,2897.55
INV005463,SKU0298,PremiumWidgetA,29,2011-07-16,105.27,19529,Netherlands,HomeGarden,4637.36
INV005464,SKU0244,DeluxeWidgetC,79,2011-07-16,62.96,15629,UnitedKingdom,Toys,4583.06
INV005465,SKU0335,DeluxeWidgetC,70,2011-07-16,42.24,16171,Belgium,Electronics,1448.28
INV005466,SKU0449,EliteWidgetG,48,2011-07-16,82.15,18461,Spain,Food,69.74
INV005467,SKU0417,ClassicWidgetB,15,2011-07-16,56.55,11490,Belgium,Books,2196.4
INV005468,SKU0246,EliteWidgetG,84,2011-07-16,33.83,16041,Netherlands,Electronics,4306.99
INV005469,SKU0007,BasicWidgetH,34,2011-07-16,125.97,19872,Germany,Toys,4180.83
INV005470,SKU0140,ClassicWidgetB,60,2011-07-16,71.64,14769,Netherlands,Electronics,3018.74
INV005471,SKU0361,BudgetWidgetE,62,2011-07-16,127.17,16389,Australia,Clothing,784.14
INV005472,SKU0007,BasicWidgetH,2,2011-07-17,71.37,18601,Belgium,HomeGarden,538.83
INV005473,SKU0477,StandardWidgetD,80,2011-07-17,83.74,16641,Germany,Books,4773.46
INV005474,SKU0351,PremiumWidgetA,19,2011-07-17,149.29,19633,Belgium,Clothing,2107.57
INV005475,SKU0483,ProWidgetF,98,2011-07-17,142.75,17155,France,Electronics,3241.16
INV005476,SKU0494,StandardWidgetD,49,2011-07-17,41.12,18983,Spain,Electronics,4529.42
INV005477,SKU0093,BasicWidgetH,78,2011-07-17,130.36,15342,UnitedKingdom,Food,4349.6
INV005478,SKU0320,StandardWidgetD,88,2011-07-17,58.87,10359,Australia,Sports,2834.95
INV005479,SKU0426,ClassicWidgetB,28,2011-07-17,11.15,14677,Australia,Clothing,2440.04
INV005480,SKU0038,ClassicWidgetB,48,2011-07-17,86.58,15139,UnitedKingdom,Books,3676.56
INV005481,SKU0080,ClassicWidgetB,96,2011-07-17,146.57,18614,Netherlands,Books,1748.88
INV005482,SKU0186,StandardWidgetD,37,2011-07-17,146.16,18312,UnitedKingdom,Food,3127.33
INV005483,SKU0083,EliteWidgetG,74,2011-07-17,19.41,12220,UnitedKingdom,Books,116.74
INV005484,SKU0087,PremiumWidgetA,49,2011-07-17,115.8,14129,Netherlands,Toys,4121.74
INV005485,SKU0241,EliteWidgetG,48,2011-07-17,120.52,18262,Belgium,Toys,4990.16
INV005486,SKU0341,ClassicWidgetB,73,2011-07-17,55.63,13692,France,Toys,4773.58
INV005487,SKU0092,BasicWidgetH,88,2011-07-17,98.96,14630,Spain,Books,1800.11
INV005488,SKU0085,BasicWidgetH,29,2011-07-17,73.48,18205,UnitedKingdom,Electronics,2655.98
INV005489,SKU0043,DeluxeWidgetC,60,2011-07-17,34.57,15425,Netherlands,Toys,1181.85
INV005490,SKU0136,EliteWidgetG,29,2011-07-17,114.31,13900,Australia,Electronics,1515.63
INV005491,SKU0420,PremiumWidgetA,58,2011-07-17,39.78,18462,UnitedKingdom,Food,2287.27
INV005492,SKU0073,BasicWidgetH,48,2011-07-17,51.4,15892,Spain,Clothing,3735.66
INV005493,SKU0035,DeluxeWidgetC,23,2011-07-17,28.91,15613,Belgium,HomeGarden,90.39
INV005494,SKU0100,PremiumWidgetA,27,2011-07-17,108.03,19775,Belgium,Food,1969.48
INV005495,SKU0475,ClassicWidgetB,95,2011-07-17,69.08,10522,UnitedKingdom,Books,2782.93
INV005496,SKU0155,EliteWidgetG,7,2011-07-18,66.78,12817,Belgium,Electronics,1076.7
INV005497,SKU0425,ProWidgetF,49,2011-07-18,90.88,14950,France,Clothing,393.32
INV005498,SKU0254,BudgetWidgetE,54,2011-07-18,24.01,12839,France,Books,2698.33
INV005499,SKU0170,ClassicWidgetB,68,2011-07-18,134.77,17889,Australia,HomeGarden,3189.41
INV005500,SKU0468,BasicWidgetH,78,2011-07-18,70.03,17491,France,Books,3205.37
INV005501,SKU0215,StandardWidgetD,42,2011-07-18,55.3,18014,Belgium,Toys,1783.57
INV005502,SKU0169,ProWidgetF,74,2011-07-18,19.44,17691,Spain,Sports,1187.57
INV005503,SKU0251,StandardWidgetD,59,2011-07-18,25.61,10442,Australia,Books,1102.71
INV005504,SKU0359,PremiumWidgetA,44,2011-07-18,138.09,16394,Belgium,Sports,203.58
INV005505,SKU0321,StandardWidgetD,98,2011-07-18,68.76,18002,UnitedKingdom,HomeGarden,924.23
INV005506,SKU0054,ProWidgetF,26,2011-07-18,108.47,19413,Netherlands,Sports,4093.21
INV005507,SKU0455,ProWidgetF,23,2011-07-18,12.54,10894,France,HomeGarden,16.25
INV005508,SKU0431,ClassicWidgetB,73,2011-07-18,96.7,12253,Australia,Clothing,220.4
INV005509,SKU0090,DeluxeWidgetC,8,2011-07-18,138.27,12010,France,Sports,635.97
INV005510,SKU0277,ClassicWidgetB,53,2011-07-18,45.34,16857,France,Toys,2101.78
INV005511,SKU0100,PremiumWidgetA,14,2011-07-18,87.08,14993,Germany,Books,1669.36
INV005512,SKU0154,BasicWidgetH,71,2011-07-18,141.06,14635,UnitedKingdom,Books,890.0
INV005513,SKU0376,StandardWidgetD,7,2011-07-18,108.04,17808,France,Clothing,555.64
INV005514,SKU0348,DeluxeWidgetC,9,2011-07-18,9.82,16997,Netherlands,Food,4694.37
INV005515,SKU0450,EliteWidgetG,3,2011-07-18,57.12,19237,Spain,Electronics,4556.34
INV005516,SKU0363,BudgetWidgetE,78,2011-07-18,13.32,14833,Germany,Toys,3859.72
INV005517,SKU0140,ProWidgetF,17,2011-07-18,129.27,12934,Australia,Toys,1260.86
INV005518,SKU0172,DeluxeWidgetC,44,2011-07-18,93.44,18662,Australia,HomeGarden,1619.17
INV005519,SKU0009,BasicWidgetH,86,2011-07-18,143.48,10371,Netherlands,Toys,3329.56
INV005520,SKU0227,EliteWidgetG,46,2011-07-19,3.45,16998,Netherlands,Electronics,1459.2
INV005521,SKU0264,DeluxeWidgetC,90,2011-07-19,63.75,11403,Spain,Electronics,2653.58
INV005522,SKU0437,ClassicWidgetB,58,2011-07-19,16.1,14602,UnitedKingdom,Clothing,3256.77
INV005523,SKU0247,EliteWidgetG,28,2011-07-19,52.9,13946,Netherlands,Clothing,2596.46
INV005524,SKU0246,BudgetWidgetE,14,2011-07-19,24.7,14673,Australia,Food,2067.01
INV005525,SKU0154,BasicWidgetH,9,2011-07-19,49.65,11007,UnitedKingdom,Food,1740.12
INV005526,SKU0033,ProWidgetF,26,2011-07-19,122.98,10667,Netherlands,Sports,3888.97
INV005527,SKU0498,BasicWidgetH,2,2011-07-19,24.52,11446,Netherlands,Toys,3695.26
INV005528,SKU0128,PremiumWidgetA,75,2011-07-19,71.31,13966,Belgium,Sports,3481.44
INV005529,SKU0159,PremiumWidgetA,81,2011-07-19,138.28,14368,Australia,Sports,1874.01
INV005530,SKU0088,DeluxeWidgetC,34,2011-07-19,149.82,15317,UnitedKingdom,Sports,3878.91
INV005531,SKU0092,EliteWidgetG,19,2011-07-19,37.97,17246,Germany,Sports,4788.56
INV005532,SKU0326,DeluxeWidgetC,39,2011-07-19,140.37,13029,Germany,Books,3445.21
INV005533,SKU0240,StandardWidgetD,82,2011-07-19,39.58,18232,Spain,Food,2040.09
INV005534,SKU0322,BudgetWidgetE,13,2011-07-19,62.32,15892,UnitedKingdom,Clothing,3982.61
INV005535,SKU0467,ProWidgetF,5,2011-07-19,131.75,17190,Netherlands,HomeGarden,3046.9
INV005536,SKU0403,DeluxeWidgetC,50,2011-07-19,118.03,14804,Netherlands,Food,4388.51
INV005537,SKU0116,StandardWidgetD,23,2011-07-19,128.69,16379,UnitedKingdom,HomeGarden,3566.2
INV005538,SKU0093,EliteWidgetG,88,2011-07-19,120.14,18317,Germany,HomeGarden,3849.83
INV005539,SKU0162,BudgetWidgetE,29,2011-07-19,35.64,10777,Spain,HomeGarden,3337.51
INV005540,SKU0098,ProWidgetF,72,2011-07-19,84.04,19027,Belgium,HomeGarden,461.01
INV005541,SKU0112,PremiumWidgetA,26,2011-07-19,58.09,19070,Belgium,Books,2426.1
INV005542,SKU0358,StandardWidgetD,79,2011-07-19,69.23,14489,France,Food,283.39
INV005543,SKU0090,EliteWidgetG,57,2011-07-19,23.52,16270,Australia,Clothing,2238.3
INV005544,SKU0345,BudgetWidgetE,1,2011-07-20,47.71,17281,UnitedKingdom,Toys,3582.42
INV005545,SKU0205,StandardWidgetD,28,2011-07-20,128.72,19028,Spain,Sports,2106.86
INV005546,SKU0016,DeluxeWidgetC,62,2011-07-20,134.68,18716,France,Sports,9.15
INV005547,SKU0273,ClassicWidgetB,47,2011-07-20,91.72,19443,Australia,Food,1847.06
INV005548,SKU0172,PremiumWidgetA,78,2011-07-20,74.99,17688,France,Sports,339.73
INV005549,SKU0115,DeluxeWidgetC,98,2011-07-20,107.07,14241,France,Food,3903.2
INV005550,SKU0348,DeluxeWidgetC,59,2011-07-20,91.52,17330,Australia,Clothing,3918.97
INV005551,SKU0467,EliteWidgetG,31,2011-07-20,147.56,18926,France,Food,4032.09
INV005552,SKU0180,EliteWidgetG,70,2011-07-20,28.92,16871,Germany,Clothing,152.61
INV005553,SKU0090,BudgetWidgetE,49,2011-07-20,67.63,10168,Spain,Toys,162.31
INV005554,SKU0081,EliteWidgetG,5,2011-07-20,137.78,19340,UnitedKingdom,Books,4517.34
INV005555,SKU0323,StandardWidgetD,31,2011-07-20,137.25,18491,Belgium,Books,619.3
INV005556,SKU0448,PremiumWidgetA,37,2011-07-20,74.55,15033,Spain,Toys,3350.78
INV005557,SKU0113,DeluxeWidgetC,79,2011-07-20,20.65,10521,Belgium,Sports,3977.48
INV005558,SKU0256,BudgetWidgetE,15,2011-07-20,122.34,18809,Germany,Food,2239.87
INV005559,SKU0057,BasicWidgetH,52,2011-07-20,87.98,19909,Germany,Toys,2732.81
INV005560,SKU0153,BasicWidgetH,69,2011-07-20,116.09,18493,Belgium,Clothing,1137.68
INV005561,SKU0364,PremiumWidgetA,92,2011-07-20,69.65,18844,Australia,Sports,4618.08
INV005562,SKU0403,EliteWidgetG,97,2011-07-20,30.98,13301,Australia,Food,1509.7
INV005563,SKU0115,EliteWidgetG,11,2011-07-20,4.09,14159,Australia,Books,1089.84
INV005564,SKU0342,StandardWidgetD,43,2011-07-20,84.09,12279,France,Toys,2627.49
INV005565,SKU0265,EliteWidgetG,70,2011-07-20,24.58,19814,France,Sports,953.38
INV005566,SKU0314,BasicWidgetH,23,2011-07-20,28.48,11681,Belgium,Books,3433.77
INV005567,SKU0202,DeluxeWidgetC,40,2011-07-20,65.73,10091,UnitedKingdom,Food,2576.06
INV005568,SKU0040,BasicWidgetH,63,2011-07-21,66.59,13706,France,Electronics,739.87
INV005569,SKU0104,ProWidgetF,2,2011-07-21,41.52,10960,UnitedKingdom,Food,337.16
INV005570,SKU0388,DeluxeWidgetC,79,2011-07-21,20.22,14159,Germany,HomeGarden,685.63
INV005571,SKU0377,DeluxeWidgetC,87,2011-07-21,141.77,10843,UnitedKingdom,Electronics,683.99
INV005572,SKU0192,EliteWidgetG,86,2011-07-21,20.18,10218,UnitedKingdom,Toys,1564.94
INV005573,SKU0400,PremiumWidgetA,73,2011-07-21,52.94,18895,Australia,Sports,4166.52
INV005574,SKU0277,EliteWidgetG,47,2011-07-21,46.08,16028,France,Sports,287.41
INV005575,SKU0353,PremiumWidgetA,30,2011-07-21,130.02,10246,Netherlands,Clothing,641.32
INV005576,SKU0236,PremiumWidgetA,16,2011-07-21,61.8,15109,Netherlands,HomeGarden,1515.19
INV005577,SKU0424,BasicWidgetH,59,2011-07-21,19.04,18248,Australia,Books,2767.11
INV005578,SKU0220,PremiumWidgetA,47,2011-07-21,2.03,16124,Spain,Sports,3814.65
INV005579,SKU0067,BudgetWidgetE,30,2011-07-21,108.43,16325,Spain,Books,4606.04
INV005580,SKU0196,ClassicWidgetB,9,2011-07-21,107.32,16307,Spain,Books,2061.03
INV005581,SKU0255,EliteWidgetG,65,2011-07-21,62.96,11912,Germany,Books,530.07
INV005582,SKU0138,BudgetWidgetE,59,2011-07-21,19.38,14221,Germany,Food,1068.36
INV005583,SKU0311,DeluxeWidgetC,64,2011-07-21,56.06,17374,Germany,Electronics,1436.95
INV005584,SKU0434,BudgetWidgetE,8,2011-07-21,88.69,10266,UnitedKingdom,Books,3930.7
INV005585,SKU0148,StandardWidgetD,52,2011-07-21,105.74,13482,Belgium,Clothing,3433.53
INV005586,SKU0098,ProWidgetF,18,2011-07-21,12.2,19872,France,Food,1045.82
INV005587,SKU0075,PremiumWidgetA,91,2011-07-21,83.67,11531,Germany,Electronics,4193.89
INV005588,SKU0281,EliteWidgetG,82,2011-07-21,41.78,14564,Netherlands,Electronics,4295.92
INV005589,SKU0370,StandardWidgetD,96,2011-07-21,92.78,14228,UnitedKingdom,Sports,4412.31
INV005590,SKU0402,EliteWidgetG,58,2011-07-21,97.4,17155,Germany,HomeGarden,1375.75
INV005591,SKU0108,BasicWidgetH,49,2011-07-21,136.64,19211,Germany,HomeGarden,669.52
INV005592,SKU0187,ProWidgetF,32,2011-07-22,61.85,10317,Spain,Toys,520.68
INV005593,SKU0198,StandardWidgetD,48,2011-07-22,80.87,19792,Spain,Sports,2001.04
INV005594,SKU0302,EliteWidgetG,45,2011-07-22,40.6,10710,France,HomeGarden,2147.19
INV005595,SKU0326,DeluxeWidgetC,54,2011-07-22,43.34,18642,France,Books,4341.18
INV005596,SKU0153,PremiumWidgetA,85,2011-07-22,7.38,11743,UnitedKingdom,Clothing,1339.51
INV005597,SKU0039,StandardWidgetD,46,2011-07-22,43.27,11323,Netherlands,Books,3134.83
INV005598,SKU0132,DeluxeWidgetC,96,2011-07-22,10.04,12680,Australia,HomeGarden,3941.28
INV005599,SKU0404,PremiumWidgetA,31,2011-07-22,144.61,14237,Spain,HomeGarden,1346.5
INV005600,SKU0461,ClassicWidgetB,37,2011-07-22,93.83,13051,Netherlands,Food,1336.43
INV005601,SKU0131,DeluxeWidgetC,16,2011-07-22,26.39,14664,Belgium,Clothing,3346.11
INV005602,SKU0278,BudgetWidgetE,46,2011-07-22,17.96,12704,Spain,Electronics,3630.96
INV005603,SKU0361,EliteWidgetG,46,2011-07-22,55.83,15675,France,Electronics,4798.85
INV005604,SKU0083,BasicWidgetH,78,2011-07-22,46.49,16787,France,Clothing,4249.85
INV005605,SKU0398,PremiumWidgetA,88,2011-07-22,42.25,12640,Australia,Food,4110.43
INV005606,SKU0241,StandardWidgetD,89,2011-07-22,70.5,17376,Netherlands,Electronics,3461.88
INV005607,SKU0115,ProWidgetF,61,2011-07-22,136.97,18138,Netherlands,Food,593.31
INV005608,SKU0108,StandardWidgetD,46,2011-07-22,85.42,15362,Australia,HomeGarden,4046.4
INV005609,SKU0220,BudgetWidgetE,51,2011-07-22,78.42,10694,France,Electronics,4676.67
INV005610,SKU0391,EliteWidgetG,62,2011-07-22,121.08,14253,UnitedKingdom,HomeGarden,1954.2
INV005611,SKU0040,BudgetWidgetE,35,2011-07-22,1.1,18531,Netherlands,Sports,1569.0
INV005612,SKU0367,StandardWidgetD,81,2011-07-22,30.01,11768,Germany,Books,2612.89
INV005613,SKU0146,BasicWidgetH,42,2011-07-22,74.68,18283,Netherlands,Electronics,4782.32
INV005614,SKU0111,EliteWidgetG,45,2011-07-22,105.94,10171,Belgium,Sports,255.11
INV005615,SKU0102,ProWidgetF,68,2011-07-22,73.01,12749,Netherlands,Toys,3544.69
INV005616,SKU0045,PremiumWidgetA,75,2011-07-23,24.98,13102,Belgium,Electronics,4073.53
INV005617,SKU0411,EliteWidgetG,47,2011-07-23,139.53,10620,Netherlands,Sports,3943.96
INV005618,SKU0493,DeluxeWidgetC,79,2011-07-23,49.64,15214,France,Clothing,2834.31
INV005619,SKU0474,EliteWidgetG,30,2011-07-23,118.34,19180,Germany,Sports,4602.89
INV005620,SKU0323,BudgetWidgetE,24,2011-07-23,133.77,10076,Belgium,HomeGarden,673.48
INV005621,SKU0377,BudgetWidgetE,66,2011-07-23,52.29,12198,Netherlands,Clothing,1226.51
INV005622,SKU0270,BudgetWidgetE,43,2011-07-23,126.87,14237,UnitedKingdom,Food,1535.47
INV005623,SKU0482,ProWidgetF,34,2011-07-23,106.76,18422,Spain,Clothing,44.38
INV005624,SKU0420,EliteWidgetG,23,2011-07-23,135.69,16027,Belgium,HomeGarden,1853.98
INV005625,SKU0384,BasicWidgetH,61,2011-07-23,38.07,15855,Spain,Electronics,804.14
INV005626,SKU0194,BasicWidgetH,95,2011-07-23,139.73,12544,Germany,Clothing,3623.41
INV005627,SKU0366,EliteWidgetG,37,2011-07-23,10.26,12857,Australia,Electronics,2075.35
INV005628,SKU0279,BasicWidgetH,13,2011-07-23,119.15,11553,UnitedKingdom,Books,3522.59
INV005629,SKU0282,ClassicWidgetB,97,2011-07-23,65.63,16274,Australia,Food,1468.97
INV005630,SKU0039,ProWidgetF,71,2011-07-23,27.09,13740,Netherlands,Sports,660.46
INV005631,SKU0446,PremiumWidgetA,96,2011-07-23,12.37,19153,Belgium,Food,660.81
INV005632,SKU0188,PremiumWidgetA,7,2011-07-23,58.74,11627,France,Sports,1017.12
INV005633,SKU0163,PremiumWidgetA,42,2011-07-23,58.7,11074,Netherlands,HomeGarden,576.96
INV005634,SKU0481,PremiumWidgetA,38,2011-07-23,34.88,13204,Netherlands,HomeGarden,1103.51
INV005635,SKU0476,PremiumWidgetA,52,2011-07-23,32.72,11028,Australia,Toys,2895.59
INV005636,SKU0023,BasicWidgetH,44,2011-07-23,60.23,10647,Netherlands,Sports,1282.42
INV005637,SKU0023,StandardWidgetD,64,2011-07-23,61.81,15303,UnitedKingdom,Books,1715.39
INV005638,SKU0489,BudgetWidgetE,13,2011-07-23,66.63,13162,France,HomeGarden,264.62
INV005639,SKU0003,ProWidgetF,88,2011-07-23,130.38,10902,Australia,Books,4461.15
INV005640,SKU0322,StandardWidgetD,28,2011-07-24,91.88,14067,Germany,Toys,691.67
INV005641,SKU0289,ProWidgetF,96,2011-07-24,3.55,19695,Spain,HomeGarden,1743.98
INV005642,SKU0440,ClassicWidgetB,82,2011-07-24,78.11,15076,Netherlands,Clothing,1898.02
INV005643,SKU0432,EliteWidgetG,98,2011-07-24,114.49,12897,Spain,Toys,3860.86
INV005644,SKU0470,DeluxeWidgetC,98,2011-07-24,8.93,19537,Belgium,Electronics,2418.23
INV005645,SKU0180,BudgetWidgetE,1,2011-07-24,63.68,15562,Australia,Sports,1915.4
INV005646,SKU0247,ClassicWidgetB,43,2011-07-24,67.96,18173,Spain,Electronics,3479.68
INV005647,SKU0115,StandardWidgetD,42,2011-07-24,143.13,18681,Netherlands,Toys,2985.48
INV005648,SKU0278,DeluxeWidgetC,95,2011-07-24,71.61,15252,Belgium,Sports,391.59
INV005649,SKU0364,EliteWidgetG,50,2011-07-24,112.61,17851,Netherlands,Toys,1564.19
INV005650,SKU0068,ClassicWidgetB,60,2011-07-24,45.78,18617,Australia,HomeGarden,4893.06
INV005651,SKU0350,EliteWidgetG,1,2011-07-24,117.01,17228,UnitedKingdom,Electronics,2417.19
INV005652,SKU0253,EliteWidgetG,51,2011-07-24,48.74,15681,Germany,Toys,2121.54
INV005653,SKU0180,BasicWidgetH,16,2011-07-24,64.79,15595,Netherlands,Toys,750.45
INV005654,SKU0317,ProWidgetF,39,2011-07-24,72.18,17390,UnitedKingdom,Books,4195.51
INV005655,SKU0168,DeluxeWidgetC,15,2011-07-24,138.99,13991,Netherlands,Toys,667.41
INV005656,SKU0312,ProWidgetF,33,2011-07-24,8.49,19599,Netherlands,HomeGarden,526.31
INV005657,SKU0248,EliteWidgetG,87,2011-07-24,29.93,16462,UnitedKingdom,Toys,2195.56
INV005658,SKU0187,BasicWidgetH,53,2011-07-24,106.01,16368,Netherlands,Clothing,2183.8
INV005659,SKU0053,ClassicWidgetB,98,2011-07-24,86.85,18614,Germany,Electronics,4907.36
INV005660,SKU0325,EliteWidgetG,17,2011-07-24,38.1,19406,Spain,Electronics,638.54
INV005661,SKU0356,StandardWidgetD,89,2011-07-24,43.74,13942,Australia,Food,2419.65
INV005662,SKU0312,EliteWidgetG,6,2011-07-24,55.41,11800,Belgium,Clothing,1007.03
INV005663,SKU0137,ProWidgetF,31,2011-07-24,67.83,12377,Belgium,Sports,3509.12
INV005664,SKU0167,DeluxeWidgetC,69,2011-07-25,122.8,17323,Spain,HomeGarden,1959.04
INV005665,SKU0390,ClassicWidgetB,40,2011-07-25,2.57,12103,UnitedKingdom,Clothing,3242.69
INV005666,SKU0102,ProWidgetF,30,2011-07-25,134.75,11271,Spain,Toys,1692.72
INV005667,SKU0421,EliteWidgetG,69,2011-07-25,62.25,15020,France,Books,2823.17
INV005668,SKU0084,StandardWidgetD,76,2011-07-25,34.96,10434,Belgium,HomeGarden,2346.22
INV005669,SKU0316,BudgetWidgetE,7,2011-07-25,76.51,13598,Netherlands,Clothing,1872.45
INV005670,SKU0211,BasicWidgetH,13,2011-07-25,99.12,13771,Australia,Clothing,2688.09
INV005671,SKU0002,StandardWidgetD,4,2011-07-25,7.19,18726,Germany,Electronics,1919.61
INV005672,SKU0383,EliteWidgetG,50,2011-07-25,107.51,18572,Germany,Electronics,4030.29
INV005673,SKU0178,StandardWidgetD,3,2011-07-25,114.23,12150,France,Electronics,2476.69
INV005674,SKU0341,BasicWidgetH,12,2011-07-25,25.34,14124,Spain,Food,4515.73
INV005675,SKU0302,BudgetWidgetE,65,2011-07-25,25.6,15602,Germany,HomeGarden,1114.8
INV005676,SKU0451,StandardWidgetD,27,2011-07-25,30.97,15167,Spain,Toys,561.51
INV005677,SKU0475,BudgetWidgetE,50,2011-07-25,119.6,15486,Australia,Sports,1905.46
INV005678,SKU0331,EliteWidgetG,77,2011-07-25,41.16,14049,France,HomeGarden,919.11
INV005679,SKU0037,BudgetWidgetE,17,2011-07-25,119.49,10546,Spain,Electronics,1966.2
INV005680,SKU0498,ProWidgetF,72,2011-07-25,81.31,14422,UnitedKingdom,Electronics,1037.85
INV005681,SKU0419,ProWidgetF,32,2011-07-25,115.19,19943,Spain,HomeGarden,4341.21
INV005682,SKU0238,BudgetWidgetE,84,2011-07-25,83.27,14824,Spain,Toys,2839.95
INV005683,SKU0168,ClassicWidgetB,51,2011-07-25,50.7,13115,France,Toys,2488.45
INV005684,SKU0452,DeluxeWidgetC,17,2011-07-25,136.65,10218,UnitedKingdom,Clothing,3938.94
INV005685,SKU0396,ClassicWidgetB,34,2011-07-25,107.44,10125,Germany,Clothing,652.7
INV005686,SKU0342,BudgetWidgetE,35,2011-07-25,72.87,19520,Belgium,Electronics,4285.22
INV005687,SKU0313,DeluxeWidgetC,99,2011-07-25,95.8,19415,Australia,Food,2417.04
INV005688,SKU0305,ProWidgetF,24,2011-07-26,92.57,14180,Spain,Electronics,683.03
INV005689,SKU0029,DeluxeWidgetC,54,2011-07-26,54.04,15160,Netherlands,Sports,4097.24
INV005690,SKU0189,BudgetWidgetE,18,2011-07-26,63.85,12770,France,Toys,2304.42
INV005691,SKU0356,ProWidgetF,50,2011-07-26,48.08,19766,Germany,Clothing,3023.4
INV005692,SKU0024,DeluxeWidgetC,46,2011-07-26,149.93,11942,Spain,Sports,4468.15
INV005693,SKU0111,DeluxeWidgetC,48,2011-07-26,87.22,14457,Australia,Electronics,4453.57
INV005694,SKU0410,ClassicWidgetB,33,2011-07-26,14.26,11254,Netherlands,Toys,4464.2
INV005695,SKU0434,DeluxeWidgetC,87,2011-07-26,78.11,10987,France,Electronics,2085.17
INV005696,SKU0205,EliteWidgetG,89,2011-07-26,7.97,17237,Australia,Sports,3748.28
INV005697,SKU0184,BudgetWidgetE,27,2011-07-26,43.65,18111,Germany,Sports,1167.12
INV005698,SKU0381,PremiumWidgetA,1,2011-07-26,67.17,17955,Belgium,Electronics,4156.05
INV005699,SKU0495,PremiumWidgetA,85,2011-07-26,80.37,15353,Spain,Books,1709.27
INV005700,SKU0378,PremiumWidgetA,59,2011-07-26,146.44,19509,Spain,Electronics,2320.1
INV005701,SKU0046,BudgetWidgetE,10,2011-07-26,147.34,11371,Spain,Clothing,4457.07
INV005702,SKU0373,PremiumWidgetA,95,2011-07-26,15.16,10360,France,Toys,4028.89
INV005703,SKU0227,ClassicWidgetB,25,2011-07-26,80.95,18104,Spain,Toys,4762.6
INV005704,SKU0038,BudgetWidgetE,84,2011-07-26,122.66,18549,France,Food,1818.0
INV005705,SKU0015,EliteWidgetG,57,2011-07-26,36.04,17784,Spain,Electronics,756.28
INV005706,SKU0021,ProWidgetF,66,2011-07-26,112.71,18088,UnitedKingdom,HomeGarden,4552.14
INV005707,SKU0212,EliteWidgetG,15,2011-07-26,131.85,17729,Belgium,Electronics,2466.28
INV005708,SKU0309,BudgetWidgetE,28,2011-07-26,99.54,12783,Spain,Books,4447.11
INV005709,SKU0148,BudgetWidgetE,13,2011-07-26,49.49,10063,UnitedKingdom,Clothing,3660.64
INV005710,SKU0455,DeluxeWidgetC,14,2011-07-26,138.51,12228,France,Electronics,4374.14
INV005711,SKU0240,DeluxeWidgetC,66,2011-07-26,132.59,13849,Australia,Sports,3273.96
INV005712,SKU0271,DeluxeWidgetC,34,2011-07-27,107.52,16332,Germany,Food,4062.05
INV005713,SKU0058,BasicWidgetH,99,2011-07-27,54.87,13938,Netherlands,Clothing,602.56
INV005714,SKU0286,BasicWidgetH,25,2011-07-27,118.89,11515,UnitedKingdom,Clothing,4841.51
INV005715,SKU0425,StandardWidgetD,54,2011-07-27,47.76,18771,Germany,Books,905.72
INV005716,SKU0201,BasicWidgetH,79,2011-07-27,38.32,16313,Spain,Toys,123.49
INV005717,SKU0031,ClassicWidgetB,12,2011-07-27,77.49,17786,France,Sports,2654.51
INV005718,SKU0442,BudgetWidgetE,9,2011-07-27,149.57,12158,Germany,HomeGarden,3559.85
INV005719,SKU0161,EliteWidgetG,31,2011-07-27,120.75,12125,Germany,Electronics,3582.38
INV005720,SKU0254,BudgetWidgetE,78,2011-07-27,109.6,16396,Belgium,HomeGarden,1696.82
INV005721,SKU0253,DeluxeWidgetC,93,2011-07-27,68.08,12283,Belgium,Toys,3769.41
INV005722,SKU0008,BudgetWidgetE,53,2011-07-27,47.14,16236,Spain,Sports,4212.96
INV005723,SKU0464,ProWidgetF,43,2011-07-27,128.46,17809,Germany,Food,3050.45
INV005724,SKU0138,BasicWidgetH,38,2011-07-27,85.38,13105,France,Food,1930.57
INV005725,SKU0479,BudgetWidgetE,42,2011-07-27,122.08,13552,Belgium,Clothing,3068.26
INV005726,SKU0009,EliteWidgetG,72,2011-07-27,73.42,13475,UnitedKingdom,Books,4311.29
INV005727,SKU0213,PremiumWidgetA,48,2011-07-27,113.22,11838,Netherlands,Books,4502.46
INV005728,SKU0272,ProWidgetF,67,2011-07-27,130.23,18413,Australia,Clothing,158.55
INV005729,SKU0323,ProWidgetF,66,2011-07-27,59.01,18053,UnitedKingdom,Books,612.87
INV005730,SKU0047,BudgetWidgetE,16,2011-07-27,2.53,10895,Netherlands,HomeGarden,23.57
INV005731,SKU0435,StandardWidgetD,83,2011-07-27,38.61,15609,France,Toys,2462.72
INV005732,SKU0110,DeluxeWidgetC,94,2011-07-27,137.28,15913,Netherlands,Clothing,2182.52
INV005733,SKU0152,ClassicWidgetB,16,2011-07-27,103.29,13411,France,Electronics,2729.46
INV005734,SKU0122,ClassicWidgetB,31,2011-07-27,110.71,13008,Netherlands,Electronics,3418.55
INV005735,SKU0404,PremiumWidgetA,58,2011-07-27,49.13,19176,Belgium,Sports,1829.55
INV005736,SKU0356,ClassicWidgetB,28,2011-07-28,105.34,19824,UnitedKingdom,Toys,1043.68
INV005737,SKU0101,ClassicWidgetB,4,2011-07-28,97.12,13670,Spain,Toys,1974.71
INV005738,SKU0240,DeluxeWidgetC,10,2011-07-28,27.17,12890,Spain,Clothing,46.05
INV005739,SKU0320,BasicWidgetH,51,2011-07-28,145.32,16285,Spain,Toys,4147.4
INV005740,SKU0190,DeluxeWidgetC,18,2011-07-28,53.43,11408,France,HomeGarden,1919.25
INV005741,SKU0216,StandardWidgetD,47,2011-07-28,49.73,13872,Germany,Food,3114.32
INV005742,SKU0050,EliteWidgetG,32,2011-07-28,55.69,14677,Spain,Toys,1624.3
INV005743,SKU0291,PremiumWidgetA,30,2011-07-28,14.21,19527,France,Clothing,3074.45
INV005744,SKU0080,ClassicWidgetB,36,2011-07-28,93.93,17446,Belgium,Clothing,2702.64
INV005745,SKU0488,StandardWidgetD,9,2011-07-28,36.17,16489,France,HomeGarden,1043.59
INV005746,SKU0382,PremiumWidgetA,36,2011-07-28,120.6,13458,Netherlands,Books,3126.99
INV005747,SKU0087,ProWidgetF,29,2011-07-28,59.43,14397,France,HomeGarden,549.0
INV005748,SKU0193,ClassicWidgetB,16,2011-07-28,69.05,15883,Netherlands,Clothing,2405.95
INV005749,SKU0103,ClassicWidgetB,92,2011-07-28,97.14,18088,Belgium,Clothing,3599.67
INV005750,SKU0270,DeluxeWidgetC,21,2011-07-28,114.4,17406,UnitedKingdom,Clothing,2745.76
INV005751,SKU0095,BudgetWidgetE,64,2011-07-28,35.05,13600,France,Clothing,3731.61
INV005752,SKU0422,PremiumWidgetA,66,2011-07-28,144.96,17071,Germany,Sports,1366.54
INV005753,SKU0378,ClassicWidgetB,59,2011-07-28,93.54,15468,Germany,Food,245.04
INV005754,SKU0197,BasicWidgetH,99,2011-07-28,1.34,15007,UnitedKingdom,Books,280.8
INV005755,SKU0000,PremiumWidgetA,28,2011-07-28,62.64,19567,Belgium,Clothing,1344.36
INV005756,SKU0494,EliteWidgetG,55,2011-07-28,65.8,16297,Spain,Sports,2038.93
INV005757,SKU0406,BasicWidgetH,31,2011-07-28,121.47,19725,Germany,Toys,2687.99
INV005758,SKU0377,StandardWidgetD,33,2011-07-28,46.12,14690,Netherlands,Clothing,3788.55
INV005759,SKU0166,BasicWidgetH,87,2011-07-28,50.02,15686,France,Books,4198.21
INV005760,SKU0125,StandardWidgetD,60,2011-07-29,11.04,13496,Australia,Food,3468.71
INV005761,SKU0312,BudgetWidgetE,41,2011-07-29,42.89,13472,Belgium,Books,2316.58
INV005762,SKU0080,ClassicWidgetB,81,2011-07-29,107.69,17226,France,HomeGarden,1323.17
INV005763,SKU0417,BasicWidgetH,46,2011-07-29,95.4,19357,Belgium,Sports,2139.58
INV005764,SKU0250,EliteWidgetG,49,2011-07-29,12.67,14561,Belgium,Toys,1367.71
INV005765,SKU0168,DeluxeWidgetC,65,2011-07-29,17.65,17614,France,Books,3122.69
INV005766,SKU0476,ClassicWidgetB,42,2011-07-29,56.85,12358,Australia,Electronics,4091.22
INV005767,SKU0072,PremiumWidgetA,23,2011-07-29,111.69,18250,Spain,Clothing,2591.43
INV005768,SKU0140,ProWidgetF,27,2011-07-29,125.02,17257,Belgium,Books,230.15
INV005769,SKU0069,StandardWidgetD,89,2011-07-29,2.69,16213,Germany,Toys,4698.8
INV005770,SKU0261,PremiumWidgetA,32,2011-07-29,49.69,18376,Germany,Toys,1472.13
INV005771,SKU0339,BudgetWidgetE,83,2011-07-29,63.93,17605,France,Food,4572.64
INV005772,SKU0307,StandardWidgetD,88,2011-07-29,136.71,12619,Germany,Sports,4065.53
INV005773,SKU0244,DeluxeWidgetC,3,2011-07-29,75.46,19872,Belgium,Sports,2066.21
INV005774,SKU0002,StandardWidgetD,60,2011-07-29,40.82,10577,Belgium,Sports,284.46
INV005775,SKU0336,ProWidgetF,76,2011-07-29,58.81,15243,Netherlands,HomeGarden,4738.57
INV005776,SKU0062,BasicWidgetH,99,2011-07-29,65.75,18262,Belgium,Toys,3295.61
INV005777,SKU0048,EliteWidgetG,79,2011-07-29,100.66,10555,Netherlands,Clothing,1249.02
INV005778,SKU0075,BasicWidgetH,17,2011-07-29,6.64,10851,Australia,Electronics,2668.15
INV005779,SKU0367,ClassicWidgetB,32,2011-07-29,58.72,19410,Belgium,Sports,3177.22
INV005780,SKU0174,ProWidgetF,7,2011-07-29,97.16,13640,France,Clothing,1134.07
INV005781,SKU0108,EliteWidgetG,83,2011-07-29,42.86,11912,Spain,Sports,468.61
INV005782,SKU0182,ProWidgetF,71,2011-07-29,88.97,12730,Netherlands,Sports,1338.06
INV005783,SKU0191,ClassicWidgetB,69,2011-07-29,53.91,15419,UnitedKingdom,Toys,238.97
INV005784,SKU0064,StandardWidgetD,58,2011-07-30,113.93,12365,Germany,Electronics,350.86
INV005785,SKU0336,BudgetWidgetE,40,2011-07-30,9.56,17538,Spain,Clothing,783.77
INV005786,SKU0450,ClassicWidgetB,85,2011-07-30,137.74,10266,France,Sports,792.87
INV005787,SKU0473,ClassicWidgetB,48,2011-07-30,26.16,13916,Netherlands,Toys,1240.51
INV005788,SKU0270,EliteWidgetG,51,2011-07-30,24.2,17328,Australia,HomeGarden,4687.21
INV005789,SKU0099,DeluxeWidgetC,57,2011-07-30,126.18,19592,Netherlands,Sports,2879.52
INV005790,SKU0031,BasicWidgetH,71,2011-07-30,130.46,12326,UnitedKingdom,Toys,2113.1
INV005791,SKU0351,StandardWidgetD,37,2011-07-30,14.4,12801,Netherlands,Clothing,2819.43
INV005792,SKU0127,ClassicWidgetB,87,2011-07-30,136.35,15552,France,Books,29.55
INV005793,SKU0451,BudgetWidgetE,75,2011-07-30,41.36,12034,Australia,Sports,4473.84
INV005794,SKU0401,PremiumWidgetA,74,2011-07-30,92.98,17453,Belgium,HomeGarden,2662.03
INV005795,SKU0368,StandardWidgetD,85,2011-07-30,10.75,10984,Australia,HomeGarden,2258.8
INV005796,SKU0338,DeluxeWidgetC,55,2011-07-30,57.41,14099,UnitedKingdom,Sports,4708.07
INV005797,SKU0042,ProWidgetF,41,2011-07-30,67.88,16463,France,Clothing,3652.31
INV005798,SKU0371,ClassicWidgetB,97,2011-07-30,90.17,11075,UnitedKingdom,Food,1687.77
INV005799,SKU0418,BudgetWidgetE,20,2011-07-30,79.03,11023,UnitedKingdom,Sports,4680.85
INV005800,SKU0487,StandardWidgetD,33,2011-07-30,69.49,13897,UnitedKingdom,HomeGarden,4260.14
INV005801,SKU0077,BudgetWidgetE,40,2011-07-30,143.97,16970,Netherlands,Sports,4772.71
INV005802,SKU0313,BudgetWidgetE,99,2011-07-30,28.16,18471,Germany,HomeGarden,482.02
INV005803,SKU0288,BasicWidgetH,34,2011-07-30,24.12,11111,Netherlands,Books,4776.47
INV005804,SKU0269,EliteWidgetG,62,2011-07-30,107.16,19375,France,Sports,2714.87
INV005805,SKU0161,ProWidgetF,91,2011-07-30,11.65,15080,Spain,Electronics,3361.4
INV005806,SKU0188,DeluxeWidgetC,19,2011-07-30,72.69,17981,UnitedKingdom,Sports,1061.98
INV005807,SKU0246,BasicWidgetH,43,2011-07-30,72.87,12075,UnitedKingdom,HomeGarden,702.87
INV005808,SKU0387,StandardWidgetD,69,2011-07-31,46.85,13942,Germany,Food,397.86
INV005809,SKU0215,ClassicWidgetB,63,2011-07-31,139.6,10271,Australia,Clothing,2112.14
INV005810,SKU0314,DeluxeWidgetC,93,2011-07-31,42.74,19315,UnitedKingdom,HomeGarden,1107.53
INV005811,SKU0412,ClassicWidgetB,10,2011-07-31,43.62,19419,Netherlands,Books,409.03
INV005812,SKU0338,PremiumWidgetA,13,2011-07-31,35.53,10189,Belgium,Clothing,4775.38
INV005813,SKU0389,BudgetWidgetE,93,2011-07-31,22.3,18737,UnitedKingdom,Electronics,3667.22
INV005814,SKU0376,PremiumWidgetA,5,2011-07-31,54.92,14014,France,Electronics,2589.75
INV005815,SKU0480,EliteWidgetG,58,2011-07-31,102.29,18142,Belgium,Books,3716.99
INV005816,SKU0432,BudgetWidgetE,59,2011-07-31,111.45,14943,Germany,Books,3057.68
INV005817,SKU0167,ProWidgetF,76,2011-07-31,122.11,14866,Spain,Books,890.98
INV005818,SKU0338,DeluxeWidgetC,59,2011-07-31,30.03,10768,Australia,Toys,3167.55
INV005819,SKU0192,ClassicWidgetB,77,2011-07-31,5.83,15166,Spain,Books,3405.38
INV005820,SKU0452,BasicWidgetH,86,2011-07-31,146.22,19202,France,Sports,1188.12
INV005821,SKU0282,EliteWidgetG,15,2011-07-31,2.64,17589,Netherlands,HomeGarden,1601.4
INV005822,SKU0335,ProWidgetF,77,2011-07-31,144.12,14798,Spain,Toys,1917.12
INV005823,SKU0389,ClassicWidgetB,1,2011-07-31,124.41,10464,France,Sports,3013.13
INV005824,SKU0487,DeluxeWidgetC,38,2011-07-31,136.86,12600,Spain,Food,634.91
INV005825,SKU0012,StandardWidgetD,53,2011-07-31,58.38,10916,UnitedKingdom,Clothing,3717.65
INV005826,SKU0239,EliteWidgetG,52,2011-07-31,29.98,19644,Germany,Food,1730.78
INV005827,SKU0319,PremiumWidgetA,1,2011-07-31,91.17,16126,UnitedKingdom,Electronics,3459.17
INV005828,SKU0445,PremiumWidgetA,11,2011-07-31,111.32,17151,Germany,Food,4664.5
INV005829,SKU0482,BasicWidgetH,58,2011-07-31,20.06,10065,Netherlands,Electronics,4349.5
INV005830,SKU0146,ClassicWidgetB,40,2011-07-31,119.74,19917,France,Clothing,3688.17
INV005831,SKU0203,ClassicWidgetB,86,2011-07-31,31.68,19691,Spain,Electronics,967.44
INV005832,SKU0079,ClassicWidgetB,99,2011-08-01,74.01,11904,Germany,Food,3660.64
INV005833,SKU0378,EliteWidgetG,60,2011-08-01,128.54,17193,France,Books,3179.31
INV005834,SKU0042,DeluxeWidgetC,44,2011-08-01,29.42,14571,Belgium,Books,3862.96
INV005835,SKU0457,StandardWidgetD,6,2011-08-01,36.66,16716,Spain,Toys,4344.2
INV005836,SKU0088,PremiumWidgetA,28,2011-08-01,9.88,19078,Belgium,Books,1558.06
INV005837,SKU0147,ProWidgetF,31,2011-08-01,22.42,16973,Belgium,Clothing,3221.88
INV005838,SKU0094,BudgetWidgetE,8,2011-08-01,22.41,13808,Germany,HomeGarden,1376.42
INV005839,SKU0451,EliteWidgetG,5,2011-08-01,30.91,17565,UnitedKingdom,Clothing,1732.08
INV005840,SKU0427,EliteWidgetG,54,2011-08-01,43.29,17861,Germany,Food,2603.7
INV005841,SKU0150,DeluxeWidgetC,17,2011-08-01,122.34,11960,Germany,HomeGarden,2171.38
INV005842,SKU0001,PremiumWidgetA,38,2011-08-01,137.41,12747,Australia,Electronics,3003.55
INV005843,SKU0375,BasicWidgetH,9,2011-08-01,61.24,10043,Spain,Toys,3794.05
INV005844,SKU0021,StandardWidgetD,74,2011-08-01,19.67,13842,Spain,Food,3025.5
INV005845,SKU0370,DeluxeWidgetC,84,2011-08-01,33.96,14705,Belgium,Electronics,4849.03
INV005846,SKU0312,ProWidgetF,78,2011-08-01,110.56,11888,Netherlands,Electronics,3690.86
INV005847,SKU0484,PremiumWidgetA,14,2011-08-01,101.78,13898,Spain,HomeGarden,4925.07
INV005848,SKU0327,DeluxeWidgetC,26,2011-08-01,145.1,15883,UnitedKingdom,Electronics,3717.46
INV005849,SKU0006,PremiumWidgetA,93,2011-08-01,2.67,18911,UnitedKingdom,Clothing,2540.09
INV005850,SKU0205,PremiumWidgetA,62,2011-08-01,112.74,10690,France,Food,2055.62
INV005851,SKU0439,BasicWidgetH,91,2011-08-01,76.12,16842,Germany,HomeGarden,3678.57
INV005852,SKU0374,EliteWidgetG,25,2011-08-01,135.45,18301,Germany,Books,3435.93
INV005853,SKU0450,StandardWidgetD,80,2011-08-01,86.64,14558,Spain,Food,3344.15
INV005854,SKU0113,EliteWidgetG,36,2011-08-01,67.28,18706,Germany,HomeGarden,3609.2
INV005855,SKU0271,BudgetWidgetE,98,2011-08-01,100.04,17720,UnitedKingdom,Food,4360.99
INV005856,SKU0082,StandardWidgetD,80,2011-08-02,125.11,18828,Australia,Clothing,1139.57
INV005857,SKU0178,PremiumWidgetA,33,2011-08-02,42.73,13328,France,Toys,2824.91
INV005858,SKU0209,DeluxeWidgetC,3,2011-08-02,16.58,15312,Germany,Clothing,3016.9
INV005859,SKU0499,ProWidgetF,87,2011-08-02,65.24,10626,Australia,Clothing,1464.99
INV005860,SKU0463,BasicWidgetH,11,2011-08-02,32.57,10069,Spain,Electronics,4939.76
INV005861,SKU0327,StandardWidgetD,58,2011-08-02,64.72,17549,Netherlands,Food,3927.9
INV005862,SKU0123,BudgetWidgetE,64,2011-08-02,148.66,15613,UnitedKingdom,Toys,1607.01
INV005863,SKU0480,PremiumWidgetA,18,2011-08-02,86.33,14319,Netherlands,Books,1792.81
INV005864,SKU0112,ProWidgetF,47,2011-08-02,104.19,15961,UnitedKingdom,Toys,3591.57
INV005865,SKU0011,StandardWidgetD,44,2011-08-02,101.85,13977,France,Books,58.46
INV005866,SKU0125,EliteWidgetG,93,2011-08-02,123.19,17500,Spain,Sports,2320.74
INV005867,SKU0052,EliteWidgetG,59,2011-08-02,141.65,18059,Netherlands,Toys,1716.21
INV005868,SKU0330,StandardWidgetD,50,2011-08-02,98.99,16784,France,Toys,4270.16
INV005869,SKU0388,StandardWidgetD,69,2011-08-02,71.68,11634,Belgium,Food,3956.68
INV005870,SKU0282,StandardWidgetD,88,2011-08-02,48.02,12543,Belgium,Clothing,1661.15
INV005871,SKU0139,ProWidgetF,29,2011-08-02,54.36,17353,France,Toys,4324.12
INV005872,SKU0400,EliteWidgetG,93,2011-08-02,50.5,10768,France,Electronics,4568.09
INV005873,SKU0389,DeluxeWidgetC,90,2011-08-02,49.01,15764,Netherlands,Food,2762.74
INV005874,SKU0096,BudgetWidgetE,67,2011-08-02,104.35,12603,Netherlands,HomeGarden,797.03
INV005875,SKU0004,BudgetWidgetE,2,2011-08-02,88.36,10991,Netherlands,Electronics,3851.87
INV005876,SKU0056,BasicWidgetH,25,2011-08-02,30.7,19920,Belgium,Clothing,1597.4
INV005877,SKU0411,PremiumWidgetA,19,2011-08-02,145.46,19721,Belgium,Electronics,2636.88
INV005878,SKU0333,ClassicWidgetB,40,2011-08-02,64.44,10488,Germany,Toys,228.9
INV005879,SKU0068,DeluxeWidgetC,2,2011-08-02,85.13,18179,France,Clothing,2500.95
INV005880,SKU0117,EliteWidgetG,83,2011-08-03,105.54,14152,Spain,Food,1901.94
INV005881,SKU0375,PremiumWidgetA,65,2011-08-03,92.24,10511,Germany,Toys,3430.64
INV005882,SKU0058,BasicWidgetH,62,2011-08-03,47.0,15697,UnitedKingdom,HomeGarden,204.88
INV005883,SKU0032,PremiumWidgetA,91,2011-08-03,119.76,10734,Belgium,HomeGarden,3125.1
INV005884,SKU0317,StandardWidgetD,54,2011-08-03,16.97,15678,Netherlands,Books,3860.01
INV005885,SKU0049,ClassicWidgetB,45,2011-08-03,85.56,13309,Spain,Toys,64.88
INV005886,SKU0367,EliteWidgetG,49,2011-08-03,41.36,18562,Australia,Sports,3750.07
INV005887,SKU0488,ClassicWidgetB,99,2011-08-03,92.56,14701,UnitedKingdom,Electronics,651.89
INV005888,SKU0018,DeluxeWidgetC,69,2011-08-03,33.09,11859,France,Sports,3490.58
INV005889,SKU0213,ClassicWidgetB,38,2011-08-03,115.94,17719,Belgium,Electronics,2276.93
INV005890,SKU0196,PremiumWidgetA,4,2011-08-03,34.52,10916,Belgium,Books,2760.4
INV005891,SKU0378,ClassicWidgetB,17,2011-08-03,133.61,16909,France,Books,1687.4
INV005892,SKU0449,ClassicWidgetB,53,2011-08-03,129.3,17264,Spain,HomeGarden,1228.09
INV005893,SKU0477,BudgetWidgetE,85,2011-08-03,54.68,16681,Germany,Food,356.17
INV005894,SKU0046,EliteWidgetG,53,2011-08-03,58.18,12662,Belgium,Food,4323.59
INV005895,SKU0166,EliteWidgetG,31,2011-08-03,105.37,14692,Netherlands,HomeGarden,3052.54
INV005896,SKU0451,PremiumWidgetA,22,2011-08-03,14.01,19429,Belgium,Toys,4914.01
INV005897,SKU0288,ProWidgetF,11,2011-08-03,12.6,11335,Spain,HomeGarden,4252.41
INV005898,SKU0140,ClassicWidgetB,34,2011-08-03,20.88,15050,Netherlands,Toys,4348.3
INV005899,SKU0083,ClassicWidgetB,15,2011-08-03,84.59,10761,Belgium,Electronics,2989.65
INV005900,SKU0181,StandardWidgetD,10,2011-08-03,22.78,12131,UnitedKingdom,Toys,405.63
INV005901,SKU0390,EliteWidgetG,96,2011-08-03,42.0,14814,Spain,Food,4567.07
INV005902,SKU0078,ClassicWidgetB,53,2011-08-03,97.21,19140,UnitedKingdom,Sports,590.31
INV005903,SKU0214,EliteWidgetG,48,2011-08-03,2.84,10301,UnitedKingdom,Food,2586.21
INV005904,SKU0013,ClassicWidgetB,31,2011-08-04,27.45,17740,Australia,Sports,4284.42
INV005905,SKU0214,BudgetWidgetE,37,2011-08-04,139.52,13694,Australia,HomeGarden,2362.57
INV005906,SKU0402,PremiumWidgetA,28,2011-08-04,99.7,12701,France,Books,829.19
INV005907,SKU0127,EliteWidgetG,31,2011-08-04,46.18,19667,Belgium,Sports,1866.61
INV005908,SKU0309,DeluxeWidgetC,70,2011-08-04,7.27,18805,France,Books,4941.95
INV005909,SKU0476,PremiumWidgetA,14,2011-08-04,88.11,16214,France,HomeGarden,4998.8
INV005910,SKU0247,StandardWidgetD,87,2011-08-04,33.82,15644,Spain,Electronics,3554.46
INV005911,SKU0403,PremiumWidgetA,16,2011-08-04,144.05,15520,Netherlands,Toys,4440.07
INV005912,SKU0028,ClassicWidgetB,25,2011-08-04,103.2,10668,France,Clothing,221.99
INV005913,SKU0279,StandardWidgetD,39,2011-08-04,146.13,12128,Germany,Sports,1380.58
INV005914,SKU0337,PremiumWidgetA,66,2011-08-04,127.41,16738,UnitedKingdom,Toys,1845.43
INV005915,SKU0318,BasicWidgetH,38,2011-08-04,72.71,10217,Spain,Toys,60.98
INV005916,SKU0201,StandardWidgetD,41,2011-08-04,100.6,18940,Netherlands,HomeGarden,1885.43
INV005917,SKU0360,BasicWidgetH,98,2011-08-04,121.91,14220,Belgium,HomeGarden,466.06
INV005918,SKU0056,DeluxeWidgetC,40,2011-08-04,86.94,18392,Australia,Toys,2587.53
INV005919,SKU0391,PremiumWidgetA,64,2011-08-04,9.69,12621,UnitedKingdom,Sports,23.09
INV005920,SKU0217,EliteWidgetG,89,2011-08-04,70.83,15139,France,Clothing,1352.98
INV005921,SKU0061,EliteWidgetG,16,2011-08-04,20.02,10721,Australia,Food,4331.55
INV005922,SKU0156,ProWidgetF,82,2011-08-04,107.37,19143,Australia,Electronics,1066.08
INV005923,SKU0201,ClassicWidgetB,77,2011-08-04,102.25,11881,Australia,Sports,325.15
INV005924,SKU0016,BasicWidgetH,59,2011-08-04,148.94,11432,Spain,Toys,1249.4
INV005925,SKU0321,StandardWidgetD,91,2011-08-04,94.51,15181,UnitedKingdom,Electronics,4137.97
INV005926,SKU0005,ProWidgetF,98,2011-08-04,120.12,12320,Netherlands,HomeGarden,2936.35
INV005927,SKU0057,ProWidgetF,11,2011-08-04,40.61,16950,UnitedKingdom,Toys,2930.79
INV005928,SKU0324,BudgetWidgetE,1,2011-08-05,51.33,19968,Germany,Toys,3.87
INV005929,SKU0411,BasicWidgetH,13,2011-08-05,137.6,17177,France,Sports,2361.28
INV005930,SKU0317,StandardWidgetD,30,2011-08-05,113.4,18890,Spain,Electronics,1328.82
INV005931,SKU0168,ProWidgetF,69,2011-08-05,98.46,10621,Netherlands,Books,1681.71
INV005932,SKU0452,BudgetWidgetE,18,2011-08-05,38.48,10459,Spain,Books,2993.83
INV005933,SKU0081,ProWidgetF,78,2011-08-05,104.94,19276,Netherlands,Books,4371.82
INV005934,SKU0473,ClassicWidgetB,13,2011-08-05,133.07,17225,France,Toys,909.1
INV005935,SKU0467,DeluxeWidgetC,32,2011-08-05,35.0,18491,Belgium,Food,3841.34
INV005936,SKU0424,BasicWidgetH,71,2011-08-05,106.07,19467,Germany,Electronics,245.46
INV005937,SKU0432,BudgetWidgetE,72,2011-08-05,59.36,19622,Australia,Books,1634.32
INV005938,SKU0218,DeluxeWidgetC,50,2011-08-05,18.26,18141,France,HomeGarden,1095.34
INV005939,SKU0176,StandardWidgetD,71,2011-08-05,114.64,15375,Australia,Toys,4578.0
INV005940,SKU0203,ClassicWidgetB,80,2011-08-05,25.49,13452,France,Food,890.81
INV005941,SKU0070,BudgetWidgetE,31,2011-08-05,38.31,17312,UnitedKingdom,Food,2893.58
INV005942,SKU0386,StandardWidgetD,51,2011-08-05,117.55,15925,Spain,Electronics,824.75
INV005943,SKU0265,ProWidgetF,27,2011-08-05,111.45,11821,Germany,Food,2367.95
INV005944,SKU0097,EliteWidgetG,60,2011-08-05,38.5,16431,Spain,HomeGarden,2067.59
INV005945,SKU0344,PremiumWidgetA,33,2011-08-05,141.17,10988,Germany,Clothing,207.74
INV005946,SKU0290,StandardWidgetD,53,2011-08-05,32.69,18405,France,Electronics,4129.51
INV005947,SKU0207,DeluxeWidgetC,93,2011-08-05,149.05,10531,Germany,Books,3900.78
INV005948,SKU0001,ClassicWidgetB,72,2011-08-05,110.82,12917,Australia,Books,1390.01
INV005949,SKU0123,ClassicWidgetB,33,2011-08-05,59.18,16885,Germany,Toys,3070.36
INV005950,SKU0279,StandardWidgetD,41,2011-08-05,19.99,13619,Germany,Clothing,1813.99
INV005951,SKU0073,ProWidgetF,19,2011-08-05,48.42,16564,Spain,Toys,3846.37
INV005952,SKU0165,PremiumWidgetA,85,2011-08-06,29.46,13060,Germany,Sports,3462.73
INV005953,SKU0021,BasicWidgetH,41,2011-08-06,93.47,19800,Belgium,Clothing,453.24
INV005954,SKU0153,DeluxeWidgetC,85,2011-08-06,53.85,12524,Netherlands,Books,4221.1
INV005955,SKU0426,StandardWidgetD,89,2011-08-06,44.6,10689,Belgium,Books,897.95
INV005956,SKU0438,StandardWidgetD,42,2011-08-06,113.69,11100,France,Sports,871.37
INV005957,SKU0294,EliteWidgetG,23,2011-08-06,34.97,18310,UnitedKingdom,Food,3669.0
INV005958,SKU0218,ClassicWidgetB,75,2011-08-06,88.24,15301,UnitedKingdom,Clothing,917.07
INV005959,SKU0156,DeluxeWidgetC,33,2011-08-06,29.59,18697,Netherlands,HomeGarden,612.86
INV005960,SKU0494,PremiumWidgetA,20,2011-08-06,107.36,17817,Spain,Clothing,1678.58
INV005961,SKU0229,ClassicWidgetB,25,2011-08-06,93.96,12200,Netherlands,HomeGarden,4193.72
INV005962,SKU0019,StandardWidgetD,90,2011-08-06,119.82,19233,UnitedKingdom,Books,884.87
INV005963,SKU0474,ClassicWidgetB,52,2011-08-06,10.74,10496,Australia,Books,1696.03
INV005964,SKU0040,ClassicWidgetB,12,2011-08-06,31.91,14174,UnitedKingdom,Clothing,1431.98
INV005965,SKU0437,BudgetWidgetE,32,2011-08-06,23.59,18250,UnitedKingdom,Books,1780.95
INV005966,SKU0147,ClassicWidgetB,33,2011-08-06,28.99,15530,Belgium,Toys,3571.64
INV005967,SKU0107,ProWidgetF,74,2011-08-06,15.9,16969,France,Food,2027.92
INV005968,SKU0402,ClassicWidgetB,68,2011-08-06,84.53,11653,UnitedKingdom,Toys,3798.12
INV005969,SKU0083,BasicWidgetH,15,2011-08-06,89.22,17246,UnitedKingdom,Food,3202.38
INV005970,SKU0482,ProWidgetF,51,2011-08-06,126.6,19898,Belgium,Food,1806.13
INV005971,SKU0366,DeluxeWidgetC,6,2011-08-06,62.95,10243,Germany,Toys,2161.77
INV005972,SKU0321,ClassicWidgetB,91,2011-08-06,80.09,12255,Netherlands,Sports,3518.41
INV005973,SKU0413,PremiumWidgetA,69,2011-08-06,148.7,16999,Belgium,Electronics,2674.24
INV005974,SKU0308,ProWidgetF,69,2011-08-06,80.01,19866,UnitedKingdom,HomeGarden,4341.83
INV005975,SKU0289,ProWidgetF,82,2011-08-06,86.25,16743,UnitedKingdom,Books,4665.98
INV005976,SKU0405,StandardWidgetD,92,2011-08-07,149.39,12692,Australia,Food,3588.82
INV005977,SKU0322,DeluxeWidgetC,35,2011-08-07,149.12,16073,Belgium,Food,4946.05
INV005978,SKU0133,ClassicWidgetB,86,2011-08-07,63.89,18230,UnitedKingdom,HomeGarden,2983.09
INV005979,SKU0206,EliteWidgetG,34,2011-08-07,95.42,13247,France,Food,200.11
INV005980,SKU0282,PremiumWidgetA,63,2011-08-07,72.38,16621,Spain,Clothing,2524.76
INV005981,SKU0265,StandardWidgetD,68,2011-08-07,108.25,11615,Australia,Sports,1150.82
INV005982,SKU0072,DeluxeWidgetC,18,2011-08-07,140.79,10019,UnitedKingdom,HomeGarden,1669.23
INV005983,SKU0480,BasicWidgetH,26,2011-08-07,46.79,10220,Spain,Books,2450.86
INV005984,SKU0351,ProWidgetF,86,2011-08-07,122.92,13771,France,Electronics,1475.96
INV005985,SKU0047,PremiumWidgetA,97,2011-08-07,98.4,17321,Netherlands,Toys,1548.8
INV005986,SKU0325,BasicWidgetH,61,2011-08-07,42.39,16606,UnitedKingdom,Sports,2010.68
INV005987,SKU0232,ClassicWidgetB,78,2011-08-07,119.7,17576,Netherlands,Food,1433.0
INV005988,SKU0442,EliteWidgetG,95,2011-08-07,64.36,18442,UnitedKingdom,Clothing,848.34
INV005989,SKU0099,BudgetWidgetE,74,2011-08-07,18.5,17828,Australia,Books,3828.04
INV005990,SKU0058,BudgetWidgetE,88,2011-08-07,149.02,10506,Australia,Sports,1976.66
INV005991,SKU0257,DeluxeWidgetC,85,2011-08-07,64.13,14741,Spain,Food,4158.95
INV005992,SKU0412,EliteWidgetG,48,2011-08-07,81.46,19060,France,Books,4413.7
INV005993,SKU0451,PremiumWidgetA,72,2011-08-07,121.29,14587,Germany,Clothing,3755.07
INV005994,SKU0064,StandardWidgetD,96,2011-08-07,144.15,16438,Belgium,Clothing,1983.97
INV005995,SKU0082,PremiumWidgetA,31,2011-08-07,131.0,16600,Spain,Electronics,3606.89
INV005996,SKU0153,EliteWidgetG,34,2011-08-07,79.0,19361,Spain,Food,776.95
INV005997,SKU0472,BasicWidgetH,87,2011-08-07,82.08,15357,France,Food,3305.92
INV005998,SKU0265,ProWidgetF,89,2011-08-07,42.49,10739,UnitedKingdom,Sports,2030.75
INV005999,SKU0308,BudgetWidgetE,7,2011-08-07,69.69,19982,Netherlands,Electronics,3278.57
INV006000,SKU0078,DeluxeWidgetC,83,2011-08-08,142.05,18615,Netherlands,Electronics,3774.2
INV006001,SKU0314,ClassicWidgetB,7,2011-08-08,109.18,13055,UnitedKingdom,Food,2813.87
INV006002,SKU0149,PremiumWidgetA,47,2011-08-08,2.28,14387,Germany,Electronics,3212.75
INV006003,SKU0434,BudgetWidgetE,8,2011-08-08,17.92,12203,Germany,Toys,1068.43
INV006004,SKU0047,StandardWidgetD,78,2011-08-08,138.61,13922,Germany,Food,2963.91
INV006005,SKU0404,DeluxeWidgetC,1,2011-08-08,127.38,11957,UnitedKingdom,HomeGarden,2302.91
INV006006,SKU0378,ClassicWidgetB,77,2011-08-08,73.18,15326,Belgium,Clothing,2140.84
INV006007,SKU0247,PremiumWidgetA,3,2011-08-08,92.74,11789,Australia,Electronics,2052.17
INV006008,SKU0277,StandardWidgetD,53,2011-08-08,43.8,16401,Spain,HomeGarden,1555.31
INV006009,SKU0355,ClassicWidgetB,92,2011-08-08,119.03,10584,Australia,HomeGarden,1527.37
INV006010,SKU0097,ProWidgetF,38,2011-08-08,90.7,16178,UnitedKingdom,HomeGarden,3498.83
INV006011,SKU0413,BudgetWidgetE,51,2011-08-08,104.38,13200,Australia,Electronics,2789.44
INV006012,SKU0024,ProWidgetF,15,2011-08-08,56.55,11342,Belgium,HomeGarden,150.73
INV006013,SKU0492,BudgetWidgetE,67,2011-08-08,64.85,14190,Germany,Electronics,243.58
INV006014,SKU0283,StandardWidgetD,64,2011-08-08,31.55,19400,Australia,Sports,2851.02
INV006015,SKU0448,BasicWidgetH,68,2011-08-08,142.23,14785,UnitedKingdom,Clothing,4231.57
INV006016,SKU0368,ProWidgetF,5,2011-08-08,142.01,19357,Spain,Books,220.85
INV006017,SKU0300,BudgetWidgetE,90,2011-08-08,122.75,14756,Australia,Electronics,2536.53
INV006018,SKU0067,DeluxeWidgetC,89,2011-08-08,140.37,16025,Australia,Clothing,4255.83
INV006019,SKU0006,StandardWidgetD,10,2011-08-08,99.97,17455,Australia,Electronics,23.24
INV006020,SKU0304,BudgetWidgetE,8,2011-08-08,35.58,11062,Australia,Toys,1379.69
INV006021,SKU0136,PremiumWidgetA,12,2011-08-08,114.15,18717,Spain,Sports,4599.68
INV006022,SKU0163,BudgetWidgetE,64,2011-08-08,49.13,14502,UnitedKingdom,Food,408.27
INV006023,SKU0082,ProWidgetF,59,2011-08-08,66.35,19574,France,Clothing,3035.38
INV006024,SKU0384,DeluxeWidgetC,67,2011-08-09,41.52,14981,Australia,Clothing,2537.4
INV006025,SKU0137,ClassicWidgetB,91,2011-08-09,63.83,16612,France,HomeGarden,759.25
INV006026,SKU0419,BasicWidgetH,50,2011-08-09,102.06,14968,Spain,Food,213.39
INV006027,SKU0072,ClassicWidgetB,23,2011-08-09,17.04,16066,UnitedKingdom,Electronics,2513.43
INV006028,SKU0236,BudgetWidgetE,40,2011-08-09,16.23,15400,Netherlands,Electronics,3675.92
INV006029,SKU0045,ClassicWidgetB,97,2011-08-09,102.72,15684,Belgium,Books,887.04
INV006030,SKU0105,BudgetWidgetE,78,2011-08-09,117.05,16838,France,HomeGarden,3456.91
INV006031,SKU0415,DeluxeWidgetC,87,2011-08-09,82.94,17353,UnitedKingdom,Food,2732.37
INV006032,SKU0287,ClassicWidgetB,95,2011-08-09,27.66,11987,Netherlands,HomeGarden,1789.87
INV006033,SKU0261,ProWidgetF,77,2011-08-09,64.9,14067,Australia,Books,3322.49
INV006034,SKU0175,ProWidgetF,76,2011-08-09,113.85,15068,Spain,HomeGarden,960.69
INV006035,SKU0165,PremiumWidgetA,99,2011-08-09,103.02,14104,Spain,HomeGarden,2285.2
INV006036,SKU0144,BudgetWidgetE,18,2011-08-09,16.92,18877,UnitedKingdom,Sports,2746.98
INV006037,SKU0329,ClassicWidgetB,21,2011-08-09,145.39,17806,Germany,Toys,2294.02
INV006038,SKU0369,ProWidgetF,1,2011-08-09,33.89,16654,Netherlands,Clothing,1988.11
INV006039,SKU0282,EliteWidgetG,38,2011-08-09,33.45,13734,Germany,Food,3704.83
INV006040,SKU0053,DeluxeWidgetC,41,2011-08-09,69.25,16804,Spain,Books,3280.85
INV006041,SKU0177,BasicWidgetH,42,2011-08-09,49.42,11241,Spain,Sports,3197.67
INV006042,SKU0418,DeluxeWidgetC,9,2011-08-09,147.61,13500,Australia,Toys,4459.11
INV006043,SKU0243,EliteWidgetG,23,2011-08-09,11.94,19853,Australia,Sports,4967.51
INV006044,SKU0340,EliteWidgetG,78,2011-08-09,46.31,15730,France,Sports,2836.46
INV006045,SKU0126,PremiumWidgetA,11,2011-08-09,57.72,15530,Spain,HomeGarden,1741.99
INV006046,SKU0408,DeluxeWidgetC,71,2011-08-09,74.27,13261,Australia,Toys,3894.6
INV006047,SKU0411,DeluxeWidgetC,31,2011-08-09,2.95,17264,France,Toys,711.35
INV006048,SKU0366,ClassicWidgetB,88,2011-08-10,12.81,13843,Netherlands,Books,2565.03
INV006049,SKU0270,BudgetWidgetE,26,2011-08-10,39.04,14825,Germany,HomeGarden,2623.02
INV006050,SKU0131,StandardWidgetD,30,2011-08-10,83.32,11981,Netherlands,HomeGarden,4917.36
INV006051,SKU0092,BasicWidgetH,34,2011-08-10,115.28,10647,Belgium,Sports,4955.04
INV006052,SKU0378,DeluxeWidgetC,46,2011-08-10,103.13,13923,Germany,Electronics,3996.27
INV006053,SKU0072,BasicWidgetH,69,2011-08-10,85.27,11982,UnitedKingdom,Books,2365.61
INV006054,SKU0410,BasicWidgetH,5,2011-08-10,59.89,15255,Netherlands,Books,2736.58
INV006055,SKU0409,BasicWidgetH,61,2011-08-10,130.67,12019,Belgium,Sports,1599.39
INV006056,SKU0402,DeluxeWidgetC,83,2011-08-10,69.24,19014,UnitedKingdom,Sports,4149.4
INV006057,SKU0247,StandardWidgetD,38,2011-08-10,45.24,14674,Germany,Food,3732.98
INV006058,SKU0347,DeluxeWidgetC,28,2011-08-10,94.59,18071,Spain,Clothing,3857.36
INV006059,SKU0272,ClassicWidgetB,26,2011-08-10,103.97,16980,Spain,Sports,694.24
INV006060,SKU0042,ClassicWidgetB,61,2011-08-10,60.07,12832,France,HomeGarden,1993.77
INV006061,SKU0376,StandardWidgetD,23,2011-08-10,4.71,19212,Netherlands,Food,2687.22
INV006062,SKU0040,ProWidgetF,46,2011-08-10,14.57,19273,Netherlands,Sports,624.17
INV006063,SKU0169,DeluxeWidgetC,30,2011-08-10,126.92,17102,France,Books,1843.75
INV006064,SKU0433,ProWidgetF,67,2011-08-10,8.95,15991,France,Electronics,438.08
INV006065,SKU0211,BasicWidgetH,92,2011-08-10,89.01,14208,Australia,Electronics,4794.25
INV006066,SKU0492,DeluxeWidgetC,33,2011-08-10,27.96,13675,Belgium,HomeGarden,3756.57
INV006067,SKU0167,BudgetWidgetE,3,2011-08-10,34.72,11779,Spain,Electronics,3104.12
INV006068,SKU0038,DeluxeWidgetC,69,2011-08-10,41.36,14696,Australia,Sports,1025.08
INV006069,SKU0368,ClassicWidgetB,83,2011-08-10,6.22,14537,Germany,Electronics,1671.3
INV006070,SKU0244,PremiumWidgetA,42,2011-08-10,27.0,18419,Spain,Sports,723.28
INV006071,SKU0150,EliteWidgetG,62,2011-08-10,97.75,10873,Netherlands,Toys,2681.06
INV006072,SKU0110,PremiumWidgetA,58,2011-08-11,75.06,14766,France,Clothing,4102.76
INV006073,SKU0479,PremiumWidgetA,57,2011-08-11,119.7,13428,France,Books,96.16
INV006074,SKU0435,PremiumWidgetA,1,2011-08-11,9.66,19483,Belgium,Toys,517.44
INV006075,SKU0046,EliteWidgetG,73,2011-08-11,133.39,15604,Spain,HomeGarden,1147.52
INV006076,SKU0062,ProWidgetF,60,2011-08-11,149.46,19219,UnitedKingdom,Clothing,3570.62
INV006077,SKU0224,EliteWidgetG,69,2011-08-11,2.85,13549,Belgium,Electronics,4470.01
INV006078,SKU0365,ProWidgetF,59,2011-08-11,145.16,18312,Belgium,HomeGarden,3765.31
INV006079,SKU0068,EliteWidgetG,46,2011-08-11,35.76,18933,Australia,Food,2625.21
INV006080,SKU0298,EliteWidgetG,34,2011-08-11,104.04,13881,Spain,Sports,526.46
INV006081,SKU0431,DeluxeWidgetC,97,2011-08-11,44.23,19701,Spain,Clothing,3774.82
INV006082,SKU0289,ProWidgetF,25,2011-08-11,78.51,19434,UnitedKingdom,Books,529.09
INV006083,SKU0295,DeluxeWidgetC,42,2011-08-11,76.81,14789,France,Books,1739.1
INV006084,SKU0202,BudgetWidgetE,29,2011-08-11,54.49,17445,Netherlands,Clothing,1540.65
INV006085,SKU0060,DeluxeWidgetC,25,2011-08-11,107.77,14352,Netherlands,Clothing,1796.76
INV006086,SKU0433,PremiumWidgetA,54,2011-08-11,90.15,17471,UnitedKingdom,Clothing,1648.32
INV006087,SKU0450,StandardWidgetD,73,2011-08-11,76.49,17059,Belgium,Electronics,3846.13
INV006088,SKU0317,StandardWidgetD,67,2011-08-11,147.43,15649,Australia,Toys,859.45
INV006089,SKU0313,ClassicWidgetB,15,2011-08-11,141.03,19904,Germany,Toys,4229.38
INV006090,SKU0160,ClassicWidgetB,4,2011-08-11,143.34,15008,Spain,Toys,4291.44
INV006091,SKU0330,BasicWidgetH,38,2011-08-11,132.26,17317,Netherlands,Books,2455.14
INV006092,SKU0015,DeluxeWidgetC,20,2011-08-11,38.65,18785,Germany,Food,531.64
INV006093,SKU0337,EliteWidgetG,23,2011-08-11,52.82,11033,Spain,Books,2877.46
INV006094,SKU0093,EliteWidgetG,37,2011-08-11,35.04,10211,Australia,Electronics,4104.84
INV006095,SKU0303,StandardWidgetD,62,2011-08-11,147.93,16057,UnitedKingdom,HomeGarden,1448.08
INV006096,SKU0137,PremiumWidgetA,8,2011-08-12,23.32,19597,Belgium,Books,4188.9
INV006097,SKU0337,ProWidgetF,37,2011-08-12,55.29,15508,Australia,HomeGarden,3384.92
INV006098,SKU0037,PremiumWidgetA,45,2011-08-12,30.26,15017,France,Food,4936.24
INV006099,SKU0126,BasicWidgetH,97,2011-08-12,33.91,18122,Australia,HomeGarden,4123.73
INV006100,SKU0274,PremiumWidgetA,33,2011-08-12,37.44,18125,UnitedKingdom,HomeGarden,1008.3
INV006101,SKU0163,DeluxeWidgetC,7,2011-08-12,96.13,16479,UnitedKingdom,Books,2245.57
INV006102,SKU0442,DeluxeWidgetC,22,2011-08-12,11.87,19113,Australia,Sports,518.44
INV006103,SKU0318,BudgetWidgetE,5,2011-08-12,86.09,14062,Spain,HomeGarden,349.28
INV006104,SKU0076,BasicWidgetH,15,2011-08-12,122.98,17348,UnitedKingdom,Toys,3530.57
INV006105,SKU0173,PremiumWidgetA,21,2011-08-12,115.1,17942,France,Food,4564.75
INV006106,SKU0386,EliteWidgetG,89,2011-08-12,23.1,17945,Germany,Food,4867.9
INV006107,SKU0457,EliteWidgetG,17,2011-08-12,137.25,13238,Australia,Sports,1353.06
INV006108,SKU0357,BasicWidgetH,56,2011-08-12,115.63,11493,UnitedKingdom,Electronics,1009.65
INV006109,SKU0320,PremiumWidgetA,50,2011-08-12,1.29,11577,Belgium,Toys,2801.54
INV006110,SKU0375,DeluxeWidgetC,7,2011-08-12,110.74,11597,Spain,Food,1005.1
INV006111,SKU0090,DeluxeWidgetC,50,2011-08-12,110.74,12428,Spain,Sports,1480.24
INV006112,SKU0237,BudgetWidgetE,60,2011-08-12,74.77,10312,Spain,Sports,4186.29
INV006113,SKU0263,BudgetWidgetE,83,2011-08-12,7.37,16686,Germany,Clothing,4052.5
INV006114,SKU0178,ClassicWidgetB,7,2011-08-12,87.2,14075,France,HomeGarden,4475.47
INV006115,SKU0493,BasicWidgetH,40,2011-08-12,114.98,10003,Australia,Books,2411.74
INV006116,SKU0489,StandardWidgetD,45,2011-08-12,41.0,17061,UnitedKingdom,Clothing,2820.86
INV006117,SKU0208,PremiumWidgetA,59,2011-08-12,100.23,19077,Germany,Toys,3853.18
INV006118,SKU0072,BasicWidgetH,88,2011-08-12,53.41,15218,France,Sports,1197.09
INV006119,SKU0389,EliteWidgetG,75,2011-08-12,86.29,10191,Netherlands,Electronics,4115.64
INV006120,SKU0106,PremiumWidgetA,55,2011-08-13,57.99,12380,UnitedKingdom,Books,88.77
INV006121,SKU0344,BudgetWidgetE,64,2011-08-13,45.91,11235,Spain,Electronics,3988.5
INV006122,SKU0294,BudgetWidgetE,65,2011-08-13,128.46,17762,Spain,Sports,3879.76
INV006123,SKU0368,ClassicWidgetB,54,2011-08-13,113.2,17931,France,Electronics,1509.6
INV006124,SKU0443,StandardWidgetD,96,2011-08-13,52.14,12403,Belgium,Clothing,3639.83
INV006125,SKU0283,ClassicWidgetB,40,2011-08-13,65.48,16021,Belgium,Electronics,1070.75
INV006126,SKU0352,EliteWidgetG,53,2011-08-13,103.91,17420,Germany,Clothing,2881.59
INV006127,SKU0181,StandardWidgetD,44,2011-08-13,121.76,16734,Belgium,HomeGarden,3503.23
INV006128,SKU0036,ProWidgetF,63,2011-08-13,102.81,18453,Spain,Food,3573.78
INV006129,SKU0136,PremiumWidgetA,2,2011-08-13,81.37,12369,Australia,Books,4914.69
INV006130,SKU0337,ClassicWidgetB,79,2011-08-13,143.18,12467,Germany,Electronics,910.85
INV006131,SKU0055,BudgetWidgetE,21,2011-08-13,116.23,14427,Spain,Clothing,2404.51
INV006132,SKU0186,ClassicWidgetB,88,2011-08-13,17.78,11259,Australia,Sports,4400.64
INV006133,SKU0340,ProWidgetF,50,2011-08-13,83.94,12054,France,Toys,2808.0
INV006134,SKU0257,ClassicWidgetB,81,2011-08-13,61.73,10533,France,Food,4382.07
INV006135,SKU0444,PremiumWidgetA,52,2011-08-13,119.34,12119,Germany,Sports,2170.86
INV006136,SKU0057,ProWidgetF,9,2011-08-13,7.18,11523,Germany,Clothing,3976.96
INV006137,SKU0362,BasicWidgetH,99,2011-08-13,61.9,13457,Australia,Books,4350.38
INV006138,SKU0122,BasicWidgetH,20,2011-08-13,48.08,12589,Belgium,HomeGarden,4232.35
INV006139,SKU0187,BasicWidgetH,83,2011-08-13,21.61,14419,UnitedKingdom,HomeGarden,4356.95
INV006140,SKU0229,BudgetWidgetE,18,2011-08-13,57.13,17092,Germany,Books,1098.55
INV006141,SKU0167,BudgetWidgetE,84,2011-08-13,101.08,16744,Spain,Toys,2195.48
INV006142,SKU0419,BasicWidgetH,30,2011-08-13,54.57,11940,UnitedKingdom,Electronics,873.68
INV006143,SKU0113,BasicWidgetH,65,2011-08-13,87.21,13736,UnitedKingdom,Clothing,903.53
INV006144,SKU0251,BasicWidgetH,24,2011-08-14,89.13,10072,Belgium,HomeGarden,2439.65
INV006145,SKU0106,DeluxeWidgetC,88,2011-08-14,88.27,12887,UnitedKingdom,Books,4800.48
INV006146,SKU0036,BasicWidgetH,47,2011-08-14,79.67,15357,France,HomeGarden,2959.96
INV006147,SKU0334,ProWidgetF,83,2011-08-14,17.99,19179,France,HomeGarden,4269.37
INV006148,SKU0091,DeluxeWidgetC,94,2011-08-14,33.16,11345,UnitedKingdom,Electronics,4685.98
INV006149,SKU0017,DeluxeWidgetC,90,2011-08-14,120.11,19978,UnitedKingdom,HomeGarden,433.79
INV006150,SKU0353,PremiumWidgetA,44,2011-08-14,75.6,19223,France,Clothing,811.16
INV006151,SKU0062,ClassicWidgetB,29,2011-08-14,106.06,12006,Australia,Books,1454.92
INV006152,SKU0149,BudgetWidgetE,77,2011-08-14,85.7,19422,Belgium,Toys,3084.27
INV006153,SKU0138,BudgetWidgetE,68,2011-08-14,6.28,18602,Belgium,Toys,309.58
INV006154,SKU0185,ClassicWidgetB,17,2011-08-14,119.53,11819,Spain,Toys,3933.49
INV006155,SKU0184,BudgetWidgetE,97,2011-08-14,10.12,16794,Belgium,Electronics,319.88
INV006156,SKU0204,ClassicWidgetB,5,2011-08-14,141.5,17213,Netherlands,Toys,793.0
INV006157,SKU0259,ProWidgetF,92,2011-08-14,32.7,13092,Germany,Electronics,1909.16
INV006158,SKU0213,PremiumWidgetA,88,2011-08-14,77.1,15289,UnitedKingdom,Toys,2789.04
INV006159,SKU0255,BasicWidgetH,81,2011-08-14,10.01,12591,France,Books,4407.64
INV006160,SKU0134,PremiumWidgetA,50,2011-08-14,134.29,17583,Belgium,Clothing,4818.69
INV006161,SKU0060,EliteWidgetG,40,2011-08-14,147.0,12502,UnitedKingdom,Food,4423.33
INV006162,SKU0362,PremiumWidgetA,46,2011-08-14,22.37,18853,UnitedKingdom,Toys,536.12
INV006163,SKU0309,ClassicWidgetB,51,2011-08-14,44.72,19421,UnitedKingdom,HomeGarden,3156.52
INV006164,SKU0087,EliteWidgetG,11,2011-08-14,2.87,19548,Belgium,HomeGarden,2209.13
INV006165,SKU0323,ClassicWidgetB,12,2011-08-14,118.15,13092,UnitedKingdom,Toys,629.84
INV006166,SKU0475,BasicWidgetH,13,2011-08-14,47.06,17061,Australia,Clothing,2776.01
INV006167,SKU0206,StandardWidgetD,64,2011-08-14,88.53,11673,Germany,Food,1783.93
INV006168,SKU0128,EliteWidgetG,8,2011-08-15,6.36,19280,Germany,Sports,1729.59
INV006169,SKU0310,BasicWidgetH,65,2011-08-15,107.46,16002,France,Books,473.13
INV006170,SKU0002,BasicWidgetH,9,2011-08-15,79.65,17308,Australia,Clothing,4894.29
INV006171,SKU0461,BudgetWidgetE,92,2011-08-15,108.88,16659,Australia,HomeGarden,3630.07
INV006172,SKU0421,BudgetWidgetE,2,2011-08-15,118.54,10499,Germany,Books,1402.39
INV006173,SKU0241,StandardWidgetD,78,2011-08-15,13.84,10325,France,Toys,4587.46
INV006174,SKU0120,StandardWidgetD,13,2011-08-15,86.92,16033,Australia,Books,4740.49
INV006175,SKU0384,PremiumWidgetA,2,2011-08-15,97.67,10887,France,HomeGarden,4052.06
INV006176,SKU0101,BasicWidgetH,68,2011-08-15,77.75,19187,Germany,Clothing,3296.92
INV006177,SKU0037,StandardWidgetD,76,2011-08-15,27.77,13673,UnitedKingdom,Sports,1882.51
INV006178,SKU0340,ClassicWidgetB,48,2011-08-15,119.44,17935,Spain,Books,2172.3
INV006179,SKU0495,BasicWidgetH,74,2011-08-15,149.62,10928,Spain,Toys,2275.6
INV006180,SKU0412,DeluxeWidgetC,3,2011-08-15,145.41,14403,Spain,Books,4743.86
INV006181,SKU0132,ClassicWidgetB,68,2011-08-15,116.74,15426,Australia,Books,3800.91
INV006182,SKU0496,EliteWidgetG,6,2011-08-15,63.01,17990,France,Toys,1460.78
INV006183,SKU0201,StandardWidgetD,87,2011-08-15,50.93,19846,UnitedKingdom,Toys,3123.58
INV006184,SKU0347,BudgetWidgetE,5,2011-08-15,10.75,10624,Germany,Toys,2969.91
INV006185,SKU0020,ClassicWidgetB,3,2011-08-15,62.73,14344,Belgium,Food,4060.82
INV006186,SKU0241,BudgetWidgetE,10,2011-08-15,23.83,12371,Netherlands,Clothing,477.45
INV006187,SKU0454,ClassicWidgetB,43,2011-08-15,38.52,14699,Spain,Books,3506.66
INV006188,SKU0450,BudgetWidgetE,19,2011-08-15,133.84,18250,Australia,Toys,1656.52
INV006189,SKU0108,ProWidgetF,14,2011-08-15,145.29,15116,Belgium,HomeGarden,649.03
INV006190,SKU0302,ClassicWidgetB,21,2011-08-15,142.31,16237,Australia,HomeGarden,3659.13
INV006191,SKU0083,EliteWidgetG,43,2011-08-15,29.41,19469,France,Toys,1658.9
INV006192,SKU0082,BudgetWidgetE,28,2011-08-16,135.18,18878,Germany,Electronics,3650.89
INV006193,SKU0290,DeluxeWidgetC,21,2011-08-16,21.66,17627,Spain,Food,813.02
INV006194,SKU0451,EliteWidgetG,36,2011-08-16,76.4,14610,Germany,Books,4929.65
INV006195,SKU0068,PremiumWidgetA,24,2011-08-16,96.73,10532,Australia,Food,4017.24
INV006196,SKU0128,ClassicWidgetB,54,2011-08-16,69.64,14497,Australia,Sports,1446.47
INV006197,SKU0195,DeluxeWidgetC,38,2011-08-16,142.8,13852,Spain,Food,3702.88
INV006198,SKU0139,PremiumWidgetA,17,2011-08-16,50.32,13404,Spain,Electronics,679.86
INV006199,SKU0443,ClassicWidgetB,22,2011-08-16,79.34,12768,France,Books,3267.53
INV006200,SKU0282,DeluxeWidgetC,83,2011-08-16,11.78,12655,France,Food,299.12
INV006201,SKU0311,DeluxeWidgetC,45,2011-08-16,127.91,12140,Netherlands,Books,1667.6
INV006202,SKU0233,EliteWidgetG,74,2011-08-16,62.3,17724,UnitedKingdom,Toys,4892.33
INV006203,SKU0022,ProWidgetF,61,2011-08-16,105.23,10573,France,Clothing,605.48
INV006204,SKU0152,DeluxeWidgetC,11,2011-08-16,102.5,11565,UnitedKingdom,Food,2987.52
INV006205,SKU0276,ProWidgetF,61,2011-08-16,101.6,19997,Australia,Clothing,353.96
INV006206,SKU0060,StandardWidgetD,38,2011-08-16,76.29,10436,Netherlands,HomeGarden,3347.34
INV006207,SKU0318,EliteWidgetG,66,2011-08-16,41.99,13589,Netherlands,Electronics,1394.03
INV006208,SKU0377,BasicWidgetH,33,2011-08-16,93.95,11398,Belgium,Electronics,1550.57
INV006209,SKU0051,BudgetWidgetE,43,2011-08-16,144.29,19746,Belgium,Toys,1689.67
INV006210,SKU0343,EliteWidgetG,31,2011-08-16,125.18,17691,Belgium,Electronics,1026.58
INV006211,SKU0152,PremiumWidgetA,35,2011-08-16,16.76,13266,Netherlands,Toys,4708.35
INV006212,SKU0236,BudgetWidgetE,37,2011-08-16,3.97,16408,Germany,HomeGarden,4529.25
INV006213,SKU0310,BudgetWidgetE,47,2011-08-16,75.1,13497,Spain,Sports,4350.21
INV006214,SKU0301,BasicWidgetH,23,2011-08-16,116.49,14956,Belgium,Sports,533.12
INV006215,SKU0031,ProWidgetF,36,2011-08-16,47.43,11974,Spain,Toys,1167.99
INV006216,SKU0054,BasicWidgetH,40,2011-08-17,105.34,19058,Australia,Sports,3061.52
INV006217,SKU0351,BasicWidgetH,90,2011-08-17,139.82,19245,Germany,Toys,4851.88
INV006218,SKU0388,BudgetWidgetE,89,2011-08-17,69.12,15410,Germany,Electronics,3024.48
INV006219,SKU0035,DeluxeWidgetC,81,2011-08-17,37.0,17742,Netherlands,Books,1636.18
INV006220,SKU0109,ProWidgetF,15,2011-08-17,137.7,12534,Germany,Electronics,4087.2
INV006221,SKU0489,BudgetWidgetE,37,2011-08-17,71.1,17573,Australia,Toys,678.02
INV006222,SKU0176,ProWidgetF,4,2011-08-17,61.47,18219,Australia,Books,4408.83
INV006223,SKU0361,StandardWidgetD,22,2011-08-17,53.33,13217,Belgium,Food,4873.41
INV006224,SKU0313,ProWidgetF,81,2011-08-17,63.74,12335,Germany,Clothing,4838.3
INV006225,SKU0294,ClassicWidgetB,22,2011-08-17,101.21,14676,Spain,Toys,739.34
INV006226,SKU0335,DeluxeWidgetC,81,2011-08-17,65.34,16395,Australia,Toys,2748.49
INV006227,SKU0096,PremiumWidgetA,78,2011-08-17,48.97,17329,Spain,HomeGarden,2925.01
INV006228,SKU0368,ClassicWidgetB,78,2011-08-17,111.67,12157,UnitedKingdom,Food,975.4
INV006229,SKU0212,ClassicWidgetB,17,2011-08-17,30.84,12691,Germany,Sports,2734.34
INV006230,SKU0316,BasicWidgetH,72,2011-08-17,30.69,16541,Netherlands,Electronics,3233.04
INV006231,SKU0136,BasicWidgetH,98,2011-08-17,104.62,13342,Belgium,Electronics,1645.48
INV006232,SKU0005,ClassicWidgetB,90,2011-08-17,130.07,11555,Netherlands,Clothing,1579.09
INV006233,SKU0498,BudgetWidgetE,94,2011-08-17,36.56,10275,Australia,Books,302.13
INV006234,SKU0108,ProWidgetF,86,2011-08-17,29.07,12736,Australia,Sports,4784.17
INV006235,SKU0034,ProWidgetF,80,2011-08-17,100.71,19539,Netherlands,HomeGarden,4018.28
INV006236,SKU0038,EliteWidgetG,94,2011-08-17,93.31,13089,UnitedKingdom,Books,3797.49
INV006237,SKU0149,BudgetWidgetE,80,2011-08-17,67.36,17578,Netherlands,Books,109.87
INV006238,SKU0424,DeluxeWidgetC,38,2011-08-17,14.83,17968,Germany,Toys,3121.92
INV006239,SKU0117,BudgetWidgetE,24,2011-08-17,14.22,12172,Netherlands,Sports,903.96
INV006240,SKU0260,BudgetWidgetE,99,2011-08-18,116.71,10152,France,HomeGarden,3308.93
INV006241,SKU0425,BudgetWidgetE,6,2011-08-18,68.04,11604,UnitedKingdom,Food,3106.16
INV006242,SKU0086,DeluxeWidgetC,68,2011-08-18,128.77,16801,Belgium,Food,4259.77
INV006243,SKU0464,EliteWidgetG,82,2011-08-18,86.42,17724,UnitedKingdom,Sports,1277.92
INV006244,SKU0075,DeluxeWidgetC,6,2011-08-18,93.0,11826,Netherlands,Sports,138.28
INV006245,SKU0470,StandardWidgetD,26,2011-08-18,140.16,18438,France,Electronics,4570.64
INV006246,SKU0463,EliteWidgetG,91,2011-08-18,25.11,15509,Germany,HomeGarden,4543.27
INV006247,SKU0450,StandardWidgetD,41,2011-08-18,81.68,11370,Netherlands,Books,2279.84
INV006248,SKU0413,StandardWidgetD,75,2011-08-18,9.19,15322,Germany,Sports,391.36
INV006249,SKU0312,StandardWidgetD,38,2011-08-18,54.16,15128,France,Clothing,2490.35
INV006250,SKU0382,ProWidgetF,80,2011-08-18,22.64,15811,Belgium,HomeGarden,2620.55
INV006251,SKU0213,ClassicWidgetB,83,2011-08-18,28.58,11691,Netherlands,Clothing,4108.81
INV006252,SKU0456,ClassicWidgetB,43,2011-08-18,140.25,16674,Netherlands,Books,3585.79
INV006253,SKU0284,StandardWidgetD,53,2011-08-18,91.8,13390,Germany,HomeGarden,354.95
INV006254,SKU0238,StandardWidgetD,15,2011-08-18,133.88,12398,Netherlands,Electronics,3526.98
INV006255,SKU0164,PremiumWidgetA,90,2011-08-18,66.81,19862,France,HomeGarden,679.56
INV006256,SKU0086,BasicWidgetH,56,2011-08-18,89.85,10036,Netherlands,Books,448.27
INV006257,SKU0140,ClassicWidgetB,56,2011-08-18,5.3,11627,Belgium,Electronics,1993.64
INV006258,SKU0159,BasicWidgetH,31,2011-08-18,70.69,12339,Belgium,Books,387.74
INV006259,SKU0045,BasicWidgetH,83,2011-08-18,84.83,16160,Australia,Toys,4146.52
INV006260,SKU0371,PremiumWidgetA,57,2011-08-18,3.01,11371,France,HomeGarden,2316.18
INV006261,SKU0494,BasicWidgetH,51,2011-08-18,118.53,10676,UnitedKingdom,Books,2935.43
INV006262,SKU0111,EliteWidgetG,24,2011-08-18,44.67,15072,Germany,HomeGarden,2884.75
INV006263,SKU0406,PremiumWidgetA,58,2011-08-18,68.15,10252,Spain,Electronics,4890.57
INV006264,SKU0044,BasicWidgetH,73,2011-08-19,80.58,12864,Spain,HomeGarden,4579.0
INV006265,SKU0400,BasicWidgetH,87,2011-08-19,148.83,11616,France,Books,4245.79
INV006266,SKU0246,BudgetWidgetE,4,2011-08-19,15.33,12231,Spain,Books,1916.96
INV006267,SKU0103,BasicWidgetH,10,2011-08-19,83.51,16433,UnitedKingdom,Toys,726.35
INV006268,SKU0084,ProWidgetF,63,2011-08-19,79.82,10760,UnitedKingdom,Food,2959.74
INV006269,SKU0449,EliteWidgetG,73,2011-08-19,10.8,13286,France,Toys,2202.14
INV006270,SKU0484,DeluxeWidgetC,83,2011-08-19,95.27,16301,UnitedKingdom,Books,1128.41
INV006271,SKU0133,ClassicWidgetB,15,2011-08-19,43.38,17066,UnitedKingdom,Clothing,489.36
INV006272,SKU0107,StandardWidgetD,98,2011-08-19,16.01,16834,Spain,Clothing,2181.03
INV006273,SKU0017,BasicWidgetH,63,2011-08-19,27.21,10392,Australia,Clothing,3254.69
INV006274,SKU0093,EliteWidgetG,19,2011-08-19,123.63,18622,Netherlands,Sports,3127.32
INV006275,SKU0149,StandardWidgetD,63,2011-08-19,16.07,10996,Spain,Toys,3869.83
INV006276,SKU0245,DeluxeWidgetC,56,2011-08-19,70.31,17148,Spain,HomeGarden,2333.31
INV006277,SKU0288,EliteWidgetG,21,2011-08-19,29.69,19283,Australia,Clothing,1608.88
INV006278,SKU0413,ClassicWidgetB,34,2011-08-19,24.77,11100,Netherlands,Books,2693.96
INV006279,SKU0208,EliteWidgetG,17,2011-08-19,31.25,18293,UnitedKingdom,Books,4875.06
INV006280,SKU0125,StandardWidgetD,18,2011-08-19,74.17,19084,Netherlands,Clothing,226.41
INV006281,SKU0234,StandardWidgetD,81,2011-08-19,36.05,12260,Belgium,Toys,2643.8
INV006282,SKU0415,BudgetWidgetE,66,2011-08-19,14.96,19980,Belgium,Clothing,1646.99
INV006283,SKU0425,BasicWidgetH,51,2011-08-19,120.31,12180,Australia,Books,527.65
INV006284,SKU0498,PremiumWidgetA,65,2011-08-19,81.2,15316,Germany,Clothing,2173.92
INV006285,SKU0461,EliteWidgetG,43,2011-08-19,23.95,11780,Germany,Food,3206.18
INV006286,SKU0121,StandardWidgetD,57,2011-08-19,70.98,16433,Netherlands,Toys,2641.3
INV006287,SKU0137,ProWidgetF,10,2011-08-19,10.72,19471,Belgium,Sports,146.85
INV006288,SKU0494,ClassicWidgetB,37,2011-08-20,87.27,14008,Germany,Sports,2896.01
INV006289,SKU0114,ProWidgetF,48,2011-08-20,51.38,17373,France,Food,1160.78
INV006290,SKU0419,DeluxeWidgetC,69,2011-08-20,15.98,13286,Germany,Toys,1708.04
INV006291,SKU0161,EliteWidgetG,56,2011-08-20,27.95,14517,Netherlands,Sports,1561.71
INV006292,SKU0200,BudgetWidgetE,76,2011-08-20,52.18,12628,UnitedKingdom,Electronics,4292.71
INV006293,SKU0233,ClassicWidgetB,36,2011-08-20,121.06,10538,Australia,Sports,238.82
INV006294,SKU0027,BudgetWidgetE,31,2011-08-20,26.48,11780,Germany,Books,1740.64
INV006295,SKU0010,PremiumWidgetA,55,2011-08-20,16.89,16605,Netherlands,Toys,1974.69
INV006296,SKU0205,StandardWidgetD,38,2011-08-20,77.63,12348,Belgium,Food,3094.55
INV006297,SKU0166,BasicWidgetH,73,2011-08-20,84.03,15407,Australia,Electronics,3945.04
INV006298,SKU0246,ClassicWidgetB,90,2011-08-20,13.99,17169,France,Books,3638.6
INV006299,SKU0046,DeluxeWidgetC,15,2011-08-20,43.03,11960,UnitedKingdom,Books,3763.36
INV006300,SKU0245,BasicWidgetH,16,2011-08-20,39.78,13091,Spain,Toys,962.74
INV006301,SKU0126,EliteWidgetG,77,2011-08-20,28.34,17097,Australia,Toys,4558.77
INV006302,SKU0146,PremiumWidgetA,89,2011-08-20,47.69,13562,Spain,Clothing,2071.33
INV006303,SKU0117,PremiumWidgetA,94,2011-08-20,6.05,15081,Belgium,Food,56.53
INV006304,SKU0398,BudgetWidgetE,53,2011-08-20,97.91,14901,Australia,Toys,3340.81
INV006305,SKU0381,PremiumWidgetA,56,2011-08-20,148.28,12304,Netherlands,HomeGarden,3020.41
INV006306,SKU0411,ClassicWidgetB,7,2011-08-20,95.29,12485,France,Sports,630.66
INV006307,SKU0151,BudgetWidgetE,57,2011-08-20,54.48,17928,Belgium,Toys,4799.38
INV006308,SKU0071,BasicWidgetH,55,2011-08-20,100.35,18175,Germany,HomeGarden,2808.26
INV006309,SKU0362,PremiumWidgetA,52,2011-08-20,85.94,10648,France,HomeGarden,2346.85
INV006310,SKU0136,EliteWidgetG,4,2011-08-20,127.09,17890,UnitedKingdom,Clothing,1991.21
INV006311,SKU0174,BasicWidgetH,43,2011-08-20,93.47,13815,Spain,HomeGarden,1050.05
INV006312,SKU0288,DeluxeWidgetC,40,2011-08-21,95.29,16279,Germany,Sports,4764.11
INV006313,SKU0445,EliteWidgetG,30,2011-08-21,33.64,19743,Spain,Electronics,3511.09
INV006314,SKU0480,ProWidgetF,10,2011-08-21,62.64,19494,France,Books,2838.45
INV006315,SKU0018,ClassicWidgetB,94,2011-08-21,51.99,12632,UnitedKingdom,Sports,3156.37
INV006316,SKU0194,DeluxeWidgetC,7,2011-08-21,2.21,17903,Australia,Clothing,4202.26
INV006317,SKU0329,DeluxeWidgetC,36,2011-08-21,47.34,11268,Australia,Electronics,3178.97
INV006318,SKU0423,BudgetWidgetE,35,2011-08-21,73.17,11773,Spain,Clothing,573.84
INV006319,SKU0174,StandardWidgetD,88,2011-08-21,90.18,17020,Spain,Food,3486.78
INV006320,SKU0489,BudgetWidgetE,39,2011-08-21,140.22,13627,Australia,Sports,2824.78
INV006321,SKU0448,ClassicWidgetB,36,2011-08-21,36.25,11166,Belgium,Books,4831.75
INV006322,SKU0412,ClassicWidgetB,20,2011-08-21,23.29,12548,Spain,HomeGarden,3668.86
INV006323,SKU0433,BudgetWidgetE,49,2011-08-21,130.48,11550,Australia,Toys,1720.67
INV006324,SKU0353,StandardWidgetD,96,2011-08-21,141.31,12140,Belgium,Toys,677.85
INV006325,SKU0498,EliteWidgetG,59,2011-08-21,73.45,15502,Spain,HomeGarden,2411.92
INV006326,SKU0140,BudgetWidgetE,49,2011-08-21,17.72,16008,Germany,Clothing,3397.09
INV006327,SKU0245,ClassicWidgetB,90,2011-08-21,73.07,16422,Spain,Electronics,887.2
INV006328,SKU0384,StandardWidgetD,26,2011-08-21,16.86,15846,Australia,Toys,3247.57
INV006329,SKU0417,ClassicWidgetB,36,2011-08-21,132.54,13520,Germany,Books,4128.23
INV006330,SKU0092,StandardWidgetD,43,2011-08-21,106.37,17928,Germany,Clothing,786.09
INV006331,SKU0431,StandardWidgetD,99,2011-08-21,36.55,17125,France,Books,3529.22
INV006332,SKU0238,BasicWidgetH,43,2011-08-21,133.06,18812,Australia,Toys,342.22
INV006333,SKU0204,BudgetWidgetE,99,2011-08-21,95.87,15407,Belgium,Clothing,40.74
INV006334,SKU0047,BudgetWidgetE,76,2011-08-21,143.01,12523,Netherlands,Food,164.14
INV006335,SKU0432,BudgetWidgetE,33,2011-08-21,147.08,14767,Spain,Food,3157.89
INV006336,SKU0244,StandardWidgetD,78,2011-08-22,0.99,18362,Australia,Electronics,4866.84
INV006337,SKU0319,StandardWidgetD,97,2011-08-22,18.47,15644,Netherlands,Food,3857.09
INV006338,SKU0316,ClassicWidgetB,45,2011-08-22,82.26,12419,Australia,Sports,1272.79
INV006339,SKU0412,DeluxeWidgetC,45,2011-08-22,143.4,19608,Germany,HomeGarden,359.37
INV006340,SKU0294,BudgetWidgetE,88,2011-08-22,149.14,16077,Australia,Books,3083.65
INV006341,SKU0127,BasicWidgetH,15,2011-08-22,85.33,17677,Australia,Food,17.14
INV006342,SKU0343,ProWidgetF,95,2011-08-22,26.48,10938,Belgium,Books,3963.14
INV006343,SKU0281,ClassicWidgetB,17,2011-08-22,24.88,14930,Australia,Electronics,1216.36
INV006344,SKU0016,ClassicWidgetB,12,2011-08-22,114.7,16352,Australia,Books,1496.79
INV006345,SKU0070,PremiumWidgetA,22,2011-08-22,88.99,16943,France,Sports,1720.55
INV006346,SKU0268,BudgetWidgetE,23,2011-08-22,82.54,17611,Spain,Sports,3818.0
INV006347,SKU0324,EliteWidgetG,90,2011-08-22,70.13,18064,France,Electronics,1329.44
INV006348,SKU0281,ClassicWidgetB,78,2011-08-22,108.91,13177,Germany,Clothing,1423.07
INV006349,SKU0304,PremiumWidgetA,12,2011-08-22,128.78,15351,Germany,Clothing,2705.42
INV006350,SKU0450,ProWidgetF,68,2011-08-22,45.79,15100,Netherlands,Books,2315.54
INV006351,SKU0006,BasicWidgetH,51,2011-08-22,33.53,13796,Germany,Food,4777.89
INV006352,SKU0313,ProWidgetF,13,2011-08-22,100.69,12884,France,Books,1317.72
INV006353,SKU0304,EliteWidgetG,57,2011-08-22,137.25,19923,Germany,Electronics,460.36
INV006354,SKU0102,BudgetWidgetE,55,2011-08-22,52.55,11272,Netherlands,Food,2705.37
INV006355,SKU0308,StandardWidgetD,82,2011-08-22,41.23,16407,Netherlands,Sports,923.41
INV006356,SKU0192,PremiumWidgetA,28,2011-08-22,34.3,11752,France,Electronics,2068.72
INV006357,SKU0240,StandardWidgetD,44,2011-08-22,38.55,17670,Belgium,Clothing,936.8
INV006358,SKU0061,ProWidgetF,19,2011-08-22,20.67,17430,Germany,Sports,4404.97
INV006359,SKU0016,ProWidgetF,46,2011-08-22,89.72,11691,Spain,Books,1637.92
INV006360,SKU0170,DeluxeWidgetC,3,2011-08-23,42.48,19449,Netherlands,Clothing,3874.56
INV006361,SKU0024,DeluxeWidgetC,83,2011-08-23,92.43,18623,Belgium,Food,4743.07
INV006362,SKU0250,BasicWidgetH,20,2011-08-23,12.91,15173,Belgium,Food,4702.81
INV006363,SKU0252,EliteWidgetG,25,2011-08-23,17.76,13905,Germany,HomeGarden,2624.48
INV006364,SKU0386,DeluxeWidgetC,75,2011-08-23,80.65,16046,Germany,Clothing,4916.29
INV006365,SKU0206,DeluxeWidgetC,56,2011-08-23,76.97,16080,Spain,Sports,3280.03
INV006366,SKU0028,EliteWidgetG,81,2011-08-23,41.09,16156,Belgium,Sports,643.32
INV006367,SKU0116,ClassicWidgetB,61,2011-08-23,124.16,16814,France,Electronics,4442.0
INV006368,SKU0490,DeluxeWidgetC,55,2011-08-23,28.46,16684,France,Sports,2343.98
INV006369,SKU0415,ClassicWidgetB,35,2011-08-23,54.42,12104,Germany,HomeGarden,764.32
INV006370,SKU0281,ClassicWidgetB,78,2011-08-23,83.55,15099,Australia,HomeGarden,3957.32
INV006371,SKU0379,BudgetWidgetE,59,2011-08-23,130.15,19376,Australia,Food,3122.39
INV006372,SKU0143,ClassicWidgetB,39,2011-08-23,63.07,10436,UnitedKingdom,Sports,4410.72
INV006373,SKU0024,ClassicWidgetB,57,2011-08-23,60.09,14325,UnitedKingdom,Books,4136.78
INV006374,SKU0309,DeluxeWidgetC,83,2011-08-23,87.14,17008,UnitedKingdom,Sports,1601.23
INV006375,SKU0155,ClassicWidgetB,67,2011-08-23,47.85,18813,France,Books,1282.32
INV006376,SKU0072,StandardWidgetD,34,2011-08-23,106.52,18826,Germany,Sports,3669.41
INV006377,SKU0119,EliteWidgetG,41,2011-08-23,37.68,11993,Spain,Clothing,2866.99
INV006378,SKU0311,DeluxeWidgetC,22,2011-08-23,123.57,12675,Spain,Sports,350.3
INV006379,SKU0320,EliteWidgetG,27,2011-08-23,41.22,15861,Netherlands,Clothing,909.01
INV006380,SKU0092,PremiumWidgetA,21,2011-08-23,148.91,12340,Germany,Books,757.62
INV006381,SKU0085,DeluxeWidgetC,41,2011-08-23,47.81,19601,Germany,Sports,2949.39
INV006382,SKU0335,ClassicWidgetB,31,2011-08-23,131.88,13816,UnitedKingdom,Books,429.73
INV006383,SKU0424,StandardWidgetD,27,2011-08-23,59.9,19020,Germany,Food,1039.3
INV006384,SKU0498,EliteWidgetG,37,2011-08-24,37.29,12281,Spain,HomeGarden,2727.34
INV006385,SKU0363,DeluxeWidgetC,66,2011-08-24,34.31,17463,UnitedKingdom,Toys,666.15
INV006386,SKU0434,StandardWidgetD,54,2011-08-24,127.6,15822,Germany,Food,1242.11
INV006387,SKU0117,EliteWidgetG,9,2011-08-24,46.66,18728,Netherlands,Electronics,4534.05
INV006388,SKU0232,PremiumWidgetA,83,2011-08-24,51.12,19594,Australia,Books,3485.89
INV006389,SKU0198,ProWidgetF,42,2011-08-24,29.95,18996,Australia,Clothing,1535.1
INV006390,SKU0205,BasicWidgetH,36,2011-08-24,144.22,16682,France,Electronics,4386.9
INV006391,SKU0412,BasicWidgetH,10,2011-08-24,37.09,19043,Netherlands,Toys,1252.17
INV006392,SKU0338,PremiumWidgetA,59,2011-08-24,37.49,18097,Spain,Food,2945.82
INV006393,SKU0146,ProWidgetF,40,2011-08-24,141.61,10555,Germany,Sports,1843.1
INV006394,SKU0449,BudgetWidgetE,54,2011-08-24,135.18,18067,Netherlands,Clothing,3760.99
INV006395,SKU0424,ProWidgetF,39,2011-08-24,37.71,15341,Germany,Electronics,1858.57
INV006396,SKU0428,BudgetWidgetE,7,2011-08-24,129.78,15043,Netherlands,Food,1245.06
INV006397,SKU0270,DeluxeWidgetC,4,2011-08-24,37.85,17400,Netherlands,Electronics,3038.92
INV006398,SKU0386,BudgetWidgetE,15,2011-08-24,13.13,16029,Australia,Books,3726.96
INV006399,SKU0138,BasicWidgetH,76,2011-08-24,123.14,16818,Netherlands,Food,2682.28
INV006400,SKU0180,BasicWidgetH,48,2011-08-24,115.85,12094,France,Sports,3581.73
INV006401,SKU0429,StandardWidgetD,6,2011-08-24,44.55,13478,Germany,Sports,2110.66
INV006402,SKU0029,BudgetWidgetE,73,2011-08-24,13.98,12930,UnitedKingdom,Sports,3977.44
INV006403,SKU0056,StandardWidgetD,35,2011-08-24,31.36,18445,Netherlands,Books,2925.54
INV006404,SKU0231,BasicWidgetH,72,2011-08-24,115.77,13520,UnitedKingdom,Books,982.05
INV006405,SKU0145,EliteWidgetG,71,2011-08-24,144.73,10058,Australia,Sports,4453.87
INV006406,SKU0434,EliteWidgetG,68,2011-08-24,39.22,13702,UnitedKingdom,Food,4184.28
INV006407,SKU0383,ProWidgetF,58,2011-08-24,122.83,19913,France,Electronics,4819.6
INV006408,SKU0047,ProWidgetF,77,2011-08-25,34.58,12607,France,Toys,2845.47
INV006409,SKU0193,ProWidgetF,19,2011-08-25,102.1,15110,Australia,Sports,3379.03
INV006410,SKU0223,BudgetWidgetE,62,2011-08-25,13.0,18456,Spain,Books,4318.03
INV006411,SKU0135,ProWidgetF,71,2011-08-25,88.0,11707,France,Sports,263.9
INV006412,SKU0021,BudgetWidgetE,10,2011-08-25,40.74,12293,Germany,Books,4561.11
INV006413,SKU0005,BudgetWidgetE,25,2011-08-25,138.91,12484,Spain,Sports,1356.55
INV006414,SKU0203,ClassicWidgetB,44,2011-08-25,43.82,12735,France,Food,286.16
INV006415,SKU0238,ClassicWidgetB,99,2011-08-25,60.07,13455,Spain,Toys,1188.8
INV006416,SKU0184,BudgetWidgetE,58,2011-08-25,126.18,10937,Netherlands,Electronics,2932.21
INV006417,SKU0359,EliteWidgetG,25,2011-08-25,66.02,10877,Belgium,Food,240.19
INV006418,SKU0291,StandardWidgetD,93,2011-08-25,36.14,18738,France,Electronics,4.82
INV006419,SKU0334,BasicWidgetH,76,2011-08-25,82.36,12462,Spain,Books,3197.17
INV006420,SKU0219,BasicWidgetH,40,2011-08-25,126.08,14493,Germany,Books,2267.48
INV006421,SKU0115,DeluxeWidgetC,76,2011-08-25,65.26,16135,Australia,Clothing,4221.81
INV006422,SKU0312,PremiumWidgetA,70,2011-08-25,20.37,17981,France,HomeGarden,1288.48
INV006423,SKU0048,ClassicWidgetB,10,2011-08-25,57.77,12215,Germany,Clothing,1404.26
INV006424,SKU0172,BudgetWidgetE,66,2011-08-25,143.19,15726,Netherlands,Books,388.65
INV006425,SKU0081,PremiumWidgetA,25,2011-08-25,11.27,15947,Belgium,Toys,2693.02
INV006426,SKU0321,ClassicWidgetB,71,2011-08-25,61.56,18421,UnitedKingdom,Books,1830.16
INV006427,SKU0332,DeluxeWidgetC,87,2011-08-25,97.38,11427,UnitedKingdom,Sports,1699.2
INV006428,SKU0044,BasicWidgetH,11,2011-08-25,12.24,16287,Australia,Clothing,2288.71
INV006429,SKU0334,StandardWidgetD,36,2011-08-25,52.07,11699,Australia,HomeGarden,4248.59
INV006430,SKU0019,BudgetWidgetE,49,2011-08-25,141.12,12145,UnitedKingdom,Clothing,526.84
INV006431,SKU0447,DeluxeWidgetC,48,2011-08-25,5.08,18198,UnitedKingdom,Food,2618.44
INV006432,SKU0220,BasicWidgetH,87,2011-08-26,112.89,16958,Australia,Electronics,982.98
INV006433,SKU0122,EliteWidgetG,7,2011-08-26,126.29,14272,UnitedKingdom,Food,1062.74
INV006434,SKU0233,ClassicWidgetB,91,2011-08-26,41.92,19421,France,Electronics,1284.42
INV006435,SKU0220,BudgetWidgetE,77,2011-08-26,32.6,11823,Spain,Clothing,2297.55
INV006436,SKU0322,PremiumWidgetA,51,2011-08-26,137.27,13984,Belgium,Toys,2472.51
INV006437,SKU0338,EliteWidgetG,17,2011-08-26,114.72,18822,Belgium,Food,4357.68
INV006438,SKU0002,BasicWidgetH,32,2011-08-26,17.45,18461,Germany,Clothing,4460.67
INV006439,SKU0181,EliteWidgetG,26,2011-08-26,32.22,13771,Spain,Toys,2933.73
INV006440,SKU0205,ProWidgetF,22,2011-08-26,93.39,10500,Australia,Books,1407.74
INV006441,SKU0319,StandardWidgetD,13,2011-08-26,63.2,15606,Germany,Toys,4092.37
INV006442,SKU0039,BasicWidgetH,12,2011-08-26,75.87,17939,Netherlands,Sports,3964.62
INV006443,SKU0058,EliteWidgetG,71,2011-08-26,142.76,15607,Netherlands,Electronics,3989.97
INV006444,SKU0438,ClassicWidgetB,1,2011-08-26,63.33,12750,France,HomeGarden,82.82
INV006445,SKU0061,StandardWidgetD,33,2011-08-26,132.31,11312,Netherlands,Sports,3769.57
INV006446,SKU0131,BudgetWidgetE,14,2011-08-26,99.28,12153,Australia,Toys,4263.74
INV006447,SKU0059,ProWidgetF,64,2011-08-26,18.68,14736,France,Food,3025.56
INV006448,SKU0371,BasicWidgetH,43,2011-08-26,111.8,10608,Spain,Clothing,3756.47
INV006449,SKU0330,DeluxeWidgetC,58,2011-08-26,78.27,15104,France,Food,3881.07
INV006450,SKU0121,StandardWidgetD,41,2011-08-26,34.15,11663,Belgium,Food,2533.41
INV006451,SKU0478,PremiumWidgetA,81,2011-08-26,43.79,13294,Australia,Electronics,4068.29
INV006452,SKU0106,ClassicWidgetB,68,2011-08-26,83.82,15924,UnitedKingdom,Clothing,3961.66
INV006453,SKU0095,BasicWidgetH,39,2011-08-26,90.45,11997,Belgium,Food,4580.61
INV006454,SKU0346,PremiumWidgetA,1,2011-08-26,145.24,16022,Germany,Electronics,4606.95
INV006455,SKU0413,StandardWidgetD,41,2011-08-26,128.28,13185,Australia,HomeGarden,2649.04
INV006456,SKU0234,BasicWidgetH,45,2011-08-27,31.27,11531,Belgium,Sports,158.44
INV006457,SKU0385,ProWidgetF,88,2011-08-27,116.21,14216,UnitedKingdom,HomeGarden,96.52
INV006458,SKU0061,DeluxeWidgetC,98,2011-08-27,1.74,17384,UnitedKingdom,HomeGarden,4694.69
INV006459,SKU0255,DeluxeWidgetC,98,2011-08-27,19.91,13706,Netherlands,Sports,1687.47
INV006460,SKU0048,PremiumWidgetA,88,2011-08-27,30.36,17259,Spain,Toys,1888.29
INV006461,SKU0392,BudgetWidgetE,79,2011-08-27,89.78,14502,Belgium,Sports,2350.07
INV006462,SKU0347,BudgetWidgetE,81,2011-08-27,29.61,18867,Belgium,Toys,1329.73
INV006463,SKU0158,ProWidgetF,13,2011-08-27,55.11,19846,France,Food,2952.48
INV006464,SKU0123,DeluxeWidgetC,71,2011-08-27,36.8,15004,France,HomeGarden,3923.32
INV006465,SKU0481,PremiumWidgetA,9,2011-08-27,50.94,13544,Netherlands,Food,1287.45
INV006466,SKU0316,PremiumWidgetA,63,2011-08-27,141.4,13818,Netherlands,Clothing,3715.56
INV006467,SKU0206,BasicWidgetH,99,2011-08-27,149.61,18087,France,Sports,3360.42
INV006468,SKU0047,BasicWidgetH,23,2011-08-27,103.02,17082,Australia,HomeGarden,2628.39
INV006469,SKU0408,PremiumWidgetA,54,2011-08-27,86.06,13443,Australia,HomeGarden,1627.89
INV006470,SKU0419,BasicWidgetH,47,2011-08-27,106.41,15709,Australia,HomeGarden,4364.0
INV006471,SKU0135,StandardWidgetD,39,2011-08-27,115.86,11047,Australia,Food,2014.58
INV006472,SKU0200,BasicWidgetH,87,2011-08-27,110.98,19523,Netherlands,Clothing,1873.94
INV006473,SKU0249,ProWidgetF,26,2011-08-27,12.74,12660,Germany,Books,3207.21
INV006474,SKU0313,BudgetWidgetE,1,2011-08-27,46.89,17930,Germany,Books,4601.74
INV006475,SKU0356,BudgetWidgetE,14,2011-08-27,51.84,17058,France,Sports,2540.58
INV006476,SKU0367,StandardWidgetD,96,2011-08-27,55.7,16266,Germany,Food,3613.73
INV006477,SKU0428,ClassicWidgetB,74,2011-08-27,51.97,18955,Australia,Books,2284.96
INV006478,SKU0317,StandardWidgetD,65,2011-08-27,118.17,18077,Netherlands,Electronics,1094.82
INV006479,SKU0294,ProWidgetF,69,2011-08-27,112.27,13408,Australia,Toys,620.64
INV006480,SKU0479,PremiumWidgetA,67,2011-08-28,1.19,16301,UnitedKingdom,Sports,682.5
INV006481,SKU0313,StandardWidgetD,49,2011-08-28,44.81,17494,Netherlands,Sports,107.61
INV006482,SKU0499,PremiumWidgetA,50,2011-08-28,93.74,11684,UnitedKingdom,HomeGarden,2764.96
INV006483,SKU0208,ProWidgetF,58,2011-08-28,18.48,10869,UnitedKingdom,Toys,656.4
INV006484,SKU0354,EliteWidgetG,53,2011-08-28,11.14,15123,Belgium,Electronics,4328.63
INV006485,SKU0484,ProWidgetF,91,2011-08-28,124.35,19105,France,Books,4914.5
INV006486,SKU0210,DeluxeWidgetC,57,2011-08-28,68.18,15875,UnitedKingdom,Sports,2479.85
INV006487,SKU0191,PremiumWidgetA,86,2011-08-28,128.43,17212,Belgium,Food,2248.92
INV006488,SKU0043,BudgetWidgetE,18,2011-08-28,123.62,16727,Germany,Food,1741.01
INV006489,SKU0028,StandardWidgetD,16,2011-08-28,134.06,19822,Germany,Toys,3190.5
INV006490,SKU0058,EliteWidgetG,2,2011-08-28,7.72,10542,UnitedKingdom,Food,3040.53
INV006491,SKU0070,ProWidgetF,13,2011-08-28,28.33,12203,France,Electronics,1717.57
INV006492,SKU0091,PremiumWidgetA,45,2011-08-28,44.77,12935,UnitedKingdom,Clothing,1716.49
INV006493,SKU0264,EliteWidgetG,80,2011-08-28,20.87,10751,Belgium,Clothing,3224.37
INV006494,SKU0382,ClassicWidgetB,72,2011-08-28,73.08,12111,Netherlands,Food,2773.18
INV006495,SKU0219,DeluxeWidgetC,43,2011-08-28,119.95,18612,Netherlands,HomeGarden,3593.06
INV006496,SKU0389,ClassicWidgetB,72,2011-08-28,142.7,17276,Netherlands,Electronics,4707.02
INV006497,SKU0412,ProWidgetF,54,2011-08-28,133.49,19678,Netherlands,Sports,3898.18
INV006498,SKU0441,ClassicWidgetB,74,2011-08-28,68.87,15699,UnitedKingdom,Clothing,1522.42
INV006499,SKU0400,ClassicWidgetB,97,2011-08-28,95.66,10546,Australia,Toys,3795.85
INV006500,SKU0399,DeluxeWidgetC,31,2011-08-28,34.99,14961,Australia,Clothing,2250.67
INV006501,SKU0214,DeluxeWidgetC,76,2011-08-28,60.75,12557,Spain,Toys,3888.5
INV006502,SKU0478,BasicWidgetH,9,2011-08-28,130.74,11571,Netherlands,Books,4432.97
INV006503,SKU0386,DeluxeWidgetC,73,2011-08-28,4.87,16584,Belgium,Books,1250.45
INV006504,SKU0276,EliteWidgetG,48,2011-08-29,80.15,18645,Belgium,Electronics,1193.99
INV006505,SKU0063,BasicWidgetH,18,2011-08-29,130.98,12691,Spain,Food,2163.69
INV006506,SKU0345,DeluxeWidgetC,94,2011-08-29,18.74,16960,Spain,Books,258.62
INV006507,SKU0291,ClassicWidgetB,96,2011-08-29,147.39,19949,France,Electronics,3428.74
INV006508,SKU0489,BudgetWidgetE,87,2011-08-29,2.35,14774,France,Sports,3748.76
INV006509,SKU0484,BudgetWidgetE,11,2011-08-29,132.97,10059,UnitedKingdom,Sports,1727.8
INV006510,SKU0244,BasicWidgetH,62,2011-08-29,53.37,19609,Australia,Sports,2326.96
INV006511,SKU0469,DeluxeWidgetC,84,2011-08-29,20.34,16211,Belgium,Books,2952.19
INV006512,SKU0061,EliteWidgetG,19,2011-08-29,24.03,11338,Belgium,Books,368.92
INV006513,SKU0425,StandardWidgetD,90,2011-08-29,105.33,18658,UnitedKingdom,HomeGarden,3556.78
INV006514,SKU0331,PremiumWidgetA,74,2011-08-29,130.67,17001,Germany,Clothing,2633.98
INV006515,SKU0169,ProWidgetF,24,2011-08-29,96.34,17948,Belgium,Toys,3121.69
INV006516,SKU0444,EliteWidgetG,13,2011-08-29,139.34,12471,Belgium,Sports,3619.43
INV006517,SKU0268,StandardWidgetD,46,2011-08-29,126.45,18911,Netherlands,Food,3378.12
INV006518,SKU0266,ProWidgetF,53,2011-08-29,1.85,19427,Germany,Books,477.51
INV006519,SKU0053,StandardWidgetD,98,2011-08-29,100.58,18754,Germany,Clothing,3913.18
INV006520,SKU0015,StandardWidgetD,29,2011-08-29,46.04,19174,Spain,Sports,3050.62
INV006521,SKU0007,BasicWidgetH,36,2011-08-29,68.45,14520,Belgium,Sports,3574.69
INV006522,SKU0103,BudgetWidgetE,71,2011-08-29,14.56,18101,France,Toys,1308.25
INV006523,SKU0058,PremiumWidgetA,94,2011-08-29,42.67,11730,Belgium,Clothing,1107.91
INV006524,SKU0312,StandardWidgetD,17,2011-08-29,95.09,14339,Australia,Clothing,4130.64
INV006525,SKU0039,DeluxeWidgetC,48,2011-08-29,33.15,17879,Spain,Books,1952.56
INV006526,SKU0236,ProWidgetF,77,2011-08-29,97.31,18037,Spain,Clothing,2877.16
INV006527,SKU0442,EliteWidgetG,24,2011-08-29,138.49,17800,Netherlands,Food,2758.43
INV006528,SKU0385,BudgetWidgetE,54,2011-08-30,1.24,13047,UnitedKingdom,Food,2926.25
INV006529,SKU0093,ProWidgetF,95,2011-08-30,117.97,19549,Netherlands,Clothing,348.46
INV006530,SKU0221,BasicWidgetH,91,2011-08-30,96.38,15225,UnitedKingdom,Books,1513.07
INV006531,SKU0203,DeluxeWidgetC,85,2011-08-30,7.47,11785,UnitedKingdom,Sports,333.34
INV006532,SKU0137,DeluxeWidgetC,1,2011-08-30,118.63,11962,Australia,Toys,2401.32
INV006533,SKU0299,StandardWidgetD,79,2011-08-30,34.07,17246,Germany,Clothing,4510.59
INV006534,SKU0394,DeluxeWidgetC,67,2011-08-30,40.24,19380,UnitedKingdom,Toys,1946.49
INV006535,SKU0206,PremiumWidgetA,6,2011-08-30,14.48,15965,Australia,Food,3912.47
INV006536,SKU0335,BasicWidgetH,78,2011-08-30,80.39,12678,Germany,HomeGarden,1436.94
INV006537,SKU0080,DeluxeWidgetC,55,2011-08-30,74.98,16105,Spain,Electronics,4281.47
INV006538,SKU0217,StandardWidgetD,38,2011-08-30,52.4,15307,Spain,Toys,2098.1
INV006539,SKU0001,ProWidgetF,33,2011-08-30,25.73,13123,Germany,Clothing,1776.73
INV006540,SKU0177,BasicWidgetH,8,2011-08-30,125.77,13143,Netherlands,Toys,3487.7
INV006541,SKU0395,DeluxeWidgetC,90,2011-08-30,131.52,12800,Netherlands,Clothing,2564.27
INV006542,SKU0370,BudgetWidgetE,79,2011-08-30,81.32,10323,Belgium,Food,1687.26
INV006543,SKU0345,BasicWidgetH,78,2011-08-30,37.01,12202,Netherlands,Electronics,291.4
INV006544,SKU0278,BasicWidgetH,20,2011-08-30,14.87,16202,Belgium,HomeGarden,834.03
INV006545,SKU0145,EliteWidgetG,55,2011-08-30,130.35,17442,Belgium,Toys,3861.85
INV006546,SKU0317,BudgetWidgetE,48,2011-08-30,14.86,11794,France,Sports,4603.74
INV006547,SKU0223,BudgetWidgetE,83,2011-08-30,2.47,12342,Germany,HomeGarden,845.02
INV006548,SKU0368,ProWidgetF,56,2011-08-30,70.67,13045,France,Electronics,2847.64
INV006549,SKU0383,ClassicWidgetB,97,2011-08-30,109.83,11307,Netherlands,Toys,171.83
INV006550,SKU0061,EliteWidgetG,88,2011-08-30,68.9,11455,Australia,Clothing,1454.93
INV006551,SKU0293,BudgetWidgetE,10,2011-08-30,8.19,19154,Netherlands,Sports,2244.49
INV006552,SKU0238,BudgetWidgetE,52,2011-08-31,103.66,19909,UnitedKingdom,HomeGarden,3679.65
INV006553,SKU0194,ClassicWidgetB,50,2011-08-31,96.53,15391,Australia,HomeGarden,221.5
INV006554,SKU0165,ProWidgetF,34,2011-08-31,102.39,12539,Belgium,Sports,3906.37
INV006555,SKU0450,EliteWidgetG,36,2011-08-31,32.07,13618,Belgium,HomeGarden,1014.04
INV006556,SKU0221,BudgetWidgetE,61,2011-08-31,119.46,12378,Australia,Electronics,3797.9
INV006557,SKU0060,StandardWidgetD,16,2011-08-31,72.14,19066,Belgium,Sports,3127.73
INV006558,SKU0128,ProWidgetF,79,2011-08-31,80.68,12205,Germany,Electronics,1698.54
INV006559,SKU0477,EliteWidgetG,18,2011-08-31,82.1,11139,France,Sports,3619.03
INV006560,SKU0172,BudgetWidgetE,71,2011-08-31,43.38,13591,UnitedKingdom,Electronics,1182.38
INV006561,SKU0479,BudgetWidgetE,47,2011-08-31,37.9,14714,Australia,Clothing,1099.42
INV006562,SKU0155,ClassicWidgetB,86,2011-08-31,1.21,14714,France,Clothing,309.66
INV006563,SKU0404,EliteWidgetG,32,2011-08-31,59.79,19737,France,HomeGarden,1965.99
INV006564,SKU0377,StandardWidgetD,43,2011-08-31,73.02,14667,UnitedKingdom,Sports,489.44
INV006565,SKU0109,ProWidgetF,83,2011-08-31,111.55,18457,UnitedKingdom,Toys,2098.09
INV006566,SKU0268,DeluxeWidgetC,40,2011-08-31,10.46,18293,Netherlands,Sports,50.01
INV006567,SKU0410,PremiumWidgetA,65,2011-08-31,138.64,17854,Belgium,Electronics,776.26
INV006568,SKU0355,StandardWidgetD,35,2011-08-31,39.96,17158,Belgium,Toys,4661.93
INV006569,SKU0390,DeluxeWidgetC,69,2011-08-31,55.32,13973,Netherlands,HomeGarden,3978.01
INV006570,SKU0277,StandardWidgetD,50,2011-08-31,7.73,19726,Australia,Food,1181.58
INV006571,SKU0073,EliteWidgetG,12,2011-08-31,98.14,12269,Australia,HomeGarden,3591.74
INV006572,SKU0486,DeluxeWidgetC,76,2011-08-31,106.48,12483,Australia,Food,3342.74
INV006573,SKU0436,EliteWidgetG,85,2011-08-31,139.35,11213,Netherlands,Toys,885.45
INV006574,SKU0462,DeluxeWidgetC,58,2011-08-31,50.86,14735,Australia,Sports,1855.92
INV006575,SKU0206,StandardWidgetD,83,2011-08-31,38.98,14429,Australia,Food,4568.62
INV006576,SKU0387,ClassicWidgetB,63,2011-09-01,109.05,19098,Netherlands,Clothing,3693.85
INV006577,SKU0479,StandardWidgetD,73,2011-09-01,106.17,19773,Netherlands,Food,3801.99
INV006578,SKU0278,EliteWidgetG,49,2011-09-01,140.6,19796,Australia,Sports,2819.87
INV006579,SKU0374,StandardWidgetD,36,2011-09-01,31.2,15995,Australia,Food,3328.03
INV006580,SKU0325,BasicWidgetH,54,2011-09-01,105.94,10569,France,Toys,2544.18
INV006581,SKU0471,BasicWidgetH,47,2011-09-01,10.5,18095,Germany,Sports,3704.73
INV006582,SKU0339,DeluxeWidgetC,32,2011-09-01,72.32,11545,Netherlands,Books,3663.91
INV006583,SKU0356,BasicWidgetH,99,2011-09-01,18.35,10908,Germany,Electronics,156.38
INV006584,SKU0339,PremiumWidgetA,95,2011-09-01,98.15,14462,Belgium,Electronics,3159.24
INV006585,SKU0203,DeluxeWidgetC,53,2011-09-01,90.42,14083,Netherlands,Books,3149.44
INV006586,SKU0160,BasicWidgetH,32,2011-09-01,7.8,13340,Spain,HomeGarden,337.53
INV006587,SKU0027,BudgetWidgetE,62,2011-09-01,48.28,16947,Belgium,Toys,2052.5
INV006588,SKU0391,StandardWidgetD,37,2011-09-01,59.56,17039,Belgium,Electronics,4494.05
INV006589,SKU0256,ProWidgetF,96,2011-09-01,37.59,17112,France,HomeGarden,4767.24
INV006590,SKU0164,StandardWidgetD,38,2011-09-01,6.28,12425,Belgium,Clothing,3911.27
INV006591,SKU0062,BasicWidgetH,30,2011-09-01,48.16,17155,Germany,HomeGarden,758.2
INV006592,SKU0021,ClassicWidgetB,58,2011-09-01,119.0,19205,France,Electronics,1874.23
INV006593,SKU0069,EliteWidgetG,32,2011-09-01,54.34,16670,UnitedKingdom,Toys,913.58
INV006594,SKU0380,ProWidgetF,66,2011-09-01,48.84,11872,Belgium,Toys,3261.03
INV006595,SKU0404,DeluxeWidgetC,51,2011-09-01,141.29,14909,Germany,HomeGarden,3865.95
INV006596,SKU0095,ClassicWidgetB,11,2011-09-01,6.72,18397,Germany,Food,4418.94
INV006597,SKU0162,StandardWidgetD,59,2011-09-01,115.21,10815,Spain,Clothing,4303.38
INV006598,SKU0078,BasicWidgetH,20,2011-09-01,72.72,10065,Germany,Books,496.95
INV006599,SKU0004,DeluxeWidgetC,37,2011-09-01,141.7,12051,UnitedKingdom,Electronics,629.24
INV006600,SKU0315,DeluxeWidgetC,73,2011-09-02,59.32,10002,Belgium,Toys,4548.45
INV006601,SKU0119,BudgetWidgetE,49,2011-09-02,106.35,17426,UnitedKingdom,Clothing,4219.08
INV006602,SKU0301,BudgetWidgetE,19,2011-09-02,10.96,10324,Belgium,Sports,2302.43
INV006603,SKU0177,BasicWidgetH,55,2011-09-02,139.35,16134,France,Books,2150.83
INV006604,SKU0175,BasicWidgetH,40,2011-09-02,52.01,10604,UnitedKingdom,Books,2764.45
INV006605,SKU0389,PremiumWidgetA,7,2011-09-02,78.84,14891,Netherlands,Food,2983.58
INV006606,SKU0216,BudgetWidgetE,5,2011-09-02,21.2,12582,Australia,Food,1271.83
INV006607,SKU0055,EliteWidgetG,42,2011-09-02,141.86,13122,Germany,Electronics,2019.31
INV006608,SKU0365,ProWidgetF,88,2011-09-02,101.11,17976,Belgium,Clothing,3098.85
INV006609,SKU0186,DeluxeWidgetC,48,2011-09-02,8.57,13114,France,Toys,1032.13
INV006610,SKU0231,BudgetWidgetE,7,2011-09-02,23.7,10346,France,Food,4994.17
INV006611,SKU0254,BasicWidgetH,11,2011-09-02,60.28,13443,Belgium,Toys,1415.41
INV006612,SKU0412,PremiumWidgetA,73,2011-09-02,32.91,12254,France,Sports,2762.52
INV006613,SKU0454,BasicWidgetH,49,2011-09-02,46.04,18302,France,Toys,2771.24
INV006614,SKU0103,BasicWidgetH,30,2011-09-02,149.62,10022,Germany,Clothing,2257.97
INV006615,SKU0076,BasicWidgetH,41,2011-09-02,98.97,13816,France,Toys,1208.48
INV006616,SKU0229,StandardWidgetD,3,2011-09-02,138.37,11707,Germany,HomeGarden,2827.2
INV006617,SKU0401,ProWidgetF,86,2011-09-02,65.65,16715,France,Toys,455.98
INV006618,SKU0257,BudgetWidgetE,40,2011-09-02,106.69,16053,France,Electronics,1935.24
INV006619,SKU0263,DeluxeWidgetC,51,2011-09-02,69.22,13815,Australia,HomeGarden,1122.04
INV006620,SKU0330,StandardWidgetD,84,2011-09-02,49.57,18938,Belgium,Toys,621.76
INV006621,SKU0480,BasicWidgetH,32,2011-09-02,78.12,10514,Netherlands,Toys,4627.49
INV006622,SKU0181,EliteWidgetG,48,2011-09-02,64.38,16287,UnitedKingdom,Toys,3500.01
INV006623,SKU0380,DeluxeWidgetC,71,2011-09-02,147.09,13039,UnitedKingdom,HomeGarden,844.98
INV006624,SKU0255,StandardWidgetD,71,2011-09-03,74.68,15861,UnitedKingdom,Toys,4747.03
INV006625,SKU0037,EliteWidgetG,20,2011-09-03,121.76,12856,Netherlands,Food,1080.74
INV006626,SKU0175,EliteWidgetG,89,2011-09-03,100.19,12341,Germany,Books,1178.83
INV006627,SKU0026,ProWidgetF,35,2011-09-03,72.2,18516,UnitedKingdom,Toys,667.22
INV006628,SKU0275,DeluxeWidgetC,24,2011-09-03,71.39,16336,UnitedKingdom,Food,3639.54
INV006629,SKU0139,BudgetWidgetE,40,2011-09-03,51.61,13362,UnitedKingdom,Books,2854.81
INV006630,SKU0298,BudgetWidgetE,77,2011-09-03,16.49,17806,Belgium,HomeGarden,292.2
INV006631,SKU0444,PremiumWidgetA,52,2011-09-03,114.34,13490,Germany,Toys,127.47
INV006632,SKU0286,StandardWidgetD,39,2011-09-03,137.76,12507,Netherlands,Food,2663.76
INV006633,SKU0090,PremiumWidgetA,68,2011-09-03,33.08,18148,Netherlands,Clothing,3258.0
INV006634,SKU0479,ClassicWidgetB,61,2011-09-03,138.89,15167,Spain,Food,4114.55
INV006635,SKU0060,BudgetWidgetE,76,2011-09-03,35.23,13178,Spain,Electronics,2391.89
INV006636,SKU0457,StandardWidgetD,81,2011-09-03,79.75,17431,Germany,Toys,3382.98
INV006637,SKU0450,ProWidgetF,65,2011-09-03,51.87,13324,Belgium,Electronics,3668.54
INV006638,SKU0364,PremiumWidgetA,62,2011-09-03,17.62,19754,Australia,Clothing,3065.65
INV006639,SKU0346,ProWidgetF,81,2011-09-03,8.4,11544,France,HomeGarden,1761.73
INV006640,SKU0162,ProWidgetF,2,2011-09-03,55.12,15851,Germany,Electronics,660.35
INV006641,SKU0350,BasicWidgetH,6,2011-09-03,7.58,18717,France,Toys,3238.05
INV006642,SKU0142,BasicWidgetH,75,2011-09-03,16.08,16172,Netherlands,Books,3843.71
INV006643,SKU0399,ProWidgetF,43,2011-09-03,21.77,14633,France,Sports,949.95
INV006644,SKU0252,PremiumWidgetA,82,2011-09-03,0.79,19941,Spain,Books,2474.84
INV006645,SKU0268,BasicWidgetH,40,2011-09-03,23.41,16286,UnitedKingdom,Clothing,1986.83
INV006646,SKU0368,ClassicWidgetB,89,2011-09-03,86.8,19032,France,Food,1029.31
INV006647,SKU0290,EliteWidgetG,39,2011-09-03,123.02,12265,Spain,Sports,1227.32
INV006648,SKU0499,EliteWidgetG,28,2011-09-04,29.42,18904,France,Electronics,1189.13
INV006649,SKU0458,BasicWidgetH,80,2011-09-04,12.59,18258,Netherlands,Toys,2095.24
INV006650,SKU0186,PremiumWidgetA,63,2011-09-04,109.56,18952,Belgium,Electronics,1952.92
INV006651,SKU0404,EliteWidgetG,64,2011-09-04,1.72,16287,Belgium,Sports,2771.34
INV006652,SKU0498,DeluxeWidgetC,12,2011-09-04,110.26,15260,Australia,Electronics,466.96
INV006653,SKU0437,EliteWidgetG,41,2011-09-04,20.1,18656,France,Sports,2906.67
INV006654,SKU0458,BudgetWidgetE,29,2011-09-04,34.63,14191,Belgium,HomeGarden,110.21
INV006655,SKU0413,PremiumWidgetA,23,2011-09-04,18.45,14899,Netherlands,Clothing,1287.62
INV006656,SKU0303,BasicWidgetH,85,2011-09-04,37.48,11467,UnitedKingdom,Toys,2511.19
INV006657,SKU0290,BasicWidgetH,80,2011-09-04,119.83,14852,France,Books,3434.99
INV006658,SKU0085,EliteWidgetG,51,2011-09-04,20.32,16101,France,Sports,3856.56
INV006659,SKU0165,PremiumWidgetA,45,2011-09-04,149.13,17547,UnitedKingdom,Food,178.77
INV006660,SKU0414,ClassicWidgetB,90,2011-09-04,49.4,12760,Spain,Sports,2687.9
INV006661,SKU0461,DeluxeWidgetC,22,2011-09-04,138.33,16421,Belgium,HomeGarden,1772.83
INV006662,SKU0407,BasicWidgetH,10,2011-09-04,28.91,11393,Spain,Food,3474.85
INV006663,SKU0113,PremiumWidgetA,7,2011-09-04,28.59,13693,Spain,Toys,1419.62
INV006664,SKU0432,BasicWidgetH,73,2011-09-04,85.02,15378,Germany,Toys,3718.87
INV006665,SKU0479,BasicWidgetH,89,2011-09-04,8.06,11699,Australia,Books,3011.58
INV006666,SKU0355,BudgetWidgetE,15,2011-09-04,120.25,11120,UnitedKingdom,HomeGarden,3948.57
INV006667,SKU0415,EliteWidgetG,77,2011-09-04,66.22,15329,Belgium,HomeGarden,4921.99
INV006668,SKU0182,BudgetWidgetE,46,2011-09-04,105.03,11571,Spain,Clothing,4543.02
INV006669,SKU0206,EliteWidgetG,90,2011-09-04,26.61,10728,UnitedKingdom,Electronics,2966.86
INV006670,SKU0255,BasicWidgetH,85,2011-09-04,96.53,10615,UnitedKingdom,Toys,4468.92
INV006671,SKU0234,PremiumWidgetA,87,2011-09-04,89.31,10370,Germany,Toys,766.3
INV006672,SKU0441,ProWidgetF,61,2011-09-05,113.47,16767,UnitedKingdom,Books,216.13
INV006673,SKU0354,EliteWidgetG,92,2011-09-05,44.96,15338,Germany,HomeGarden,2666.13
INV006674,SKU0002,ProWidgetF,61,2011-09-05,140.01,14942,Australia,Food,4871.87
INV006675,SKU0207,DeluxeWidgetC,51,2011-09-05,144.21,19139,Germany,Electronics,3548.97
INV006676,SKU0196,BudgetWidgetE,38,2011-09-05,130.28,11119,Australia,Food,1526.41
INV006677,SKU0340,ProWidgetF,12,2011-09-05,86.02,19647,Australia,Electronics,3344.19
INV006678,SKU0124,BudgetWidgetE,88,2011-09-05,63.33,16331,Australia,Electronics,200.5
INV006679,SKU0137,EliteWidgetG,77,2011-09-05,9.17,17019,Netherlands,Toys,2353.63
INV006680,SKU0338,EliteWidgetG,66,2011-09-05,142.11,12422,Australia,Food,1187.04
INV006681,SKU0024,DeluxeWidgetC,54,2011-09-05,142.79,17590,Germany,Food,246.94
INV006682,SKU0067,EliteWidgetG,39,2011-09-05,3.29,19532,Netherlands,Electronics,1250.3
INV006683,SKU0060,BasicWidgetH,76,2011-09-05,53.85,19710,Belgium,Clothing,3612.58
INV006684,SKU0028,DeluxeWidgetC,39,2011-09-05,132.07,15825,Belgium,Clothing,2756.39
INV006685,SKU0382,ProWidgetF,78,2011-09-05,12.59,16760,UnitedKingdom,HomeGarden,118.15
INV006686,SKU0018,EliteWidgetG,30,2011-09-05,29.89,18902,Belgium,Electronics,2049.28
INV006687,SKU0170,PremiumWidgetA,48,2011-09-05,146.81,14570,UnitedKingdom,Food,3761.1
INV006688,SKU0449,StandardWidgetD,83,2011-09-05,127.17,10573,France,HomeGarden,4773.07
INV006689,SKU0073,ClassicWidgetB,31,2011-09-05,136.85,10507,Australia,Sports,4371.91
INV006690,SKU0060,BasicWidgetH,25,2011-09-05,21.75,16735,Belgium,Toys,8.6
INV006691,SKU0426,StandardWidgetD,68,2011-09-05,32.09,12222,France,Clothing,1094.29
INV006692,SKU0152,StandardWidgetD,51,2011-09-05,91.01,17688,Australia,Clothing,1039.48
INV006693,SKU0275,BudgetWidgetE,13,2011-09-05,75.51,11294,Belgium,Toys,2066.06
INV006694,SKU0047,BasicWidgetH,63,2011-09-05,45.13,19889,Australia,Books,3229.13
INV006695,SKU0210,BasicWidgetH,42,2011-09-05,132.64,10787,Belgium,Sports,766.19
INV006696,SKU0342,DeluxeWidgetC,54,2011-09-06,135.26,14667,Spain,Food,4578.48
INV006697,SKU0407,BudgetWidgetE,67,2011-09-06,44.11,12233,Germany,Clothing,3885.81
INV006698,SKU0138,ProWidgetF,80,2011-09-06,23.79,18778,Germany,Food,2097.24
INV006699,SKU0109,ClassicWidgetB,90,2011-09-06,22.79,13650,UnitedKingdom,Electronics,2920.38
INV006700,SKU0481,ProWidgetF,56,2011-09-06,72.92,13249,Netherlands,Toys,2709.47
INV006701,SKU0182,PremiumWidgetA,19,2011-09-06,20.37,16071,UnitedKingdom,Electronics,2911.57
INV006702,SKU0027,ClassicWidgetB,46,2011-09-06,71.26,14036,Australia,Toys,4300.72
INV006703,SKU0196,BudgetWidgetE,15,2011-09-06,69.56,18747,Spain,Food,1001.4
INV006704,SKU0190,EliteWidgetG,32,2011-09-06,132.67,11709,Netherlands,Electronics,3418.89
INV006705,SKU0314,EliteWidgetG,49,2011-09-06,44.78,15212,France,Toys,536.06
INV006706,SKU0388,BudgetWidgetE,21,2011-09-06,84.32,11510,Australia,Food,2296.36
INV006707,SKU0050,ProWidgetF,65,2011-09-06,111.65,15903,Germany,Food,3179.56
INV006708,SKU0148,BudgetWidgetE,70,2011-09-06,89.59,18167,UnitedKingdom,HomeGarden,63.5
INV006709,SKU0267,BudgetWidgetE,27,2011-09-06,143.13,17552,UnitedKingdom,Clothing,541.22
INV006710,SKU0049,StandardWidgetD,23,2011-09-06,90.54,13506,France,HomeGarden,457.24
INV006711,SKU0387,PremiumWidgetA,47,2011-09-06,135.33,16078,UnitedKingdom,Food,1874.09
INV006712,SKU0245,BasicWidgetH,95,2011-09-06,37.14,16432,UnitedKingdom,Clothing,3110.42
INV006713,SKU0112,EliteWidgetG,12,2011-09-06,84.33,13633,Belgium,Books,4979.83
INV006714,SKU0169,StandardWidgetD,85,2011-09-06,81.72,11461,Netherlands,HomeGarden,1271.14
INV006715,SKU0467,BudgetWidgetE,66,2011-09-06,148.42,15914,Australia,Clothing,680.66
INV006716,SKU0165,DeluxeWidgetC,5,2011-09-06,31.07,16352,Netherlands,Books,2074.4
INV006717,SKU0408,StandardWidgetD,9,2011-09-06,21.58,12171,Netherlands,Food,730.73
INV006718,SKU0013,BudgetWidgetE,20,2011-09-06,91.94,17928,UnitedKingdom,Clothing,123.7
INV006719,SKU0202,EliteWidgetG,82,2011-09-06,33.94,18594,Belgium,Sports,2820.23
INV006720,SKU0287,BasicWidgetH,63,2011-09-07,96.05,18475,Australia,Toys,4397.98
INV006721,SKU0394,BudgetWidgetE,86,2011-09-07,145.89,16806,UnitedKingdom,HomeGarden,4304.39
INV006722,SKU0188,PremiumWidgetA,72,2011-09-07,142.0,16115,Spain,Electronics,504.84
INV006723,SKU0401,ProWidgetF,98,2011-09-07,35.05,18432,Belgium,Books,738.24
INV006724,SKU0154,ClassicWidgetB,73,2011-09-07,26.05,14656,Spain,Books,2456.11
INV006725,SKU0054,StandardWidgetD,71,2011-09-07,84.33,18892,Belgium,Food,1839.21
INV006726,SKU0181,StandardWidgetD,30,2011-09-07,88.22,12670,UnitedKingdom,Food,3515.67
INV006727,SKU0209,StandardWidgetD,82,2011-09-07,99.51,14360,Netherlands,Electronics,2475.21
INV006728,SKU0375,BudgetWidgetE,91,2011-09-07,111.35,12548,Spain,Books,101.57
INV006729,SKU0470,BasicWidgetH,16,2011-09-07,90.34,12326,Germany,Electronics,1423.54
INV006730,SKU0074,PremiumWidgetA,85,2011-09-07,17.21,12796,Spain,Electronics,4507.56
INV006731,SKU0276,BasicWidgetH,5,2011-09-07,118.63,17046,Germany,Clothing,2558.03
INV006732,SKU0427,BudgetWidgetE,29,2011-09-07,12.39,12206,Belgium,HomeGarden,3989.95
INV006733,SKU0132,BudgetWidgetE,47,2011-09-07,3.49,15179,Netherlands,Sports,2012.08
INV006734,SKU0342,ProWidgetF,22,2011-09-07,115.56,11610,Netherlands,Books,3385.14
INV006735,SKU0424,DeluxeWidgetC,78,2011-09-07,82.48,18679,UnitedKingdom,Clothing,845.85
INV006736,SKU0058,PremiumWidgetA,57,2011-09-07,104.94,10464,Australia,Sports,3682.93
INV006737,SKU0344,StandardWidgetD,83,2011-09-07,57.72,14323,Spain,Sports,3933.12
INV006738,SKU0488,ClassicWidgetB,35,2011-09-07,2.16,18857,UnitedKingdom,Books,451.61
INV006739,SKU0181,StandardWidgetD,88,2011-09-07,49.99,15475,UnitedKingdom,Books,917.37
INV006740,SKU0457,BasicWidgetH,60,2011-09-07,91.42,19681,France,Clothing,2314.98
INV006741,SKU0405,BudgetWidgetE,70,2011-09-07,34.24,16965,UnitedKingdom,Books,3187.55
INV006742,SKU0338,PremiumWidgetA,60,2011-09-07,103.33,10798,Australia,Sports,3187.82
INV006743,SKU0320,EliteWidgetG,58,2011-09-07,119.26,12800,UnitedKingdom,Books,3341.35
INV006744,SKU0063,PremiumWidgetA,3,2011-09-08,68.41,13240,Netherlands,Toys,3572.36
INV006745,SKU0326,PremiumWidgetA,34,2011-09-08,131.42,13355,Australia,Toys,2529.33
INV006746,SKU0259,DeluxeWidgetC,45,2011-09-08,128.3,13929,Spain,Clothing,2874.7
INV006747,SKU0192,StandardWidgetD,50,2011-09-08,131.77,10859,Netherlands,Clothing,43.02
INV006748,SKU0142,DeluxeWidgetC,2,2011-09-08,99.33,18555,Belgium,Clothing,833.84
INV006749,SKU0103,EliteWidgetG,15,2011-09-08,46.07,17688,France,Books,2493.32
INV006750,SKU0459,EliteWidgetG,37,2011-09-08,72.45,15022,France,HomeGarden,3728.22
INV006751,SKU0405,ProWidgetF,15,2011-09-08,106.72,17584,Australia,Clothing,4044.82
INV006752,SKU0213,BasicWidgetH,60,2011-09-08,31.98,16402,Spain,HomeGarden,3644.99
INV006753,SKU0241,ClassicWidgetB,96,2011-09-08,110.96,19107,Belgium,Electronics,2432.53
INV006754,SKU0430,ProWidgetF,85,2011-09-08,82.44,11774,Germany,Clothing,1407.11
INV006755,SKU0208,BudgetWidgetE,64,2011-09-08,14.85,13365,Belgium,HomeGarden,2224.14
INV006756,SKU0092,DeluxeWidgetC,81,2011-09-08,83.81,18014,Germany,Food,47.47
INV006757,SKU0429,DeluxeWidgetC,98,2011-09-08,10.48,18342,Australia,HomeGarden,2990.2
INV006758,SKU0141,ProWidgetF,96,2011-09-08,2.64,17425,Australia,Sports,373.76
INV006759,SKU0433,BudgetWidgetE,52,2011-09-08,133.5,13021,Belgium,Food,727.81
INV006760,SKU0403,PremiumWidgetA,23,2011-09-08,73.74,14237,Belgium,HomeGarden,3130.26
INV006761,SKU0433,BudgetWidgetE,99,2011-09-08,81.72,16394,Netherlands,Sports,67.73
INV006762,SKU0111,StandardWidgetD,37,2011-09-08,42.35,13817,France,Toys,2868.2
INV006763,SKU0416,ProWidgetF,41,2011-09-08,81.64,19262,Australia,Toys,3192.26
INV006764,SKU0374,BasicWidgetH,57,2011-09-08,25.75,10760,UnitedKingdom,Toys,3941.59
INV006765,SKU0058,BudgetWidgetE,97,2011-09-08,111.97,14451,Netherlands,HomeGarden,341.08
INV006766,SKU0042,PremiumWidgetA,25,2011-09-08,123.59,14627,France,HomeGarden,15.66
INV006767,SKU0206,BudgetWidgetE,37,2011-09-08,128.45,12739,Netherlands,Electronics,3834.52
INV006768,SKU0267,DeluxeWidgetC,40,2011-09-09,16.44,17439,France,HomeGarden,1450.98
INV006769,SKU0295,ClassicWidgetB,85,2011-09-09,83.88,15548,UnitedKingdom,Books,4436.14
INV006770,SKU0117,DeluxeWidgetC,46,2011-09-09,121.41,16791,France,Books,925.66
INV006771,SKU0019,BasicWidgetH,60,2011-09-09,19.67,17916,Netherlands,Toys,2927.94
INV006772,SKU0221,EliteWidgetG,98,2011-09-09,15.38,16845,Belgium,Food,547.94
INV006773,SKU0165,ClassicWidgetB,19,2011-09-09,122.63,16867,France,Food,2014.05
INV006774,SKU0130,EliteWidgetG,91,2011-09-09,119.61,19108,Netherlands,Books,4410.44
INV006775,SKU0155,BudgetWidgetE,9,2011-09-09,67.58,13943,Australia,Electronics,3042.13
INV006776,SKU0183,StandardWidgetD,69,2011-09-09,16.9,13460,UnitedKingdom,HomeGarden,3448.4
INV006777,SKU0089,BasicWidgetH,5,2011-09-09,77.66,11492,Netherlands,Electronics,1130.63
INV006778,SKU0093,BudgetWidgetE,89,2011-09-09,59.52,13621,Germany,Food,4613.83
INV006779,SKU0012,PremiumWidgetA,26,2011-09-09,78.02,18918,Germany,HomeGarden,3117.79
INV006780,SKU0460,BudgetWidgetE,19,2011-09-09,66.26,19801,Spain,Sports,530.32
INV006781,SKU0321,ClassicWidgetB,30,2011-09-09,85.49,15018,Spain,Electronics,78.75
INV006782,SKU0292,DeluxeWidgetC,48,2011-09-09,109.21,18162,France,Toys,80.6
INV006783,SKU0432,StandardWidgetD,16,2011-09-09,116.34,16750,Australia,Food,257.01
INV006784,SKU0229,EliteWidgetG,71,2011-09-09,97.52,14841,Australia,Books,4558.17
INV006785,SKU0321,BudgetWidgetE,18,2011-09-09,30.24,19131,Germany,Books,1792.54
INV006786,SKU0291,BudgetWidgetE,56,2011-09-09,59.87,17468,France,Books,1491.86
INV006787,SKU0437,DeluxeWidgetC,21,2011-09-09,11.15,10087,Australia,Food,2083.31
INV006788,SKU0025,StandardWidgetD,31,2011-09-09,68.03,10562,Australia,HomeGarden,2048.45
INV006789,SKU0074,ProWidgetF,1,2011-09-09,145.57,11268,Belgium,HomeGarden,1193.23
INV006790,SKU0455,EliteWidgetG,3,2011-09-09,96.44,19682,France,Electronics,460.05
INV006791,SKU0363,BudgetWidgetE,95,2011-09-09,23.61,15561,Netherlands,Toys,544.02
INV006792,SKU0423,BudgetWidgetE,25,2011-09-10,40.65,16045,Germany,Clothing,2996.34
INV006793,SKU0298,ProWidgetF,8,2011-09-10,10.15,19764,Spain,Food,1984.78
INV006794,SKU0149,EliteWidgetG,65,2011-09-10,27.77,14654,Belgium,HomeGarden,4512.37
INV006795,SKU0147,ClassicWidgetB,62,2011-09-10,73.43,13171,Australia,Food,2319.22
INV006796,SKU0007,ClassicWidgetB,7,2011-09-10,52.06,17512,Belgium,Clothing,2517.95
INV006797,SKU0028,BasicWidgetH,7,2011-09-10,30.99,17852,Belgium,Clothing,4641.3
INV006798,SKU0295,BasicWidgetH,8,2011-09-10,22.42,12800,Netherlands,HomeGarden,2508.7
INV006799,SKU0473,PremiumWidgetA,19,2011-09-10,98.58,16846,Netherlands,Electronics,2510.41
INV006800,SKU0413,DeluxeWidgetC,17,2011-09-10,83.94,15038,Netherlands,Toys,1816.45
INV006801,SKU0208,StandardWidgetD,11,2011-09-10,126.47,19449,Netherlands,Food,3552.35
INV006802,SKU0127,BudgetWidgetE,49,2011-09-10,27.9,14888,UnitedKingdom,Clothing,1961.75
INV006803,SKU0339,EliteWidgetG,11,2011-09-10,127.27,14780,UnitedKingdom,Electronics,2942.02
INV006804,SKU0115,BudgetWidgetE,41,2011-09-10,86.9,11143,Spain,Electronics,2237.53
INV006805,SKU0438,BasicWidgetH,62,2011-09-10,40.3,16703,France,Toys,2644.2
INV006806,SKU0143,PremiumWidgetA,52,2011-09-10,41.4,10747,Germany,HomeGarden,4135.31
INV006807,SKU0429,EliteWidgetG,66,2011-09-10,58.86,17094,France,Toys,2069.25
INV006808,SKU0317,EliteWidgetG,68,2011-09-10,69.29,16445,Belgium,Food,1151.16
INV006809,SKU0234,BudgetWidgetE,92,2011-09-10,12.83,13488,UnitedKingdom,Clothing,2852.03
INV006810,SKU0006,DeluxeWidgetC,97,2011-09-10,126.38,19337,France,Electronics,4687.61
INV006811,SKU0463,PremiumWidgetA,75,2011-09-10,18.67,12104,France,Clothing,3466.37
INV006812,SKU0044,DeluxeWidgetC,67,2011-09-10,72.78,13856,Netherlands,Food,1542.51
INV006813,SKU0442,PremiumWidgetA,40,2011-09-10,57.75,15119,Australia,Food,4815.01
INV006814,SKU0238,BudgetWidgetE,5,2011-09-10,77.09,15258,UnitedKingdom,Electronics,1714.24
INV006815,SKU0439,PremiumWidgetA,85,2011-09-10,133.18,12768,UnitedKingdom,HomeGarden,4916.29
INV006816,SKU0431,ClassicWidgetB,22,2011-09-11,148.37,14059,France,Food,960.76
INV006817,SKU0154,EliteWidgetG,37,2011-09-11,3.53,11808,Australia,Electronics,4998.25
INV006818,SKU0180,StandardWidgetD,11,2011-09-11,59.29,15480,France,HomeGarden,380.45
INV006819,SKU0214,BudgetWidgetE,44,2011-09-11,122.73,10409,Germany,HomeGarden,3566.49
INV006820,SKU0087,ProWidgetF,86,2011-09-11,49.33,10645,UnitedKingdom,Clothing,3702.47
INV006821,SKU0255,StandardWidgetD,53,2011-09-11,97.53,11551,Netherlands,Clothing,3398.19
INV006822,SKU0072,BudgetWidgetE,77,2011-09-11,148.84,15362,Netherlands,Toys,3888.26
INV006823,SKU0418,StandardWidgetD,61,2011-09-11,97.19,11113,Netherlands,Clothing,2359.69
INV006824,SKU0178,ClassicWidgetB,67,2011-09-11,17.12,13587,Spain,Sports,271.52
INV006825,SKU0211,StandardWidgetD,13,2011-09-11,126.52,10061,Spain,Clothing,1789.41
INV006826,SKU0292,PremiumWidgetA,92,2011-09-11,145.02,19427,UnitedKingdom,Clothing,3211.93
INV006827,SKU0233,BasicWidgetH,11,2011-09-11,107.02,11727,UnitedKingdom,Toys,3231.59
INV006828,SKU0464,StandardWidgetD,11,2011-09-11,63.15,14592,Netherlands,Electronics,976.77
INV006829,SKU0238,BudgetWidgetE,85,2011-09-11,142.29,18168,Belgium,Toys,1265.77
INV006830,SKU0222,ProWidgetF,85,2011-09-11,145.3,12966,UnitedKingdom,Sports,2434.0
INV006831,SKU0118,ProWidgetF,7,2011-09-11,140.3,13360,Netherlands,Sports,3643.32
INV006832,SKU0312,BasicWidgetH,17,2011-09-11,62.07,15662,Germany,Food,4264.14
INV006833,SKU0263,DeluxeWidgetC,48,2011-09-11,118.56,18070,Germany,Electronics,433.34
INV006834,SKU0206,BasicWidgetH,14,2011-09-11,98.3,19604,Germany,Clothing,4628.17
INV006835,SKU0094,EliteWidgetG,63,2011-09-11,27.37,19925,France,Toys,4638.73
INV006836,SKU0372,StandardWidgetD,64,2011-09-11,80.56,16700,France,Food,40.66
INV006837,SKU0221,ProWidgetF,97,2011-09-11,112.28,13630,Australia,Books,2532.54
INV006838,SKU0365,BasicWidgetH,75,2011-09-11,134.44,13869,Australia,HomeGarden,2936.13
INV006839,SKU0275,StandardWidgetD,77,2011-09-11,129.46,15200,Australia,Sports,2769.01
INV006840,SKU0379,EliteWidgetG,65,2011-09-12,23.62,12039,Germany,Food,3079.24
INV006841,SKU0230,ProWidgetF,34,2011-09-12,73.46,17454,Germany,Electronics,2517.25
INV006842,SKU0308,EliteWidgetG,9,2011-09-12,72.0,11307,Germany,Food,1469.74
INV006843,SKU0118,StandardWidgetD,77,2011-09-12,134.86,16634,UnitedKingdom,Books,479.43
INV006844,SKU0267,BudgetWidgetE,37,2011-09-12,0.79,11724,UnitedKingdom,HomeGarden,1042.69
INV006845,SKU0432,StandardWidgetD,30,2011-09-12,110.94,15670,Germany,Books,3701.54
INV006846,SKU0272,BasicWidgetH,41,2011-09-12,92.99,14690,Netherlands,Clothing,1206.08
INV006847,SKU0063,EliteWidgetG,45,2011-09-12,138.27,12455,Australia,Electronics,4148.72
INV006848,SKU0297,BudgetWidgetE,47,2011-09-12,68.81,10941,France,HomeGarden,2018.04
INV006849,SKU0349,BudgetWidgetE,7,2011-09-12,98.82,17092,Australia,HomeGarden,2072.96
INV006850,SKU0412,DeluxeWidgetC,14,2011-09-12,145.93,15295,Netherlands,Clothing,4342.63
INV006851,SKU0402,ProWidgetF,48,2011-09-12,111.71,17688,Spain,Clothing,1072.23
INV006852,SKU0493,PremiumWidgetA,6,2011-09-12,10.57,13061,UnitedKingdom,Clothing,948.91
INV006853,SKU0010,BudgetWidgetE,34,2011-09-12,25.55,19476,Belgium,Electronics,4927.05
INV006854,SKU0097,EliteWidgetG,80,2011-09-12,123.31,18587,Germany,Sports,2703.48
INV006855,SKU0433,ProWidgetF,46,2011-09-12,50.55,13763,UnitedKingdom,Books,953.41
INV006856,SKU0070,ClassicWidgetB,59,2011-09-12,106.03,17694,UnitedKingdom,Electronics,829.86
INV006857,SKU0363,StandardWidgetD,70,2011-09-12,105.12,19282,Netherlands,Electronics,4308.46
INV006858,SKU0057,BasicWidgetH,8,2011-09-12,149.06,12888,UnitedKingdom,Books,2999.63
INV006859,SKU0289,EliteWidgetG,24,2011-09-12,70.75,19914,UnitedKingdom,Food,576.08
INV006860,SKU0250,ClassicWidgetB,67,2011-09-12,110.81,14443,Belgium,HomeGarden,4434.65
INV006861,SKU0275,EliteWidgetG,4,2011-09-12,7.79,14006,Australia,Food,2220.08
INV006862,SKU0049,StandardWidgetD,96,2011-09-12,69.66,11086,Australia,Books,4946.8
INV006863,SKU0357,DeluxeWidgetC,1,2011-09-12,28.41,16499,Spain,Clothing,1409.52
INV006864,SKU0215,EliteWidgetG,34,2011-09-13,126.17,11304,Netherlands,HomeGarden,2644.56
INV006865,SKU0393,BudgetWidgetE,9,2011-09-13,126.07,16510,Belgium,Food,866.33
INV006866,SKU0415,PremiumWidgetA,63,2011-09-13,35.84,11014,Germany,Electronics,2199.09
INV006867,SKU0051,BudgetWidgetE,76,2011-09-13,48.08,18412,Belgium,Books,883.51
INV006868,SKU0270,StandardWidgetD,10,2011-09-13,105.52,15848,Australia,Electronics,1536.85
INV006869,SKU0484,EliteWidgetG,10,2011-09-13,110.87,19318,Belgium,Food,1350.06
INV006870,SKU0083,PremiumWidgetA,50,2011-09-13,98.82,18664,Spain,Toys,1416.19
INV006871,SKU0386,BudgetWidgetE,44,2011-09-13,149.51,15120,UnitedKingdom,Electronics,4849.16
INV006872,SKU0292,PremiumWidgetA,48,2011-09-13,130.37,10415,Spain,Books,193.19
INV006873,SKU0125,BasicWidgetH,87,2011-09-13,62.85,11868,Spain,Toys,2484.81
INV006874,SKU0295,StandardWidgetD,6,2011-09-13,49.38,14112,France,Toys,3146.6
INV006875,SKU0071,DeluxeWidgetC,88,2011-09-13,89.73,11533,Australia,Toys,3304.15
INV006876,SKU0295,DeluxeWidgetC,24,2011-09-13,122.74,17922,Spain,Electronics,3772.97
INV006877,SKU0235,EliteWidgetG,85,2011-09-13,71.56,11462,Spain,Sports,3805.07
INV006878,SKU0055,BudgetWidgetE,95,2011-09-13,110.79,17698,France,Sports,4777.56
INV006879,SKU0406,ClassicWidgetB,58,2011-09-13,3.36,11865,Germany,Electronics,3778.58
INV006880,SKU0359,StandardWidgetD,64,2011-09-13,138.91,14009,UnitedKingdom,HomeGarden,4118.62
INV006881,SKU0394,BudgetWidgetE,94,2011-09-13,116.19,19928,Australia,HomeGarden,2662.04
INV006882,SKU0109,BudgetWidgetE,56,2011-09-13,59.43,17973,Belgium,HomeGarden,3288.71
INV006883,SKU0191,DeluxeWidgetC,98,2011-09-13,57.91,17710,Germany,HomeGarden,2391.14
INV006884,SKU0391,EliteWidgetG,82,2011-09-13,15.88,18663,Belgium,Sports,1382.81
INV006885,SKU0092,PremiumWidgetA,12,2011-09-13,122.51,13177,Belgium,Food,1567.6
INV006886,SKU0349,StandardWidgetD,35,2011-09-13,115.41,12865,Netherlands,HomeGarden,1803.3
INV006887,SKU0055,BasicWidgetH,71,2011-09-13,94.72,13197,Germany,Books,1703.88
INV006888,SKU0059,PremiumWidgetA,89,2011-09-14,15.67,12461,Netherlands,HomeGarden,2666.27
INV006889,SKU0137,ProWidgetF,6,2011-09-14,39.72,17782,Netherlands,Books,1238.91
INV006890,SKU0038,ProWidgetF,65,2011-09-14,69.11,13581,Australia,Sports,2583.69
INV006891,SKU0027,StandardWidgetD,80,2011-09-14,40.26,18692,France,Books,4581.29
INV006892,SKU0048,EliteWidgetG,60,2011-09-14,65.38,17994,Netherlands,Toys,2030.41
INV006893,SKU0419,ClassicWidgetB,68,2011-09-14,34.28,10120,UnitedKingdom,Books,1114.01
INV006894,SKU0124,ProWidgetF,29,2011-09-14,52.77,11775,Australia,Electronics,1734.93
INV006895,SKU0012,DeluxeWidgetC,38,2011-09-14,98.02,10606,Spain,Books,4384.56
INV006896,SKU0479,ClassicWidgetB,92,2011-09-14,133.91,18129,Spain,Toys,4708.55
INV006897,SKU0035,BudgetWidgetE,22,2011-09-14,58.06,17375,Netherlands,Electronics,4433.55
INV006898,SKU0100,ProWidgetF,8,2011-09-14,103.94,10819,Australia,Toys,1437.45
INV006899,SKU0281,DeluxeWidgetC,63,2011-09-14,20.65,10783,UnitedKingdom,HomeGarden,1939.84
INV006900,SKU0085,BudgetWidgetE,96,2011-09-14,81.35,11846,Australia,Books,4874.69
INV006901,SKU0003,ClassicWidgetB,97,2011-09-14,138.29,17560,Belgium,Food,1619.94
INV006902,SKU0222,StandardWidgetD,13,2011-09-14,4.68,10391,Australia,Books,690.16
INV006903,SKU0337,BudgetWidgetE,27,2011-09-14,40.5,17880,Belgium,Clothing,1411.19
INV006904,SKU0447,PremiumWidgetA,18,2011-09-14,20.31,11132,Spain,HomeGarden,4819.92
INV006905,SKU0165,StandardWidgetD,18,2011-09-14,80.2,14445,Netherlands,Books,2079.96
INV006906,SKU0382,StandardWidgetD,77,2011-09-14,102.11,15318,Germany,Books,4669.48
INV006907,SKU0343,ClassicWidgetB,86,2011-09-14,9.14,15562,Australia,Clothing,521.31
INV006908,SKU0382,ClassicWidgetB,62,2011-09-14,11.01,14439,Netherlands,Electronics,3830.51
INV006909,SKU0375,DeluxeWidgetC,14,2011-09-14,130.51,10676,Spain,HomeGarden,467.62
INV006910,SKU0470,DeluxeWidgetC,11,2011-09-14,68.71,16251,UnitedKingdom,Clothing,988.28
INV006911,SKU0277,PremiumWidgetA,86,2011-09-14,69.71,10594,Belgium,HomeGarden,3080.9
INV006912,SKU0129,StandardWidgetD,17,2011-09-15,141.71,13324,UnitedKingdom,HomeGarden,2172.96
INV006913,SKU0030,BasicWidgetH,51,2011-09-15,48.37,16168,Germany,Electronics,3333.7
INV006914,SKU0374,EliteWidgetG,96,2011-09-15,134.61,16426,UnitedKingdom,Electronics,4867.06
INV006915,SKU0010,PremiumWidgetA,14,2011-09-15,146.15,17730,Netherlands,Sports,264.52
INV006916,SKU0475,PremiumWidgetA,57,2011-09-15,36.63,12934,Germany,Clothing,958.94
INV006917,SKU0301,EliteWidgetG,93,2011-09-15,77.35,15033,Belgium,Toys,3201.48
INV006918,SKU0095,EliteWidgetG,6,2011-09-15,80.39,16763,Spain,Clothing,4482.74
INV006919,SKU0189,EliteWidgetG,57,2011-09-15,129.99,16086,Netherlands,Food,3988.44
INV006920,SKU0452,ClassicWidgetB,4,2011-09-15,45.93,14333,Spain,HomeGarden,2328.45
INV006921,SKU0191,PremiumWidgetA,11,2011-09-15,119.81,10839,Spain,Sports,3727.63
INV006922,SKU0485,PremiumWidgetA,74,2011-09-15,145.67,12510,Germany,Sports,1041.28
INV006923,SKU0265,BudgetWidgetE,92,2011-09-15,126.13,14687,Germany,Food,69.64
INV006924,SKU0423,EliteWidgetG,11,2011-09-15,136.42,12887,Netherlands,HomeGarden,2850.51
INV006925,SKU0127,EliteWidgetG,99,2011-09-15,106.4,13043,Germany,Electronics,4066.41
INV006926,SKU0237,DeluxeWidgetC,79,2011-09-15,135.64,11631,Netherlands,Sports,2167.78
INV006927,SKU0407,DeluxeWidgetC,8,2011-09-15,25.15,11405,UnitedKingdom,Clothing,2846.67
INV006928,SKU0354,StandardWidgetD,84,2011-09-15,107.0,17632,Belgium,Electronics,2111.48
INV006929,SKU0427,DeluxeWidgetC,59,2011-09-15,109.92,16115,UnitedKingdom,Books,2570.68
INV006930,SKU0111,ProWidgetF,21,2011-09-15,66.16,16495,Belgium,Sports,4421.85
INV006931,SKU0315,StandardWidgetD,65,2011-09-15,12.42,12489,Australia,HomeGarden,2391.22
INV006932,SKU0445,BasicWidgetH,93,2011-09-15,93.56,14490,France,Clothing,38.37
INV006933,SKU0342,EliteWidgetG,24,2011-09-15,8.26,10005,France,Food,3999.44
INV006934,SKU0144,BudgetWidgetE,30,2011-09-15,57.67,12581,UnitedKingdom,Sports,3088.97
INV006935,SKU0064,DeluxeWidgetC,99,2011-09-15,59.35,18411,Australia,HomeGarden,3652.24
INV006936,SKU0246,BudgetWidgetE,97,2011-09-16,149.84,18203,France,Clothing,4505.53
INV006937,SKU0222,DeluxeWidgetC,84,2011-09-16,45.32,12842,Netherlands,Sports,1431.78
INV006938,SKU0478,DeluxeWidgetC,57,2011-09-16,123.16,15504,Netherlands,Clothing,2515.85
INV006939,SKU0489,BudgetWidgetE,80,2011-09-16,8.45,16847,Germany,Books,3012.82
INV006940,SKU0312,PremiumWidgetA,73,2011-09-16,79.7,18649,France,Food,1727.61
INV006941,SKU0438,PremiumWidgetA,95,2011-09-16,80.74,18358,Spain,Food,4230.49
INV006942,SKU0105,PremiumWidgetA,17,2011-09-16,94.5,17283,Netherlands,Food,3488.13
INV006943,SKU0180,ProWidgetF,59,2011-09-16,121.6,11973,France,Clothing,3667.3
INV006944,SKU0183,PremiumWidgetA,31,2011-09-16,114.41,12195,Germany,Food,4040.23
INV006945,SKU0225,DeluxeWidgetC,64,2011-09-16,114.27,17574,UnitedKingdom,Food,1291.16
INV006946,SKU0264,EliteWidgetG,48,2011-09-16,65.13,18143,Australia,HomeGarden,3728.46
INV006947,SKU0277,ClassicWidgetB,23,2011-09-16,109.26,17552,Spain,Sports,3869.26
INV006948,SKU0396,BudgetWidgetE,70,2011-09-16,73.95,13828,Germany,HomeGarden,4212.12
INV006949,SKU0088,EliteWidgetG,30,2011-09-16,10.51,15085,Germany,Books,2443.2
INV006950,SKU0175,ClassicWidgetB,55,2011-09-16,133.58,14737,Germany,Toys,2521.44
INV006951,SKU0017,EliteWidgetG,7,2011-09-16,133.58,10239,Australia,Electronics,491.79
INV006952,SKU0370,ProWidgetF,75,2011-09-16,48.77,19108,Netherlands,Clothing,4260.75
INV006953,SKU0459,ClassicWidgetB,98,2011-09-16,137.13,12952,France,HomeGarden,2667.91
INV006954,SKU0423,BasicWidgetH,12,2011-09-16,113.82,10855,UnitedKingdom,Toys,2972.58
INV006955,SKU0400,StandardWidgetD,60,2011-09-16,60.42,13238,Belgium,Sports,608.08
INV006956,SKU0398,PremiumWidgetA,52,2011-09-16,50.06,10553,UnitedKingdom,Sports,3009.51
INV006957,SKU0105,BasicWidgetH,27,2011-09-16,146.28,18134,Spain,Electronics,210.9
INV006958,SKU0270,ProWidgetF,12,2011-09-16,107.04,19420,Australia,Sports,4616.12
INV006959,SKU0462,EliteWidgetG,13,2011-09-16,57.13,18386,UnitedKingdom,Food,4317.82
INV006960,SKU0318,DeluxeWidgetC,72,2011-09-17,96.48,17338,Spain,Books,972.39
INV006961,SKU0166,PremiumWidgetA,80,2011-09-17,85.94,15994,Spain,Electronics,2969.41
INV006962,SKU0012,BasicWidgetH,62,2011-09-17,78.92,19617,Australia,Books,3013.89
INV006963,SKU0336,PremiumWidgetA,29,2011-09-17,96.88,12693,Australia,Clothing,4017.36
INV006964,SKU0031,ClassicWidgetB,35,2011-09-17,80.88,11971,France,Books,3784.84
INV006965,SKU0392,StandardWidgetD,60,2011-09-17,98.39,15402,France,Clothing,4966.22
INV006966,SKU0039,PremiumWidgetA,29,2011-09-17,136.18,18691,Australia,Books,1754.85
INV006967,SKU0147,EliteWidgetG,31,2011-09-17,148.99,14114,France,Electronics,624.04
INV006968,SKU0217,EliteWidgetG,77,2011-09-17,106.54,13773,Netherlands,Clothing,2867.79
INV006969,SKU0218,BudgetWidgetE,76,2011-09-17,139.21,13647,Germany,Toys,3820.19
INV006970,SKU0468,BudgetWidgetE,61,2011-09-17,128.83,17909,UnitedKingdom,Books,1429.68
INV006971,SKU0081,PremiumWidgetA,2,2011-09-17,44.61,12866,UnitedKingdom,Books,1181.8
INV006972,SKU0332,ClassicWidgetB,33,2011-09-17,139.97,10686,Belgium,Sports,4012.47
INV006973,SKU0207,ClassicWidgetB,72,2011-09-17,11.09,12067,UnitedKingdom,Food,3768.86
INV006974,SKU0200,DeluxeWidgetC,62,2011-09-17,49.82,15907,UnitedKingdom,Books,1017.76
INV006975,SKU0446,ProWidgetF,59,2011-09-17,96.17,10447,Netherlands,Sports,4346.48
INV006976,SKU0331,ProWidgetF,40,2011-09-17,79.27,19958,Netherlands,Books,674.51
INV006977,SKU0427,BasicWidgetH,49,2011-09-17,81.59,19316,Germany,HomeGarden,547.09
INV006978,SKU0037,ProWidgetF,32,2011-09-17,119.34,10293,Australia,Sports,1756.19
INV006979,SKU0210,StandardWidgetD,38,2011-09-17,29.61,14160,France,Electronics,4432.78
INV006980,SKU0443,ClassicWidgetB,92,2011-09-17,147.32,12546,Germany,Electronics,3477.51
INV006981,SKU0326,DeluxeWidgetC,79,2011-09-17,65.9,18267,Belgium,Clothing,1974.2
INV006982,SKU0248,BudgetWidgetE,87,2011-09-17,142.5,17044,UnitedKingdom,Toys,787.1
INV006983,SKU0226,EliteWidgetG,88,2011-09-17,57.78,13775,France,Toys,3567.67
INV006984,SKU0047,ProWidgetF,13,2011-09-18,90.47,19491,Belgium,Electronics,2996.14
INV006985,SKU0017,BudgetWidgetE,85,2011-09-18,67.82,14178,Germany,Clothing,4938.43
INV006986,SKU0399,BudgetWidgetE,54,2011-09-18,101.55,13534,UnitedKingdom,Electronics,3828.03
INV006987,SKU0438,PremiumWidgetA,76,2011-09-18,27.95,12053,Germany,Sports,511.52
INV006988,SKU0294,StandardWidgetD,13,2011-09-18,60.39,17112,UnitedKingdom,HomeGarden,3641.35
INV006989,SKU0195,DeluxeWidgetC,39,2011-09-18,10.72,11699,Spain,Clothing,1287.98
INV006990,SKU0186,StandardWidgetD,23,2011-09-18,89.92,12518,UnitedKingdom,HomeGarden,4809.52
INV006991,SKU0344,PremiumWidgetA,92,2011-09-18,144.42,19929,Spain,Books,97.35
INV006992,SKU0223,DeluxeWidgetC,14,2011-09-18,7.36,15568,Netherlands,Books,1192.51
INV006993,SKU0317,DeluxeWidgetC,17,2011-09-18,99.11,16832,UnitedKingdom,HomeGarden,2495.49
INV006994,SKU0487,ClassicWidgetB,24,2011-09-18,116.38,18561,Germany,Sports,396.26
INV006995,SKU0396,StandardWidgetD,58,2011-09-18,32.36,13739,France,HomeGarden,1720.97
INV006996,SKU0364,StandardWidgetD,63,2011-09-18,41.32,14373,Netherlands,HomeGarden,2486.68
INV006997,SKU0336,ClassicWidgetB,34,2011-09-18,30.64,10339,Spain,HomeGarden,2235.22
INV006998,SKU0496,BasicWidgetH,51,2011-09-18,44.96,12862,France,Clothing,2303.47
INV006999,SKU0228,BudgetWidgetE,86,2011-09-18,16.96,10613,Spain,Food,4395.24
INV007000,SKU0389,PremiumWidgetA,10,2011-09-18,55.87,11103,Belgium,Clothing,2526.95
INV007001,SKU0466,StandardWidgetD,72,2011-09-18,55.65,18984,Australia,Food,4705.29
INV007002,SKU0076,ClassicWidgetB,21,2011-09-18,121.19,16746,France,HomeGarden,739.51
INV007003,SKU0187,EliteWidgetG,37,2011-09-18,120.24,18258,Australia,Toys,1402.0
INV007004,SKU0345,BasicWidgetH,7,2011-09-18,119.61,14511,Belgium,Sports,3282.92
INV007005,SKU0269,DeluxeWidgetC,90,2011-09-18,85.27,17312,Australia,Books,1416.33
INV007006,SKU0094,ProWidgetF,13,2011-09-18,49.22,15405,Netherlands,Books,1737.03
INV007007,SKU0309,EliteWidgetG,80,2011-09-18,61.94,10570,France,Books,4505.24
INV007008,SKU0131,ClassicWidgetB,30,2011-09-19,48.0,18731,Spain,Electronics,2693.26
INV007009,SKU0038,ProWidgetF,31,2011-09-19,87.5,15356,UnitedKingdom,Sports,1673.97
INV007010,SKU0071,BudgetWidgetE,5,2011-09-19,140.73,10116,Netherlands,Clothing,3883.78
INV007011,SKU0280,PremiumWidgetA,32,2011-09-19,43.03,17224,Netherlands,Books,354.25
INV007012,SKU0332,ProWidgetF,16,2011-09-19,69.1,13031,UnitedKingdom,Clothing,2818.75
INV007013,SKU0159,BasicWidgetH,73,2011-09-19,98.44,13456,France,Clothing,499.25
INV007014,SKU0186,BudgetWidgetE,22,2011-09-19,126.78,13051,Spain,Clothing,885.08
INV007015,SKU0485,ProWidgetF,64,2011-09-19,38.37,19826,Netherlands,Toys,313.16
INV007016,SKU0190,DeluxeWidgetC,44,2011-09-19,42.4,18433,Australia,Clothing,4508.51
INV007017,SKU0421,DeluxeWidgetC,40,2011-09-19,132.83,18656,UnitedKingdom,HomeGarden,241.97
INV007018,SKU0119,BasicWidgetH,37,2011-09-19,12.5,17807,Spain,Clothing,2582.57
INV007019,SKU0219,DeluxeWidgetC,78,2011-09-19,91.01,17302,Germany,Electronics,1125.66
INV007020,SKU0052,DeluxeWidgetC,16,2011-09-19,129.14,11878,Netherlands,Clothing,1918.56
INV007021,SKU0221,ClassicWidgetB,43,2011-09-19,138.3,14881,Spain,Books,2468.79
INV007022,SKU0450,DeluxeWidgetC,84,2011-09-19,2.4,14636,Australia,Clothing,2250.85
INV007023,SKU0411,EliteWidgetG,63,2011-09-19,55.77,12534,France,Books,3740.69
INV007024,SKU0130,DeluxeWidgetC,15,2011-09-19,38.96,13809,France,Clothing,4559.5
INV007025,SKU0236,EliteWidgetG,44,2011-09-19,85.42,18763,UnitedKingdom,Sports,1502.06
INV007026,SKU0245,ClassicWidgetB,90,2011-09-19,95.11,15605,Australia,HomeGarden,123.68
INV007027,SKU0225,DeluxeWidgetC,9,2011-09-19,149.97,17733,UnitedKingdom,Books,4469.83
INV007028,SKU0207,BasicWidgetH,65,2011-09-19,77.16,13641,Netherlands,Electronics,4893.94
INV007029,SKU0405,BudgetWidgetE,99,2011-09-19,82.94,10656,UnitedKingdom,Clothing,2167.32
INV007030,SKU0095,BasicWidgetH,44,2011-09-19,62.44,13151,Germany,Books,2279.49
INV007031,SKU0421,BudgetWidgetE,20,2011-09-19,22.58,19140,UnitedKingdom,Toys,721.64
INV007032,SKU0199,StandardWidgetD,70,2011-09-20,45.85,14110,UnitedKingdom,Food,2378.14
INV007033,SKU0246,BudgetWidgetE,74,2011-09-20,37.42,17207,Netherlands,HomeGarden,1517.44
INV007034,SKU0071,PremiumWidgetA,33,2011-09-20,120.28,10306,Australia,Toys,4971.91
INV007035,SKU0317,PremiumWidgetA,80,2011-09-20,82.1,18896,Spain,Clothing,925.05
INV007036,SKU0184,PremiumWidgetA,6,2011-09-20,44.78,14492,Spain,HomeGarden,1893.56
INV007037,SKU0005,ClassicWidgetB,83,2011-09-20,73.62,18869,Germany,Electronics,3082.89
INV007038,SKU0205,BasicWidgetH,31,2011-09-20,33.22,18402,UnitedKingdom,Books,1726.27
INV007039,SKU0031,BudgetWidgetE,66,2011-09-20,28.18,14494,Netherlands,Electronics,2372.64
INV007040,SKU0098,BasicWidgetH,18,2011-09-20,129.06,11396,Netherlands,HomeGarden,4867.44
INV007041,SKU0393,EliteWidgetG,28,2011-09-20,141.75,13460,Spain,Sports,2540.85
INV007042,SKU0386,PremiumWidgetA,68,2011-09-20,12.46,14353,Netherlands,Sports,4551.69
INV007043,SKU0255,StandardWidgetD,65,2011-09-20,114.85,12162,Australia,Toys,216.37
INV007044,SKU0186,ClassicWidgetB,80,2011-09-20,68.27,17676,UnitedKingdom,Food,599.97
INV007045,SKU0075,StandardWidgetD,45,2011-09-20,58.65,14544,France,Books,4722.61
INV007046,SKU0176,BudgetWidgetE,58,2011-09-20,103.57,13148,Spain,Clothing,644.53
INV007047,SKU0314,DeluxeWidgetC,47,2011-09-20,40.3,10827,Belgium,Toys,3683.02
INV007048,SKU0286,StandardWidgetD,66,2011-09-20,3.58,12655,Belgium,Electronics,2230.57
INV007049,SKU0348,DeluxeWidgetC,52,2011-09-20,32.49,16711,Spain,Sports,2034.33
INV007050,SKU0254,ClassicWidgetB,36,2011-09-20,28.15,18691,Germany,Sports,3296.44
INV007051,SKU0324,StandardWidgetD,1,2011-09-20,5.59,19253,France,Clothing,3638.28
INV007052,SKU0189,StandardWidgetD,39,2011-09-20,48.54,17864,Australia,Electronics,4659.91
INV007053,SKU0307,ProWidgetF,87,2011-09-20,71.44,17525,Belgium,HomeGarden,1285.17
INV007054,SKU0344,ClassicWidgetB,90,2011-09-20,110.51,15170,Spain,Toys,3490.7
INV007055,SKU0126,ClassicWidgetB,75,2011-09-20,49.19,13496,UnitedKingdom,Sports,1712.09
INV007056,SKU0424,PremiumWidgetA,1,2011-09-21,29.58,16094,France,Books,3588.33
INV007057,SKU0286,BudgetWidgetE,75,2011-09-21,34.98,14222,France,Books,711.44
INV007058,SKU0253,StandardWidgetD,88,2011-09-21,133.73,19318,Belgium,HomeGarden,2288.26
INV007059,SKU0212,BasicWidgetH,74,2011-09-21,31.11,11989,Spain,Clothing,918.97
INV007060,SKU0249,StandardWidgetD,14,2011-09-21,131.95,16579,France,Clothing,1682.89
INV007061,SKU0083,EliteWidgetG,78,2011-09-21,67.34,15504,Germany,Toys,3578.43
INV007062,SKU0486,ClassicWidgetB,71,2011-09-21,140.19,14180,UnitedKingdom,Sports,1167.52
INV007063,SKU0382,BasicWidgetH,23,2011-09-21,61.51,11382,Netherlands,Toys,3424.73
INV007064,SKU0405,ClassicWidgetB,43,2011-09-21,27.06,14167,UnitedKingdom,Sports,2480.21
INV007065,SKU0387,BudgetWidgetE,22,2011-09-21,82.58,13166,Belgium,Sports,461.09
INV007066,SKU0012,ClassicWidgetB,60,2011-09-21,88.36,12635,Spain,HomeGarden,1934.09
INV007067,SKU0044,DeluxeWidgetC,27,2011-09-21,95.51,15545,France,HomeGarden,4346.16
INV007068,SKU0126,DeluxeWidgetC,56,2011-09-21,62.02,19221,UnitedKingdom,Sports,4946.47
INV007069,SKU0425,ProWidgetF,2,2011-09-21,7.77,15209,Netherlands,Clothing,1845.24
INV007070,SKU0113,DeluxeWidgetC,39,2011-09-21,94.19,19810,Germany,Electronics,275.32
INV007071,SKU0432,DeluxeWidgetC,51,2011-09-21,139.99,19427,UnitedKingdom,Sports,651.81
INV007072,SKU0275,BudgetWidgetE,19,2011-09-21,143.66,15382,UnitedKingdom,Clothing,3940.95
INV007073,SKU0499,StandardWidgetD,62,2011-09-21,89.73,13983,Germany,Clothing,3279.28
INV007074,SKU0204,DeluxeWidgetC,71,2011-09-21,3.47,11405,Germany,Books,1425.77
INV007075,SKU0336,BasicWidgetH,76,2011-09-21,16.35,17737,Spain,Toys,1957.1
INV007076,SKU0437,ProWidgetF,67,2011-09-21,125.18,16200,France,Electronics,4055.94
INV007077,SKU0419,ClassicWidgetB,63,2011-09-21,124.55,15742,France,Sports,2066.14
INV007078,SKU0480,DeluxeWidgetC,5,2011-09-21,141.93,16711,Spain,Food,3779.11
INV007079,SKU0384,ProWidgetF,72,2011-09-21,84.78,19739,Germany,Electronics,1476.73
INV007080,SKU0398,BudgetWidgetE,78,2011-09-22,129.64,11884,Netherlands,Sports,3624.33
INV007081,SKU0460,EliteWidgetG,61,2011-09-22,123.82,15172,France,Food,2332.52
INV007082,SKU0272,EliteWidgetG,71,2011-09-22,88.62,12184,Netherlands,Toys,2727.23
INV007083,SKU0407,EliteWidgetG,7,2011-09-22,117.65,16317,Germany,Electronics,2994.07
INV007084,SKU0057,ClassicWidgetB,50,2011-09-22,19.29,17003,UnitedKingdom,Electronics,2253.42
INV007085,SKU0327,ProWidgetF,46,2011-09-22,96.06,18410,Spain,Clothing,2331.21
INV007086,SKU0497,DeluxeWidgetC,96,2011-09-22,143.04,17430,Belgium,Food,1329.28
INV007087,SKU0218,StandardWidgetD,72,2011-09-22,24.71,14350,Germany,Electronics,4928.84
INV007088,SKU0108,ClassicWidgetB,76,2011-09-22,111.73,19003,Germany,Electronics,4529.17
INV007089,SKU0278,ClassicWidgetB,74,2011-09-22,48.46,18461,Australia,Toys,2637.39
INV007090,SKU0173,EliteWidgetG,14,2011-09-22,122.66,16367,Germany,Food,174.11
INV007091,SKU0327,StandardWidgetD,73,2011-09-22,104.73,14699,France,Sports,842.97
INV007092,SKU0263,EliteWidgetG,94,2011-09-22,138.96,19378,Belgium,Clothing,4269.82
INV007093,SKU0314,ClassicWidgetB,69,2011-09-22,106.93,11733,UnitedKingdom,Electronics,4654.13
INV007094,SKU0473,DeluxeWidgetC,65,2011-09-22,61.84,12967,Netherlands,Clothing,807.3
INV007095,SKU0110,EliteWidgetG,65,2011-09-22,2.13,10072,Australia,Clothing,3672.86
INV007096,SKU0186,EliteWidgetG,57,2011-09-22,119.04,14993,Belgium,HomeGarden,3115.49
INV007097,SKU0268,BasicWidgetH,62,2011-09-22,61.57,16117,Spain,Sports,1517.62
INV007098,SKU0422,EliteWidgetG,20,2011-09-22,100.76,17885,France,HomeGarden,2181.02
INV007099,SKU0228,ClassicWidgetB,75,2011-09-22,16.21,15042,UnitedKingdom,Clothing,3386.67
INV007100,SKU0496,DeluxeWidgetC,26,2011-09-22,133.7,18061,Belgium,Toys,507.38
INV007101,SKU0155,StandardWidgetD,44,2011-09-22,65.63,10630,Netherlands,Toys,946.02
INV007102,SKU0472,PremiumWidgetA,67,2011-09-22,137.99,15603,UnitedKingdom,Electronics,167.54
INV007103,SKU0188,StandardWidgetD,70,2011-09-22,106.2,10877,France,Food,4511.11
INV007104,SKU0271,DeluxeWidgetC,62,2011-09-23,18.66,18948,Spain,Sports,2869.91
INV007105,SKU0374,BudgetWidgetE,45,2011-09-23,87.09,14293,Spain,Books,2617.61
INV007106,SKU0001,EliteWidgetG,11,2011-09-23,136.54,19642,UnitedKingdom,Sports,3531.5
INV007107,SKU0245,StandardWidgetD,72,2011-09-23,120.1,12540,Germany,HomeGarden,4941.76
INV007108,SKU0209,BudgetWidgetE,93,2011-09-23,62.99,10081,UnitedKingdom,Food,862.01
INV007109,SKU0400,BudgetWidgetE,74,2011-09-23,143.28,11331,Germany,Sports,666.4
INV007110,SKU0285,DeluxeWidgetC,34,2011-09-23,40.65,19914,Belgium,Electronics,1474.66
INV007111,SKU0358,DeluxeWidgetC,88,2011-09-23,56.58,17955,Spain,Sports,4519.82
INV007112,SKU0012,BasicWidgetH,46,2011-09-23,112.58,10356,France,Books,2057.89
INV007113,SKU0095,EliteWidgetG,81,2011-09-23,35.32,19511,Australia,Toys,3967.69
INV007114,SKU0497,PremiumWidgetA,32,2011-09-23,77.55,10579,Germany,Food,1015.44
INV007115,SKU0220,ProWidgetF,75,2011-09-23,109.45,10645,Spain,HomeGarden,2468.53
INV007116,SKU0237,ClassicWidgetB,98,2011-09-23,96.77,16263,Belgium,HomeGarden,638.23
INV007117,SKU0093,StandardWidgetD,88,2011-09-23,23.73,18499,UnitedKingdom,Clothing,2065.08
INV007118,SKU0337,DeluxeWidgetC,5,2011-09-23,94.63,10233,Spain,Food,1312.15
INV007119,SKU0268,StandardWidgetD,63,2011-09-23,86.12,11034,UnitedKingdom,HomeGarden,2747.61
INV007120,SKU0170,ProWidgetF,29,2011-09-23,83.9,16017,UnitedKingdom,Books,3902.25
INV007121,SKU0468,ProWidgetF,48,2011-09-23,123.99,15121,Spain,Books,4691.91
INV007122,SKU0093,EliteWidgetG,98,2011-09-23,27.99,11735,France,Toys,1419.93
INV007123,SKU0148,BudgetWidgetE,16,2011-09-23,112.86,14277,Netherlands,HomeGarden,3715.92
INV007124,SKU0111,EliteWidgetG,25,2011-09-23,114.26,10941,UnitedKingdom,Toys,4428.08
INV007125,SKU0054,ClassicWidgetB,72,2011-09-23,108.54,10349,UnitedKingdom,Sports,625.13
INV007126,SKU0336,PremiumWidgetA,29,2011-09-23,76.14,11405,Germany,Books,2930.08
INV007127,SKU0423,StandardWidgetD,52,2011-09-23,59.63,17464,Australia,HomeGarden,3059.62
INV007128,SKU0466,ClassicWidgetB,46,2011-09-24,59.5,11545,Spain,HomeGarden,1362.65
INV007129,SKU0115,BasicWidgetH,25,2011-09-24,110.2,14320,UnitedKingdom,Sports,113.55
INV007130,SKU0142,PremiumWidgetA,23,2011-09-24,74.94,19943,Belgium,Toys,1284.26
INV007131,SKU0200,StandardWidgetD,34,2011-09-24,51.1,11746,France,Food,2924.09
INV007132,SKU0179,ClassicWidgetB,67,2011-09-24,94.01,17896,Netherlands,HomeGarden,983.02
INV007133,SKU0201,DeluxeWidgetC,94,2011-09-24,125.63,11354,Netherlands,Electronics,1437.44
INV007134,SKU0363,StandardWidgetD,34,2011-09-24,9.7,17330,Belgium,Clothing,3539.9
INV007135,SKU0478,ClassicWidgetB,32,2011-09-24,145.83,14288,Netherlands,Books,1992.18
INV007136,SKU0052,ProWidgetF,29,2011-09-24,14.95,19360,France,Sports,328.06
INV007137,SKU0470,PremiumWidgetA,9,2011-09-24,77.0,14766,Netherlands,Sports,1996.43
INV007138,SKU0383,ClassicWidgetB,66,2011-09-24,84.25,15957,Spain,Clothing,4998.85
INV007139,SKU0179,DeluxeWidgetC,57,2011-09-24,21.16,16835,Netherlands,Electronics,1306.0
INV007140,SKU0413,EliteWidgetG,39,2011-09-24,137.38,12585,Germany,Clothing,1327.02
INV007141,SKU0416,StandardWidgetD,7,2011-09-24,70.98,14707,Netherlands,HomeGarden,850.26
INV007142,SKU0312,BasicWidgetH,69,2011-09-24,21.9,10900,Germany,Food,1358.92
INV007143,SKU0307,StandardWidgetD,8,2011-09-24,106.89,13341,Germany,Toys,2874.19
INV007144,SKU0136,StandardWidgetD,96,2011-09-24,99.68,17694,Germany,Sports,4823.05
INV007145,SKU0181,DeluxeWidgetC,18,2011-09-24,144.45,10127,France,Toys,3038.87
INV007146,SKU0366,PremiumWidgetA,82,2011-09-24,66.51,11675,UnitedKingdom,Toys,2049.83
INV007147,SKU0000,StandardWidgetD,49,2011-09-24,40.54,11777,Australia,Toys,1948.78
INV007148,SKU0043,PremiumWidgetA,16,2011-09-24,9.47,15165,Belgium,Food,122.11
INV007149,SKU0226,ClassicWidgetB,21,2011-09-24,110.1,18425,Belgium,Toys,13.71
INV007150,SKU0330,ProWidgetF,10,2011-09-24,92.78,10583,Spain,HomeGarden,3986.17
INV007151,SKU0097,BasicWidgetH,4,2011-09-24,145.91,11466,Spain,Food,2451.31
INV007152,SKU0207,ProWidgetF,44,2011-09-25,106.97,18694,Netherlands,Sports,167.01
INV007153,SKU0264,PremiumWidgetA,8,2011-09-25,140.01,16750,Australia,Toys,1430.85
INV007154,SKU0287,PremiumWidgetA,55,2011-09-25,148.74,11155,UnitedKingdom,Sports,1784.05
INV007155,SKU0270,ProWidgetF,19,2011-09-25,64.55,19691,Germany,Food,3916.66
INV007156,SKU0139,StandardWidgetD,64,2011-09-25,22.97,17960,Germany,Toys,2172.5
INV007157,SKU0480,BudgetWidgetE,40,2011-09-25,29.78,10935,Belgium,HomeGarden,3946.71
INV007158,SKU0236,BudgetWidgetE,51,2011-09-25,48.1,10355,Germany,Clothing,3169.04
INV007159,SKU0461,DeluxeWidgetC,9,2011-09-25,76.58,11994,Belgium,Toys,166.65
INV007160,SKU0440,BasicWidgetH,30,2011-09-25,18.8,15156,Germany,Books,4843.47
INV007161,SKU0391,EliteWidgetG,56,2011-09-25,45.61,16281,Netherlands,Books,907.98
INV007162,SKU0071,ProWidgetF,81,2011-09-25,46.52,19637,UnitedKingdom,Clothing,1378.82
INV007163,SKU0154,ProWidgetF,44,2011-09-25,1.11,17409,Belgium,Electronics,4046.66
INV007164,SKU0189,DeluxeWidgetC,59,2011-09-25,53.45,15364,UnitedKingdom,Food,950.01
INV007165,SKU0267,BasicWidgetH,15,2011-09-25,17.86,13974,Belgium,Clothing,2006.04
INV007166,SKU0320,BudgetWidgetE,68,2011-09-25,64.74,12504,Belgium,Clothing,4325.09
INV007167,SKU0106,ClassicWidgetB,70,2011-09-25,29.88,12146,UnitedKingdom,Clothing,3186.72
INV007168,SKU0231,StandardWidgetD,61,2011-09-25,123.41,17669,Australia,Books,1511.1
INV007169,SKU0041,StandardWidgetD,80,2011-09-25,12.54,17304,Spain,Sports,3220.6
INV007170,SKU0189,ClassicWidgetB,90,2011-09-25,129.92,11210,Belgium,Electronics,4063.31
INV007171,SKU0370,ClassicWidgetB,23,2011-09-25,87.29,16179,Germany,Food,2020.04
INV007172,SKU0138,BasicWidgetH,77,2011-09-25,69.07,18821,France,Electronics,2858.8
INV007173,SKU0102,BudgetWidgetE,47,2011-09-25,82.69,14882,Spain,Electronics,4939.65
INV007174,SKU0170,DeluxeWidgetC,17,2011-09-25,56.73,16824,UnitedKingdom,HomeGarden,4822.85
INV007175,SKU0350,ClassicWidgetB,57,2011-09-25,19.58,16198,Australia,Toys,2545.68
INV007176,SKU0272,DeluxeWidgetC,54,2011-09-26,115.0,19686,Netherlands,Clothing,481.61
INV007177,SKU0480,BasicWidgetH,91,2011-09-26,139.22,11107,Germany,Sports,3503.71
INV007178,SKU0415,EliteWidgetG,52,2011-09-26,142.54,14986,Australia,Sports,1343.84
INV007179,SKU0220,PremiumWidgetA,22,2011-09-26,100.77,13434,Spain,HomeGarden,3347.71
INV007180,SKU0212,StandardWidgetD,83,2011-09-26,61.85,18023,France,Books,1759.43
INV007181,SKU0340,BudgetWidgetE,39,2011-09-26,72.01,12815,France,HomeGarden,3594.07
INV007182,SKU0423,StandardWidgetD,99,2011-09-26,98.72,17061,Netherlands,HomeGarden,1837.25
INV007183,SKU0406,BudgetWidgetE,13,2011-09-26,123.55,12035,UnitedKingdom,Clothing,4706.04
INV007184,SKU0055,BasicWidgetH,78,2011-09-26,56.5,16807,UnitedKingdom,Books,684.23
INV007185,SKU0389,PremiumWidgetA,95,2011-09-26,137.56,16973,Australia,Toys,342.96
INV007186,SKU0341,StandardWidgetD,66,2011-09-26,48.98,10169,Belgium,Toys,3906.21
INV007187,SKU0433,PremiumWidgetA,52,2011-09-26,79.86,18823,Spain,HomeGarden,2007.23
INV007188,SKU0101,BasicWidgetH,14,2011-09-26,144.22,18996,Australia,Toys,2328.41
INV007189,SKU0420,BudgetWidgetE,73,2011-09-26,140.76,15015,Spain,Sports,4669.15
INV007190,SKU0492,ClassicWidgetB,74,2011-09-26,104.51,16897,UnitedKingdom,Clothing,2950.01
INV007191,SKU0191,EliteWidgetG,63,2011-09-26,49.02,13034,UnitedKingdom,Toys,3301.19
INV007192,SKU0498,StandardWidgetD,71,2011-09-26,33.25,14480,Australia,Books,98.31
INV007193,SKU0309,PremiumWidgetA,28,2011-09-26,12.48,13412,Germany,Sports,3352.9
INV007194,SKU0199,ProWidgetF,89,2011-09-26,106.44,14988,Spain,Electronics,1942.38
INV007195,SKU0232,StandardWidgetD,46,2011-09-26,75.77,17130,Spain,Clothing,2301.61
INV007196,SKU0432,StandardWidgetD,28,2011-09-26,86.06,13869,France,Sports,4040.44
INV007197,SKU0226,StandardWidgetD,2,2011-09-26,71.12,16099,France,HomeGarden,2619.44
INV007198,SKU0370,DeluxeWidgetC,17,2011-09-26,72.7,10791,Netherlands,HomeGarden,4934.37
INV007199,SKU0138,PremiumWidgetA,59,2011-09-26,85.91,13841,France,Clothing,3984.26
INV007200,SKU0343,PremiumWidgetA,52,2011-09-27,137.18,13356,Spain,Books,3643.23
INV007201,SKU0304,StandardWidgetD,4,2011-09-27,4.89,17522,Belgium,Food,2943.84
INV007202,SKU0148,BasicWidgetH,77,2011-09-27,120.34,14925,Australia,HomeGarden,2062.57
INV007203,SKU0114,BasicWidgetH,82,2011-09-27,58.88,15074,Germany,Sports,265.31
INV007204,SKU0449,ClassicWidgetB,3,2011-09-27,111.87,16700,Australia,Electronics,93.46
INV007205,SKU0062,StandardWidgetD,37,2011-09-27,142.3,12094,UnitedKingdom,Books,234.75
INV007206,SKU0103,DeluxeWidgetC,97,2011-09-27,46.29,16250,Spain,Food,4794.22
INV007207,SKU0338,BudgetWidgetE,24,2011-09-27,13.89,18807,UnitedKingdom,Clothing,1616.74
INV007208,SKU0358,DeluxeWidgetC,72,2011-09-27,35.23,15252,Spain,HomeGarden,3503.35
INV007209,SKU0155,BasicWidgetH,35,2011-09-27,33.7,17003,France,Books,2971.98
INV007210,SKU0272,ClassicWidgetB,2,2011-09-27,111.41,14296,Germany,Electronics,2858.77
INV007211,SKU0005,BasicWidgetH,33,2011-09-27,9.75,12301,Spain,Books,2896.63
INV007212,SKU0146,BasicWidgetH,76,2011-09-27,8.11,15269,Netherlands,Books,1512.18
INV007213,SKU0183,BasicWidgetH,86,2011-09-27,104.19,19764,Australia,Clothing,4432.78
INV007214,SKU0485,StandardWidgetD,77,2011-09-27,83.73,10504,Netherlands,Food,4596.11
INV007215,SKU0027,BasicWidgetH,10,2011-09-27,62.96,11945,Netherlands,Electronics,3222.98
INV007216,SKU0449,PremiumWidgetA,81,2011-09-27,86.52,11861,Netherlands,Electronics,4319.88
INV007217,SKU0037,EliteWidgetG,62,2011-09-27,110.42,13722,Netherlands,Books,300.85
INV007218,SKU0118,ProWidgetF,43,2011-09-27,15.97,13683,Australia,HomeGarden,502.86
INV007219,SKU0292,StandardWidgetD,69,2011-09-27,83.22,10403,UnitedKingdom,Books,2795.77
INV007220,SKU0370,ClassicWidgetB,59,2011-09-27,123.75,14331,Australia,Sports,4232.69
INV007221,SKU0243,PremiumWidgetA,9,2011-09-27,54.68,19811,UnitedKingdom,HomeGarden,1577.83
INV007222,SKU0067,DeluxeWidgetC,77,2011-09-27,114.57,12906,UnitedKingdom,Clothing,2740.73
INV007223,SKU0213,BasicWidgetH,60,2011-09-27,126.89,14728,Australia,Electronics,50.79
INV007224,SKU0217,BudgetWidgetE,63,2011-09-28,123.23,17709,Australia,Toys,4933.16
INV007225,SKU0176,BudgetWidgetE,52,2011-09-28,97.73,11569,Australia,HomeGarden,3835.14
INV007226,SKU0298,EliteWidgetG,23,2011-09-28,107.74,10139,Spain,Clothing,1807.73
INV007227,SKU0163,StandardWidgetD,30,2011-09-28,118.26,14683,UnitedKingdom,Books,4915.08
INV007228,SKU0057,DeluxeWidgetC,43,2011-09-28,110.19,16730,Australia,Clothing,463.05
INV007229,SKU0268,EliteWidgetG,68,2011-09-28,68.03,15062,Germany,Sports,2321.41
INV007230,SKU0307,ProWidgetF,21,2011-09-28,24.29,14665,France,Toys,295.2
INV007231,SKU0057,ProWidgetF,43,2011-09-28,46.8,12172,France,Clothing,1675.49
INV007232,SKU0287,EliteWidgetG,73,2011-09-28,31.48,16079,Germany,Toys,1097.6
INV007233,SKU0464,ClassicWidgetB,7,2011-09-28,54.54,13420,France,Toys,1583.44
INV007234,SKU0104,BudgetWidgetE,16,2011-09-28,73.65,16277,UnitedKingdom,HomeGarden,4737.1
INV007235,SKU0227,DeluxeWidgetC,23,2011-09-28,143.88,11249,Australia,Food,2136.51
INV007236,SKU0246,StandardWidgetD,58,2011-09-28,143.94,16064,Australia,Electronics,1624.98
INV007237,SKU0187,BasicWidgetH,87,2011-09-28,115.55,12697,Belgium,HomeGarden,3204.22
INV007238,SKU0493,PremiumWidgetA,31,2011-09-28,147.03,12753,Spain,HomeGarden,3417.16
INV007239,SKU0082,StandardWidgetD,69,2011-09-28,149.7,14934,Australia,Electronics,4918.86
INV007240,SKU0185,StandardWidgetD,6,2011-09-28,132.85,16465,Germany,Sports,2730.74
INV007241,SKU0251,DeluxeWidgetC,65,2011-09-28,12.39,13884,Germany,HomeGarden,3763.07
INV007242,SKU0354,BudgetWidgetE,59,2011-09-28,64.19,17254,UnitedKingdom,Electronics,1911.44
INV007243,SKU0237,DeluxeWidgetC,28,2011-09-28,80.35,10094,Germany,Electronics,855.99
INV007244,SKU0359,PremiumWidgetA,18,2011-09-28,19.05,14291,Spain,HomeGarden,2149.75
INV007245,SKU0183,EliteWidgetG,88,2011-09-28,121.39,15780,Australia,Toys,2094.46
INV007246,SKU0283,DeluxeWidgetC,77,2011-09-28,22.73,15083,Spain,Electronics,2103.65
INV007247,SKU0384,ClassicWidgetB,97,2011-09-28,57.81,19867,Belgium,Toys,3477.41
INV007248,SKU0425,StandardWidgetD,10,2011-09-29,10.8,18204,UnitedKingdom,Books,2030.31
INV007249,SKU0209,BudgetWidgetE,7,2011-09-29,78.93,12301,UnitedKingdom,HomeGarden,4770.86
INV007250,SKU0303,BasicWidgetH,37,2011-09-29,89.76,14083,Australia,Toys,4913.77
INV007251,SKU0295,ProWidgetF,96,2011-09-29,110.41,16119,Netherlands,Sports,2617.28
INV007252,SKU0096,PremiumWidgetA,45,2011-09-29,51.25,16224,Australia,Books,2792.66
INV007253,SKU0446,ProWidgetF,86,2011-09-29,88.78,10372,UnitedKingdom,Food,2038.72
INV007254,SKU0459,StandardWidgetD,16,2011-09-29,110.26,14489,Netherlands,Sports,1778.61
INV007255,SKU0455,DeluxeWidgetC,88,2011-09-29,114.42,15851,Australia,Toys,4926.65
INV007256,SKU0471,ProWidgetF,14,2011-09-29,45.6,16028,Australia,Food,204.24
INV007257,SKU0207,ClassicWidgetB,11,2011-09-29,10.62,18609,Netherlands,HomeGarden,2051.02
INV007258,SKU0369,DeluxeWidgetC,83,2011-09-29,6.12,10816,Netherlands,Clothing,757.55
INV007259,SKU0387,StandardWidgetD,87,2011-09-29,115.33,19995,France,Electronics,3631.68
INV007260,SKU0421,ProWidgetF,34,2011-09-29,58.12,13612,Spain,Books,973.03
INV007261,SKU0491,BasicWidgetH,60,2011-09-29,20.52,17747,Belgium,HomeGarden,4423.34
INV007262,SKU0410,EliteWidgetG,13,2011-09-29,28.08,16350,Netherlands,Electronics,1873.02
INV007263,SKU0136,PremiumWidgetA,39,2011-09-29,115.04,17439,Germany,Toys,4585.83
INV007264,SKU0366,ProWidgetF,44,2011-09-29,90.04,11332,Netherlands,Clothing,4932.83
INV007265,SKU0399,BasicWidgetH,28,2011-09-29,75.46,16361,UnitedKingdom,Sports,3856.09
INV007266,SKU0183,EliteWidgetG,40,2011-09-29,93.64,10755,Belgium,HomeGarden,3116.17
INV007267,SKU0075,EliteWidgetG,16,2011-09-29,21.06,13525,Netherlands,HomeGarden,750.36
INV007268,SKU0286,ProWidgetF,50,2011-09-29,48.2,11796,Australia,Toys,4665.37
INV007269,SKU0471,BudgetWidgetE,28,2011-09-29,56.42,13059,Germany,Clothing,3884.56
INV007270,SKU0374,ProWidgetF,68,2011-09-29,47.52,12177,Belgium,Food,1440.94
INV007271,SKU0141,StandardWidgetD,92,2011-09-29,129.73,12050,Belgium,Sports,2343.04
INV007272,SKU0236,EliteWidgetG,60,2011-09-30,87.42,11989,Netherlands,HomeGarden,339.26
INV007273,SKU0024,PremiumWidgetA,12,2011-09-30,109.53,17518,Germany,Toys,3295.34
INV007274,SKU0289,StandardWidgetD,16,2011-09-30,35.89,18746,Spain,Food,627.2
INV007275,SKU0066,ClassicWidgetB,53,2011-09-30,39.98,15809,Belgium,Electronics,3258.0
INV007276,SKU0249,DeluxeWidgetC,54,2011-09-30,34.19,15613,Belgium,Toys,3358.1
INV007277,SKU0407,ProWidgetF,49,2011-09-30,103.35,18457,France,Clothing,1623.82
INV007278,SKU0117,BudgetWidgetE,36,2011-09-30,52.68,19114,Germany,Food,4743.36
INV007279,SKU0489,PremiumWidgetA,62,2011-09-30,61.06,18725,Australia,HomeGarden,3895.03
INV007280,SKU0072,BudgetWidgetE,84,2011-09-30,106.51,15976,France,Toys,2484.17
INV007281,SKU0281,BudgetWidgetE,26,2011-09-30,145.78,11693,Netherlands,Food,4592.93
INV007282,SKU0403,BudgetWidgetE,56,2011-09-30,24.7,12051,Spain,Sports,4279.36
INV007283,SKU0447,ProWidgetF,90,2011-09-30,9.87,12920,Belgium,Books,3461.4
INV007284,SKU0359,PremiumWidgetA,22,2011-09-30,29.63,14845,Spain,HomeGarden,765.67
INV007285,SKU0009,PremiumWidgetA,73,2011-09-30,110.38,14167,Belgium,Sports,2485.87
INV007286,SKU0210,EliteWidgetG,69,2011-09-30,29.6,16231,Spain,Clothing,4322.25
INV007287,SKU0322,BudgetWidgetE,81,2011-09-30,87.86,14623,Germany,Sports,3044.85
INV007288,SKU0151,EliteWidgetG,49,2011-09-30,88.75,19077,France,Sports,2728.01
INV007289,SKU0004,EliteWidgetG,98,2011-09-30,44.52,16746,Netherlands,Food,4776.17
INV007290,SKU0194,DeluxeWidgetC,2,2011-09-30,10.77,16139,Spain,Clothing,83.72
INV007291,SKU0441,ProWidgetF,53,2011-09-30,60.18,11458,Spain,Books,61.22
INV007292,SKU0282,ProWidgetF,7,2011-09-30,28.42,13795,Spain,Toys,4464.21
INV007293,SKU0463,StandardWidgetD,77,2011-09-30,28.08,13410,Spain,Electronics,193.65
INV007294,SKU0112,BasicWidgetH,20,2011-09-30,78.63,14024,Netherlands,Books,1663.39
INV007295,SKU0270,EliteWidgetG,94,2011-09-30,101.13,16269,Germany,Electronics,4620.2
INV007296,SKU0162,ProWidgetF,30,2011-10-01,11.77,10562,Spain,Electronics,3456.07
INV007297,SKU0459,BudgetWidgetE,75,2011-10-01,86.96,16092,Spain,Electronics,3241.15
INV007298,SKU0104,BasicWidgetH,95,2011-10-01,37.31,16992,Germany,HomeGarden,3285.33
INV007299,SKU0180,ClassicWidgetB,67,2011-10-01,101.16,17008,France,Books,1588.9
INV007300,SKU0043,BudgetWidgetE,59,2011-10-01,121.63,17796,Germany,Sports,2653.14
INV007301,SKU0281,PremiumWidgetA,66,2011-10-01,121.15,15659,Netherlands,Food,3150.24
INV007302,SKU0174,ProWidgetF,3,2011-10-01,55.79,16084,Australia,HomeGarden,1529.27
INV007303,SKU0161,BasicWidgetH,56,2011-10-01,85.31,12971,Belgium,Food,3977.02
INV007304,SKU0470,ProWidgetF,79,2011-10-01,119.16,10344,France,Clothing,1609.42
INV007305,SKU0350,StandardWidgetD,17,2011-10-01,9.59,16611,Australia,Clothing,358.15
INV007306,SKU0433,EliteWidgetG,52,2011-10-01,91.04,17124,Spain,Electronics,1008.07
INV007307,SKU0339,ClassicWidgetB,7,2011-10-01,125.56,16284,Australia,HomeGarden,2042.64
INV007308,SKU0139,ProWidgetF,5,2011-10-01,56.17,12716,Netherlands,Toys,4540.37
INV007309,SKU0470,StandardWidgetD,98,2011-10-01,68.58,19864,Australia,Food,2079.39
INV007310,SKU0131,StandardWidgetD,97,2011-10-01,104.96,15660,UnitedKingdom,Toys,449.93
INV007311,SKU0086,ClassicWidgetB,54,2011-10-01,10.65,17232,France,HomeGarden,983.09
INV007312,SKU0175,BudgetWidgetE,61,2011-10-01,58.15,14893,Netherlands,Clothing,2722.79
INV007313,SKU0182,BudgetWidgetE,16,2011-10-01,44.71,11119,Germany,Sports,889.1
INV007314,SKU0367,BudgetWidgetE,67,2011-10-01,3.04,12262,Belgium,Books,320.71
INV007315,SKU0128,DeluxeWidgetC,59,2011-10-01,29.8,10742,Netherlands,Books,3574.43
INV007316,SKU0245,EliteWidgetG,47,2011-10-01,59.68,15001,Germany,Electronics,3921.95
INV007317,SKU0088,BasicWidgetH,48,2011-10-01,30.02,15303,Netherlands,Food,4253.32
INV007318,SKU0065,EliteWidgetG,64,2011-10-01,90.56,17330,UnitedKingdom,Electronics,4219.83
INV007319,SKU0157,BudgetWidgetE,50,2011-10-01,67.57,10782,France,Electronics,1896.92
INV007320,SKU0386,ClassicWidgetB,85,2011-10-02,6.4,10096,Spain,Clothing,3672.62
INV007321,SKU0377,DeluxeWidgetC,41,2011-10-02,41.62,18778,Spain,Clothing,2918.11
INV007322,SKU0148,EliteWidgetG,72,2011-10-02,3.41,16661,Australia,Toys,117.8
INV007323,SKU0472,BudgetWidgetE,22,2011-10-02,54.04,14911,Belgium,Books,2008.59
INV007324,SKU0339,DeluxeWidgetC,54,2011-10-02,39.24,12238,Netherlands,Toys,265.34
INV007325,SKU0432,BasicWidgetH,5,2011-10-02,103.38,19108,France,Toys,417.7
INV007326,SKU0115,ClassicWidgetB,17,2011-10-02,46.46,13349,France,Electronics,280.96
INV007327,SKU0213,BudgetWidgetE,78,2011-10-02,56.59,12488,France,Toys,4804.77
INV007328,SKU0468,BasicWidgetH,41,2011-10-02,108.94,13793,France,HomeGarden,4221.16
INV007329,SKU0445,PremiumWidgetA,92,2011-10-02,72.4,17817,France,Toys,2196.08
INV007330,SKU0480,BasicWidgetH,95,2011-10-02,83.69,12837,Belgium,Food,1240.74
INV007331,SKU0371,ProWidgetF,81,2011-10-02,126.28,12386,Australia,Sports,363.18
INV007332,SKU0293,ClassicWidgetB,35,2011-10-02,31.43,17396,Spain,Clothing,2156.55
INV007333,SKU0252,BasicWidgetH,40,2011-10-02,148.38,11841,Australia,Toys,3002.16
INV007334,SKU0142,BasicWidgetH,22,2011-10-02,135.07,19394,Netherlands,Food,3985.72
INV007335,SKU0249,StandardWidgetD,48,2011-10-02,43.34,15366,Spain,Electronics,258.75
INV007336,SKU0365,StandardWidgetD,53,2011-10-02,133.99,18064,Spain,Food,2089.93
INV007337,SKU0435,BasicWidgetH,93,2011-10-02,113.22,14769,Germany,Electronics,4884.31
INV007338,SKU0462,BasicWidgetH,10,2011-10-02,139.65,18921,Netherlands,Clothing,604.48
INV007339,SKU0301,ClassicWidgetB,18,2011-10-02,103.82,10316,Belgium,Books,2002.1
INV007340,SKU0024,StandardWidgetD,99,2011-10-02,101.33,17453,France,Books,1376.0
INV007341,SKU0276,EliteWidgetG,80,2011-10-02,1.02,10075,Germany,Food,671.06
INV007342,SKU0471,ClassicWidgetB,49,2011-10-02,71.45,15069,Spain,Books,4194.89
INV007343,SKU0376,PremiumWidgetA,71,2011-10-02,30.44,10203,Belgium,Books,3485.88
INV007344,SKU0377,ClassicWidgetB,30,2011-10-03,48.95,17895,Belgium,HomeGarden,2058.37
INV007345,SKU0388,BudgetWidgetE,19,2011-10-03,146.83,16567,Netherlands,Electronics,1845.97
INV007346,SKU0069,BudgetWidgetE,55,2011-10-03,13.28,17460,Germany,Books,4138.92
INV007347,SKU0112,DeluxeWidgetC,60,2011-10-03,108.51,13775,Spain,Food,454.83
INV007348,SKU0362,StandardWidgetD,87,2011-10-03,26.36,18078,Australia,Food,735.02
INV007349,SKU0111,BasicWidgetH,72,2011-10-03,1.61,16924,France,Food,4532.84
INV007350,SKU0363,ProWidgetF,81,2011-10-03,75.46,17580,Belgium,Books,4086.22
INV007351,SKU0302,StandardWidgetD,21,2011-10-03,24.6,15558,Germany,Toys,3874.61
INV007352,SKU0470,EliteWidgetG,26,2011-10-03,144.84,14355,UnitedKingdom,Food,3120.26
INV007353,SKU0451,ClassicWidgetB,28,2011-10-03,30.95,13051,France,Sports,1462.96
INV007354,SKU0090,ProWidgetF,39,2011-10-03,29.21,12663,Australia,Sports,4674.0
INV007355,SKU0017,ProWidgetF,33,2011-10-03,5.31,18623,Australia,Food,2459.85
INV007356,SKU0148,BasicWidgetH,40,2011-10-03,49.81,17384,Netherlands,Electronics,1403.82
INV007357,SKU0475,BasicWidgetH,83,2011-10-03,4.1,13162,Belgium,Toys,1828.51
INV007358,SKU0226,StandardWidgetD,29,2011-10-03,75.08,18389,Spain,Clothing,85.19
INV007359,SKU0213,ProWidgetF,20,2011-10-03,76.09,15078,UnitedKingdom,Books,1276.54
INV007360,SKU0359,ProWidgetF,20,2011-10-03,8.46,10038,Germany,HomeGarden,940.59
INV007361,SKU0150,BudgetWidgetE,74,2011-10-03,36.39,18920,Belgium,Sports,678.65
INV007362,SKU0191,PremiumWidgetA,12,2011-10-03,124.9,13165,Netherlands,Books,161.67
INV007363,SKU0450,BasicWidgetH,97,2011-10-03,69.65,14779,Australia,Clothing,1135.15
INV007364,SKU0039,ClassicWidgetB,25,2011-10-03,65.47,16186,Germany,HomeGarden,518.49
INV007365,SKU0241,StandardWidgetD,25,2011-10-03,104.97,12124,Australia,Sports,226.66
INV007366,SKU0137,BasicWidgetH,4,2011-10-03,107.37,17399,Australia,Toys,687.47
INV007367,SKU0344,BudgetWidgetE,4,2011-10-03,114.41,14134,UnitedKingdom,Clothing,1012.81
INV007368,SKU0179,EliteWidgetG,9,2011-10-04,124.66,16294,France,Clothing,2080.4
INV007369,SKU0496,BasicWidgetH,15,2011-10-04,35.22,13771,Germany,Toys,2918.89
INV007370,SKU0199,EliteWidgetG,26,2011-10-04,10.42,15538,UnitedKingdom,HomeGarden,1612.01
INV007371,SKU0202,DeluxeWidgetC,79,2011-10-04,57.35,13257,Spain,HomeGarden,707.16
INV007372,SKU0060,ProWidgetF,90,2011-10-04,128.34,16461,Belgium,Sports,4701.68
INV007373,SKU0191,ProWidgetF,92,2011-10-04,12.17,15388,Australia,HomeGarden,2574.75
INV007374,SKU0004,StandardWidgetD,71,2011-10-04,86.61,17900,Australia,Books,3709.66
INV007375,SKU0377,PremiumWidgetA,32,2011-10-04,105.31,11244,UnitedKingdom,HomeGarden,3472.48
INV007376,SKU0236,PremiumWidgetA,76,2011-10-04,72.47,10657,Spain,Toys,1425.2
INV007377,SKU0180,StandardWidgetD,99,2011-10-04,38.65,11699,Germany,Clothing,2799.75
INV007378,SKU0310,StandardWidgetD,52,2011-10-04,49.28,14456,Australia,HomeGarden,3011.22
INV007379,SKU0036,BudgetWidgetE,32,2011-10-04,11.21,16068,Spain,Food,1759.6
INV007380,SKU0055,EliteWidgetG,9,2011-10-04,44.24,18047,Germany,Sports,3354.16
INV007381,SKU0442,StandardWidgetD,78,2011-10-04,7.13,19991,UnitedKingdom,Books,3953.59
INV007382,SKU0236,EliteWidgetG,13,2011-10-04,109.09,15963,Australia,HomeGarden,1821.69
INV007383,SKU0357,BasicWidgetH,56,2011-10-04,134.75,16235,Netherlands,Books,75.56
INV007384,SKU0348,BasicWidgetH,44,2011-10-04,95.21,14535,Netherlands,HomeGarden,1747.33
INV007385,SKU0196,DeluxeWidgetC,97,2011-10-04,98.68,17273,Australia,Books,584.96
INV007386,SKU0072,EliteWidgetG,96,2011-10-04,71.09,11976,France,Food,778.88
INV007387,SKU0058,BudgetWidgetE,83,2011-10-04,23.83,17937,Australia,HomeGarden,1830.38
INV007388,SKU0239,BasicWidgetH,30,2011-10-04,1.65,13669,Australia,HomeGarden,1038.9
INV007389,SKU0001,ProWidgetF,16,2011-10-04,51.92,14192,Australia,Electronics,4674.51
INV007390,SKU0448,ProWidgetF,12,2011-10-04,112.85,10937,UnitedKingdom,Clothing,3264.36
INV007391,SKU0359,BasicWidgetH,74,2011-10-04,144.08,15596,Australia,Sports,2592.3
INV007392,SKU0187,BasicWidgetH,66,2011-10-05,64.95,11289,Australia,Sports,49.61
INV007393,SKU0306,BasicWidgetH,18,2011-10-05,55.13,14670,UnitedKingdom,Electronics,518.99
INV007394,SKU0029,EliteWidgetG,13,2011-10-05,67.17,12150,Australia,HomeGarden,3942.6
INV007395,SKU0266,ProWidgetF,93,2011-10-05,64.45,17421,Netherlands,Clothing,1949.33
INV007396,SKU0475,ProWidgetF,24,2011-10-05,94.07,18704,Netherlands,Books,228.42
INV007397,SKU0107,ClassicWidgetB,12,2011-10-05,110.26,11516,Belgium,Electronics,4127.97
INV007398,SKU0331,BasicWidgetH,60,2011-10-05,117.85,11404,Spain,Sports,1513.93
INV007399,SKU0422,DeluxeWidgetC,60,2011-10-05,97.62,14492,Belgium,Sports,1932.09
INV007400,SKU0089,BasicWidgetH,93,2011-10-05,65.94,16170,Belgium,Toys,4871.87
INV007401,SKU0204,BudgetWidgetE,86,2011-10-05,142.54,12353,Australia,Food,78.55
INV007402,SKU0378,BudgetWidgetE,1,2011-10-05,106.8,10580,UnitedKingdom,Toys,3606.9
INV007403,SKU0455,ProWidgetF,43,2011-10-05,64.29,13329,Australia,Sports,4744.47
INV007404,SKU0446,BasicWidgetH,55,2011-10-05,67.26,18293,Australia,HomeGarden,320.23
INV007405,SKU0447,PremiumWidgetA,40,2011-10-05,122.79,14550,Spain,Toys,4330.52
INV007406,SKU0444,BudgetWidgetE,64,2011-10-05,66.36,12963,Germany,Books,2081.79
INV007407,SKU0380,BasicWidgetH,34,2011-10-05,77.68,10298,Belgium,Books,4390.1
INV007408,SKU0437,DeluxeWidgetC,34,2011-10-05,44.09,14116,Spain,Books,1542.06
INV007409,SKU0219,StandardWidgetD,48,2011-10-05,125.92,10044,France,HomeGarden,4913.33
INV007410,SKU0377,BasicWidgetH,33,2011-10-05,78.58,17647,UnitedKingdom,Food,3235.6
INV007411,SKU0093,DeluxeWidgetC,68,2011-10-05,83.1,12543,Belgium,Sports,3135.82
INV007412,SKU0456,ProWidgetF,30,2011-10-05,132.16,13859,France,Toys,4029.71
INV007413,SKU0102,ProWidgetF,84,2011-10-05,138.12,14778,Germany,Food,2183.49
INV007414,SKU0222,ClassicWidgetB,90,2011-10-05,123.72,14394,France,Food,1294.09
INV007415,SKU0185,EliteWidgetG,79,2011-10-05,10.27,13552,Australia,Toys,1315.39
INV007416,SKU0468,BudgetWidgetE,71,2011-10-06,66.8,13155,Netherlands,Sports,1653.69
INV007417,SKU0183,EliteWidgetG,71,2011-10-06,51.83,10287,UnitedKingdom,HomeGarden,3087.15
INV007418,SKU0494,BasicWidgetH,29,2011-10-06,32.42,13705,UnitedKingdom,Clothing,4192.11
INV007419,SKU0161,EliteWidgetG,23,2011-10-06,136.39,10516,Australia,HomeGarden,2498.39
INV007420,SKU0246,BudgetWidgetE,34,2011-10-06,133.57,12201,Spain,HomeGarden,2017.84
INV007421,SKU0030,BudgetWidgetE,84,2011-10-06,70.06,16577,Belgium,Sports,3969.44
INV007422,SKU0051,BasicWidgetH,15,2011-10-06,20.62,18102,Belgium,Books,1449.05
INV007423,SKU0344,ProWidgetF,97,2011-10-06,2.5,13658,Belgium,Food,3445.49
INV007424,SKU0075,BudgetWidgetE,53,2011-10-06,66.05,16922,France,Sports,529.92
INV007425,SKU0384,PremiumWidgetA,17,2011-10-06,6.47,14286,UnitedKingdom,Toys,567.08
INV007426,SKU0438,PremiumWidgetA,64,2011-10-06,91.63,13936,Spain,Clothing,3220.63
INV007427,SKU0277,StandardWidgetD,84,2011-10-06,91.46,19361,Belgium,Electronics,414.67
INV007428,SKU0039,BudgetWidgetE,61,2011-10-06,134.89,10990,Belgium,Toys,776.1
INV007429,SKU0100,ClassicWidgetB,57,2011-10-06,28.91,14971,Germany,Electronics,3122.22
INV007430,SKU0110,StandardWidgetD,77,2011-10-06,56.02,17721,Belgium,HomeGarden,2191.58
INV007431,SKU0384,ProWidgetF,88,2011-10-06,129.0,11851,Germany,Electronics,2806.92
INV007432,SKU0320,BudgetWidgetE,37,2011-10-06,71.41,18189,France,Food,4884.74
INV007433,SKU0248,PremiumWidgetA,7,2011-10-06,9.43,12709,Germany,Toys,3160.17
INV007434,SKU0190,ClassicWidgetB,8,2011-10-06,17.06,14007,Belgium,Books,2954.66
INV007435,SKU0489,BasicWidgetH,87,2011-10-06,122.11,12621,Netherlands,Sports,1901.31
INV007436,SKU0181,StandardWidgetD,78,2011-10-06,111.68,12178,Australia,Clothing,3154.76
INV007437,SKU0425,ClassicWidgetB,68,2011-10-06,131.44,10838,Belgium,Clothing,65.98
INV007438,SKU0404,BudgetWidgetE,21,2011-10-06,18.27,19747,UnitedKingdom,Clothing,2787.04
INV007439,SKU0334,DeluxeWidgetC,61,2011-10-06,114.18,19414,Spain,Toys,345.42
INV007440,SKU0208,ClassicWidgetB,74,2011-10-07,98.44,14934,Australia,Toys,1101.64
INV007441,SKU0021,ClassicWidgetB,86,2011-10-07,35.23,19625,France,Sports,2816.04
INV007442,SKU0165,ProWidgetF,94,2011-10-07,146.1,18104,Australia,Books,3340.08
INV007443,SKU0098,PremiumWidgetA,94,2011-10-07,85.77,17338,UnitedKingdom,Clothing,1924.6
INV007444,SKU0492,BasicWidgetH,80,2011-10-07,136.08,11168,Belgium,Electronics,2095.48
INV007445,SKU0207,BudgetWidgetE,75,2011-10-07,128.93,17348,Spain,Books,2490.61
INV007446,SKU0007,ClassicWidgetB,86,2011-10-07,50.3,10947,UnitedKingdom,Books,3795.61
INV007447,SKU0189,BudgetWidgetE,29,2011-10-07,80.63,10160,France,Toys,89.12
INV007448,SKU0174,PremiumWidgetA,25,2011-10-07,64.99,12627,UnitedKingdom,Toys,2235.89
INV007449,SKU0272,ProWidgetF,58,2011-10-07,106.51,12535,Germany,Books,72.35
INV007450,SKU0016,BudgetWidgetE,14,2011-10-07,88.41,12272,Spain,Clothing,1596.39
INV007451,SKU0089,EliteWidgetG,78,2011-10-07,117.84,13463,Spain,Books,2599.72
INV007452,SKU0140,PremiumWidgetA,66,2011-10-07,2.26,14804,Australia,Toys,400.52
INV007453,SKU0144,PremiumWidgetA,54,2011-10-07,103.33,10160,Netherlands,Clothing,2426.58
INV007454,SKU0165,BasicWidgetH,77,2011-10-07,48.2,11784,Netherlands,Electronics,4622.94
INV007455,SKU0336,StandardWidgetD,67,2011-10-07,34.02,16598,Netherlands,Toys,3427.03
INV007456,SKU0495,ProWidgetF,30,2011-10-07,120.29,13182,France,Electronics,3911.48
INV007457,SKU0077,ProWidgetF,18,2011-10-07,13.84,13624,Netherlands,Electronics,2902.49
INV007458,SKU0428,BasicWidgetH,54,2011-10-07,34.65,18958,Spain,Toys,4481.9
INV007459,SKU0261,EliteWidgetG,21,2011-10-07,30.96,12027,Belgium,Toys,735.2
INV007460,SKU0162,BudgetWidgetE,53,2011-10-07,63.26,18376,Spain,Electronics,2249.48
INV007461,SKU0365,DeluxeWidgetC,83,2011-10-07,48.69,11896,Australia,Books,2985.57
INV007462,SKU0013,EliteWidgetG,16,2011-10-07,108.21,12404,UnitedKingdom,Books,4367.5
INV007463,SKU0238,StandardWidgetD,28,2011-10-07,105.06,12539,Germany,Food,1540.74
INV007464,SKU0071,ProWidgetF,4,2011-10-08,49.16,10732,Belgium,Clothing,6.64
INV007465,SKU0444,PremiumWidgetA,55,2011-10-08,65.83,19813,Netherlands,Food,4872.1
INV007466,SKU0142,ProWidgetF,15,2011-10-08,31.58,10577,Netherlands,Electronics,130.86
INV007467,SKU0309,EliteWidgetG,64,2011-10-08,100.79,12161,Belgium,HomeGarden,762.68
INV007468,SKU0282,DeluxeWidgetC,65,2011-10-08,59.74,18569,Netherlands,Electronics,2110.81
INV007469,SKU0268,ClassicWidgetB,16,2011-10-08,20.36,13848,Germany,Sports,2482.35
INV007470,SKU0240,ClassicWidgetB,20,2011-10-08,19.53,11308,Australia,HomeGarden,4172.5
INV007471,SKU0414,BasicWidgetH,64,2011-10-08,48.69,10841,Belgium,Sports,2239.64
INV007472,SKU0244,ProWidgetF,33,2011-10-08,112.23,12171,Belgium,HomeGarden,2737.6
INV007473,SKU0162,ProWidgetF,81,2011-10-08,4.31,18347,Netherlands,Toys,1000.8
INV007474,SKU0059,StandardWidgetD,69,2011-10-08,39.04,16253,UnitedKingdom,Clothing,2846.22
INV007475,SKU0005,ProWidgetF,69,2011-10-08,24.79,19894,France,Food,1742.57
INV007476,SKU0196,DeluxeWidgetC,58,2011-10-08,143.49,13385,Germany,Books,494.56
INV007477,SKU0469,ProWidgetF,39,2011-10-08,105.94,14821,Australia,Clothing,4732.37
INV007478,SKU0057,BudgetWidgetE,77,2011-10-08,35.37,15813,Spain,HomeGarden,409.34
INV007479,SKU0304,EliteWidgetG,36,2011-10-08,31.52,11413,UnitedKingdom,Electronics,3389.72
INV007480,SKU0406,BasicWidgetH,94,2011-10-08,128.78,10044,Germany,Clothing,4541.06
INV007481,SKU0216,DeluxeWidgetC,68,2011-10-08,28.94,11686,Spain,HomeGarden,896.84
INV007482,SKU0417,StandardWidgetD,87,2011-10-08,149.56,15236,Germany,Electronics,1186.35
INV007483,SKU0025,BudgetWidgetE,21,2011-10-08,42.7,16625,France,Books,2134.11
INV007484,SKU0302,BudgetWidgetE,63,2011-10-08,13.11,12725,France,HomeGarden,1473.26
INV007485,SKU0004,EliteWidgetG,85,2011-10-08,103.8,19615,Spain,Sports,3795.41
INV007486,SKU0473,ClassicWidgetB,6,2011-10-08,91.64,18009,Spain,Sports,1691.43
INV007487,SKU0019,DeluxeWidgetC,24,2011-10-08,149.97,14014,Australia,Sports,4929.19
INV007488,SKU0389,EliteWidgetG,53,2011-10-09,120.41,15780,Netherlands,Electronics,4294.08
INV007489,SKU0197,BudgetWidgetE,95,2011-10-09,64.61,14595,Belgium,Food,4476.83
INV007490,SKU0058,StandardWidgetD,83,2011-10-09,101.65,18265,Spain,Electronics,319.26
INV007491,SKU0447,EliteWidgetG,76,2011-10-09,122.77,13018,France,Food,882.37
INV007492,SKU0241,ClassicWidgetB,78,2011-10-09,77.3,16292,Australia,Clothing,847.67
INV007493,SKU0145,BudgetWidgetE,50,2011-10-09,41.29,11560,Germany,Electronics,3360.15
INV007494,SKU0387,EliteWidgetG,12,2011-10-09,31.91,19083,Belgium,HomeGarden,60.54
INV007495,SKU0272,DeluxeWidgetC,56,2011-10-09,44.64,19438,Netherlands,Sports,4032.32
INV007496,SKU0248,ClassicWidgetB,15,2011-10-09,127.29,10472,UnitedKingdom,Food,2735.68
INV007497,SKU0013,DeluxeWidgetC,83,2011-10-09,57.37,15435,Germany,Books,2832.0
INV007498,SKU0461,DeluxeWidgetC,92,2011-10-09,43.36,12217,Belgium,Toys,2687.14
INV007499,SKU0012,DeluxeWidgetC,40,2011-10-09,120.98,18892,Australia,Sports,2677.19
INV007500,SKU0390,EliteWidgetG,41,2011-10-09,5.27,10052,UnitedKingdom,HomeGarden,990.23
INV007501,SKU0383,ClassicWidgetB,69,2011-10-09,89.3,12987,Belgium,Toys,1416.62
INV007502,SKU0043,EliteWidgetG,69,2011-10-09,131.11,18330,Germany,Books,2438.6
INV007503,SKU0374,EliteWidgetG,6,2011-10-09,61.81,19589,France,Clothing,3389.54
INV007504,SKU0398,EliteWidgetG,87,2011-10-09,40.76,12137,Australia,Electronics,1360.5
INV007505,SKU0018,BudgetWidgetE,67,2011-10-09,74.01,10827,UnitedKingdom,HomeGarden,4030.87
INV007506,SKU0062,ProWidgetF,33,2011-10-09,107.76,18164,Spain,Toys,4053.16
INV007507,SKU0490,PremiumWidgetA,43,2011-10-09,77.73,11248,France,Electronics,1370.12
INV007508,SKU0238,BudgetWidgetE,21,2011-10-09,1.64,14835,Spain,Food,2800.76
INV007509,SKU0491,ClassicWidgetB,84,2011-10-09,12.21,18377,Spain,Clothing,1745.27
INV007510,SKU0418,PremiumWidgetA,65,2011-10-09,108.34,13442,UnitedKingdom,Books,954.24
INV007511,SKU0336,PremiumWidgetA,17,2011-10-09,60.29,17402,Netherlands,Toys,4030.19
INV007512,SKU0418,PremiumWidgetA,93,2011-10-10,117.82,13193,Belgium,HomeGarden,4957.41
INV007513,SKU0402,ProWidgetF,8,2011-10-10,97.6,14928,Belgium,Food,2829.03
INV007514,SKU0403,EliteWidgetG,64,2011-10-10,87.44,19604,Netherlands,Books,4569.82
INV007515,SKU0099,BasicWidgetH,90,2011-10-10,135.26,17596,Australia,Toys,3211.2
INV007516,SKU0162,StandardWidgetD,28,2011-10-10,3.69,12916,UnitedKingdom,Toys,2829.05
INV007517,SKU0415,ClassicWidgetB,98,2011-10-10,23.68,19207,Belgium,HomeGarden,2401.24
INV007518,SKU0121,BasicWidgetH,90,2011-10-10,93.84,14537,Netherlands,Clothing,1179.34
INV007519,SKU0431,ProWidgetF,13,2011-10-10,10.34,17051,Germany,Clothing,422.19
INV007520,SKU0043,ProWidgetF,13,2011-10-10,96.92,15645,Germany,Clothing,2212.24
INV007521,SKU0359,StandardWidgetD,38,2011-10-10,147.63,14261,Netherlands,Electronics,2806.99
INV007522,SKU0407,PremiumWidgetA,25,2011-10-10,131.88,11935,Belgium,Food,2547.74
INV007523,SKU0316,EliteWidgetG,62,2011-10-10,88.84,18041,Spain,Sports,3478.16
INV007524,SKU0380,StandardWidgetD,23,2011-10-10,134.15,19660,Spain,Books,961.3
INV007525,SKU0144,BasicWidgetH,86,2011-10-10,17.88,14538,Netherlands,HomeGarden,1771.66
INV007526,SKU0326,BasicWidgetH,21,2011-10-10,68.48,14426,Australia,Books,2078.42
INV007527,SKU0362,StandardWidgetD,54,2011-10-10,64.59,11358,Spain,Sports,933.43
INV007528,SKU0049,ProWidgetF,63,2011-10-10,50.8,11769,Australia,Electronics,4532.41
INV007529,SKU0064,ClassicWidgetB,30,2011-10-10,0.53,19381,Germany,Electronics,3407.88
INV007530,SKU0354,DeluxeWidgetC,75,2011-10-10,133.71,11192,France,Sports,460.22
INV007531,SKU0287,EliteWidgetG,68,2011-10-10,116.77,12816,UnitedKingdom,Toys,3564.28
INV007532,SKU0163,BasicWidgetH,97,2011-10-10,98.1,16267,France,HomeGarden,2739.39
INV007533,SKU0140,BasicWidgetH,76,2011-10-10,19.78,17025,Australia,Sports,2620.18
INV007534,SKU0453,StandardWidgetD,73,2011-10-10,57.04,14856,Spain,Electronics,4948.94
INV007535,SKU0313,EliteWidgetG,32,2011-10-10,138.69,15217,France,Toys,3091.39
INV007536,SKU0127,StandardWidgetD,75,2011-10-11,92.73,11042,Australia,Electronics,4483.74
INV007537,SKU0397,PremiumWidgetA,24,2011-10-11,90.71,15243,Belgium,Toys,4567.83
INV007538,SKU0420,EliteWidgetG,7,2011-10-11,137.01,18417,France,Books,507.99
INV007539,SKU0367,PremiumWidgetA,72,2011-10-11,84.2,16755,Germany,HomeGarden,42.8
INV007540,SKU0462,BasicWidgetH,97,2011-10-11,89.84,16467,Australia,HomeGarden,2176.9
INV007541,SKU0238,ProWidgetF,89,2011-10-11,52.18,13977,Germany,Electronics,3846.66
INV007542,SKU0323,PremiumWidgetA,1,2011-10-11,56.03,11883,France,Sports,4121.16
INV007543,SKU0295,EliteWidgetG,3,2011-10-11,103.0,10540,Netherlands,Electronics,3937.68
INV007544,SKU0186,BudgetWidgetE,28,2011-10-11,48.41,18837,Netherlands,Books,2236.99
INV007545,SKU0207,EliteWidgetG,43,2011-10-11,84.09,15085,UnitedKingdom,Sports,3750.07
INV007546,SKU0219,StandardWidgetD,97,2011-10-11,42.24,14801,Belgium,Electronics,3594.16
INV007547,SKU0399,PremiumWidgetA,46,2011-10-11,25.34,14726,Netherlands,Toys,1569.78
INV007548,SKU0189,ClassicWidgetB,1,2011-10-11,68.43,17022,Belgium,Food,844.43
INV007549,SKU0387,BudgetWidgetE,38,2011-10-11,33.01,11688,UnitedKingdom,Toys,3107.47
INV007550,SKU0428,ProWidgetF,91,2011-10-11,134.82,19046,France,HomeGarden,3385.75
INV007551,SKU0345,DeluxeWidgetC,35,2011-10-11,45.89,16634,UnitedKingdom,Books,2840.29
INV007552,SKU0283,StandardWidgetD,74,2011-10-11,89.81,10404,UnitedKingdom,Food,1066.68
INV007553,SKU0351,StandardWidgetD,76,2011-10-11,39.88,13343,UnitedKingdom,Electronics,1384.09
INV007554,SKU0236,ClassicWidgetB,74,2011-10-11,39.07,17811,Belgium,Electronics,3542.72
INV007555,SKU0193,DeluxeWidgetC,54,2011-10-11,52.92,17018,Germany,Toys,4813.15
INV007556,SKU0286,BasicWidgetH,98,2011-10-11,137.42,18711,Belgium,Food,4724.23
INV007557,SKU0258,DeluxeWidgetC,24,2011-10-11,59.03,11407,Belgium,Toys,2598.77
INV007558,SKU0245,ProWidgetF,28,2011-10-11,123.28,19012,UnitedKingdom,Toys,4432.91
INV007559,SKU0135,ProWidgetF,22,2011-10-11,30.0,17030,Spain,Toys,148.23
INV007560,SKU0279,BudgetWidgetE,16,2011-10-12,7.7,17359,Australia,Clothing,4305.9
INV007561,SKU0270,BasicWidgetH,13,2011-10-12,117.36,14530,France,Food,2381.28
INV007562,SKU0170,StandardWidgetD,62,2011-10-12,81.51,17928,Germany,Food,3907.86
INV007563,SKU0158,PremiumWidgetA,43,2011-10-12,75.81,14067,Australia,Sports,28.91
INV007564,SKU0200,ProWidgetF,87,2011-10-12,41.19,16206,France,Clothing,4342.94
INV007565,SKU0486,ClassicWidgetB,78,2011-10-12,11.31,12181,Belgium,HomeGarden,2975.3
INV007566,SKU0044,ClassicWidgetB,32,2011-10-12,72.69,13232,Germany,Sports,1201.91
INV007567,SKU0449,ClassicWidgetB,67,2011-10-12,130.15,18616,Belgium,Books,1738.07
INV007568,SKU0263,EliteWidgetG,91,2011-10-12,18.44,11551,France,Sports,1004.13
INV007569,SKU0070,BasicWidgetH,83,2011-10-12,139.41,10357,Netherlands,Food,2122.6
INV007570,SKU0363,BasicWidgetH,86,2011-10-12,41.57,11594,France,Toys,1650.7
INV007571,SKU0370,ProWidgetF,57,2011-10-12,80.06,15128,Netherlands,Electronics,2672.98
INV007572,SKU0102,ProWidgetF,65,2011-10-12,10.44,19202,Belgium,Electronics,4074.11
INV007573,SKU0489,ClassicWidgetB,69,2011-10-12,64.04,18388,Netherlands,Electronics,4911.39
INV007574,SKU0124,BasicWidgetH,49,2011-10-12,19.32,19225,Spain,Sports,1258.04
INV007575,SKU0312,BasicWidgetH,33,2011-10-12,7.67,19053,France,Electronics,533.43
INV007576,SKU0463,ProWidgetF,19,2011-10-12,145.0,10348,Belgium,Electronics,1978.94
INV007577,SKU0482,EliteWidgetG,36,2011-10-12,109.65,11658,Belgium,Toys,718.63
INV007578,SKU0285,PremiumWidgetA,70,2011-10-12,108.0,18766,Netherlands,Clothing,4171.37
INV007579,SKU0457,PremiumWidgetA,15,2011-10-12,14.04,11819,Spain,Electronics,2506.12
INV007580,SKU0229,BudgetWidgetE,97,2011-10-12,139.44,16471,Germany,Clothing,3100.19
INV007581,SKU0145,BasicWidgetH,24,2011-10-12,70.69,15881,Netherlands,HomeGarden,753.91
INV007582,SKU0369,StandardWidgetD,27,2011-10-12,127.92,16655,UnitedKingdom,Sports,3748.29
INV007583,SKU0196,PremiumWidgetA,49,2011-10-12,2.38,19122,Germany,Clothing,4867.94
INV007584,SKU0372,BudgetWidgetE,75,2011-10-13,45.08,14008,Belgium,Food,2412.44
INV007585,SKU0220,DeluxeWidgetC,23,2011-10-13,149.41,16043,Spain,Toys,4812.32
INV007586,SKU0422,StandardWidgetD,33,2011-10-13,64.46,10483,Germany,Sports,174.55
INV007587,SKU0059,BasicWidgetH,41,2011-10-13,133.33,13912,Germany,Food,179.58
INV007588,SKU0097,PremiumWidgetA,56,2011-10-13,49.54,10357,Belgium,Food,4800.1
INV007589,SKU0170,EliteWidgetG,29,2011-10-13,79.04,18445,UnitedKingdom,Sports,3501.63
INV007590,SKU0381,DeluxeWidgetC,31,2011-10-13,128.21,19026,UnitedKingdom,Books,944.26
INV007591,SKU0172,BudgetWidgetE,65,2011-10-13,91.07,11190,UnitedKingdom,Clothing,1820.01
INV007592,SKU0150,PremiumWidgetA,98,2011-10-13,108.92,19895,UnitedKingdom,Electronics,2539.26
INV007593,SKU0452,BasicWidgetH,18,2011-10-13,34.71,14564,Spain,Food,3513.49
INV007594,SKU0349,PremiumWidgetA,82,2011-10-13,23.81,15979,UnitedKingdom,Toys,4210.29
INV007595,SKU0389,ProWidgetF,6,2011-10-13,34.93,18684,Spain,Toys,414.2
INV007596,SKU0439,DeluxeWidgetC,52,2011-10-13,74.21,13409,Spain,Books,3283.21
INV007597,SKU0121,PremiumWidgetA,40,2011-10-13,120.24,18243,Australia,Clothing,2384.08
INV007598,SKU0493,ClassicWidgetB,65,2011-10-13,53.42,18453,Belgium,Toys,2988.51
INV007599,SKU0107,EliteWidgetG,42,2011-10-13,84.94,11908,Australia,Clothing,2543.15
INV007600,SKU0003,ProWidgetF,94,2011-10-13,120.82,13646,UnitedKingdom,HomeGarden,2254.01
INV007601,SKU0092,ProWidgetF,68,2011-10-13,36.2,17715,Spain,Electronics,1028.36
INV007602,SKU0406,PremiumWidgetA,32,2011-10-13,132.5,12377,Germany,HomeGarden,2362.21
INV007603,SKU0005,EliteWidgetG,10,2011-10-13,142.99,14336,Netherlands,Sports,949.09
INV007604,SKU0287,ProWidgetF,69,2011-10-13,6.33,15404,Netherlands,Electronics,224.01
INV007605,SKU0105,StandardWidgetD,9,2011-10-13,9.34,15958,Australia,HomeGarden,1869.75
INV007606,SKU0145,DeluxeWidgetC,69,2011-10-13,14.1,11625,UnitedKingdom,HomeGarden,125.75
INV007607,SKU0270,StandardWidgetD,61,2011-10-13,116.63,15418,France,Food,2813.16
INV007608,SKU0423,BudgetWidgetE,11,2011-10-14,28.81,19420,Netherlands,Food,362.89
INV007609,SKU0377,StandardWidgetD,99,2011-10-14,108.99,14386,Belgium,Electronics,2188.33
INV007610,SKU0095,EliteWidgetG,91,2011-10-14,66.47,16354,Belgium,Clothing,4900.73
INV007611,SKU0456,ClassicWidgetB,68,2011-10-14,125.52,11389,Spain,Sports,50.4
INV007612,SKU0228,ProWidgetF,74,2011-10-14,121.38,15909,Belgium,Books,1834.91
INV007613,SKU0201,EliteWidgetG,97,2011-10-14,143.97,11487,Spain,Toys,3366.64
INV007614,SKU0211,ProWidgetF,8,2011-10-14,38.03,16501,Netherlands,Books,795.43
INV007615,SKU0005,BasicWidgetH,49,2011-10-14,34.77,19108,Germany,Books,2804.11
INV007616,SKU0111,ClassicWidgetB,24,2011-10-14,5.21,10710,Netherlands,Sports,1291.69
INV007617,SKU0375,ProWidgetF,33,2011-10-14,61.86,11886,Australia,Electronics,1114.62
INV007618,SKU0378,StandardWidgetD,19,2011-10-14,69.13,12216,Belgium,Electronics,4475.02
INV007619,SKU0446,BasicWidgetH,2,2011-10-14,144.69,11320,UnitedKingdom,Food,1017.2
INV007620,SKU0322,BasicWidgetH,55,2011-10-14,124.7,17906,UnitedKingdom,Electronics,1883.38
INV007621,SKU0105,BudgetWidgetE,11,2011-10-14,25.44,14445,Spain,Books,848.82
INV007622,SKU0138,BasicWidgetH,99,2011-10-14,119.87,14831,Netherlands,Clothing,1420.15
INV007623,SKU0298,BasicWidgetH,17,2011-10-14,27.16,17817,France,HomeGarden,1466.24
INV007624,SKU0400,PremiumWidgetA,42,2011-10-14,12.13,16984,Australia,Food,1634.54
INV007625,SKU0095,ClassicWidgetB,61,2011-10-14,125.64,18592,Spain,Books,3205.69
INV007626,SKU0387,StandardWidgetD,3,2011-10-14,146.41,10750,Netherlands,Sports,3713.22
INV007627,SKU0446,EliteWidgetG,86,2011-10-14,13.67,15594,Australia,Electronics,2553.84
INV007628,SKU0451,StandardWidgetD,35,2011-10-14,122.18,17171,France,Food,3052.77
INV007629,SKU0336,StandardWidgetD,85,2011-10-14,128.95,17491,Spain,HomeGarden,4066.53
INV007630,SKU0296,PremiumWidgetA,89,2011-10-14,18.25,11887,Belgium,Electronics,4997.8
INV007631,SKU0466,DeluxeWidgetC,66,2011-10-14,42.85,13685,Australia,Electronics,2283.07
INV007632,SKU0388,ProWidgetF,1,2011-10-15,110.18,11418,Spain,Electronics,4682.24
INV007633,SKU0415,ProWidgetF,7,2011-10-15,121.26,12603,Australia,Toys,2452.36
INV007634,SKU0213,EliteWidgetG,20,2011-10-15,53.42,13771,Australia,Food,3910.22
INV007635,SKU0453,BasicWidgetH,43,2011-10-15,24.41,15100,Belgium,Clothing,2866.54
INV007636,SKU0290,BudgetWidgetE,6,2011-10-15,97.43,19837,Spain,Food,4420.31
INV007637,SKU0021,EliteWidgetG,55,2011-10-15,105.44,13487,UnitedKingdom,HomeGarden,2244.07
INV007638,SKU0192,DeluxeWidgetC,21,2011-10-15,75.79,19005,Belgium,Food,3479.38
INV007639,SKU0467,ProWidgetF,51,2011-10-15,22.17,15910,France,Food,2332.11
INV007640,SKU0149,BudgetWidgetE,46,2011-10-15,126.75,16308,Spain,Food,4285.28
INV007641,SKU0367,EliteWidgetG,35,2011-10-15,96.97,14733,UnitedKingdom,Books,4971.85
INV007642,SKU0246,BudgetWidgetE,8,2011-10-15,130.44,13169,Germany,Clothing,1217.33
INV007643,SKU0266,StandardWidgetD,68,2011-10-15,139.98,11023,Netherlands,Toys,2372.22
INV007644,SKU0460,ClassicWidgetB,16,2011-10-15,120.95,19701,Spain,Sports,407.2
INV007645,SKU0250,StandardWidgetD,67,2011-10-15,143.82,11393,UnitedKingdom,Food,705.84
INV007646,SKU0489,PremiumWidgetA,71,2011-10-15,143.16,15239,Spain,Toys,4645.82
INV007647,SKU0002,BasicWidgetH,64,2011-10-15,93.09,12346,Spain,Sports,2718.53
INV007648,SKU0392,ProWidgetF,2,2011-10-15,109.36,10855,Spain,Toys,1976.18
INV007649,SKU0315,BudgetWidgetE,1,2011-10-15,105.06,19358,Belgium,Books,3357.74
INV007650,SKU0075,EliteWidgetG,58,2011-10-15,93.36,12754,Australia,HomeGarden,2801.25
INV007651,SKU0086,BasicWidgetH,1,2011-10-15,3.39,11665,Germany,Books,1444.3
INV007652,SKU0269,ClassicWidgetB,7,2011-10-15,53.71,14038,France,Clothing,1133.85
INV007653,SKU0224,EliteWidgetG,88,2011-10-15,15.46,13687,France,HomeGarden,2951.61
INV007654,SKU0017,ProWidgetF,69,2011-10-15,45.39,11116,Spain,Food,942.14
INV007655,SKU0112,BudgetWidgetE,85,2011-10-15,10.75,14542,UnitedKingdom,Food,696.72
INV007656,SKU0250,BudgetWidgetE,92,2011-10-16,138.04,10733,Belgium,Sports,1592.62
INV007657,SKU0232,StandardWidgetD,18,2011-10-16,67.97,12921,Spain,HomeGarden,4306.84
INV007658,SKU0328,ClassicWidgetB,88,2011-10-16,28.81,19898,Australia,HomeGarden,185.06
INV007659,SKU0278,ClassicWidgetB,32,2011-10-16,87.92,13498,Australia,HomeGarden,4166.5
INV007660,SKU0201,ProWidgetF,45,2011-10-16,29.87,19316,Spain,Books,3105.25
INV007661,SKU0082,BudgetWidgetE,33,2011-10-16,120.76,14717,France,Electronics,202.82
INV007662,SKU0124,BasicWidgetH,74,2011-10-16,46.23,14854,Australia,Clothing,3010.59
INV007663,SKU0174,ClassicWidgetB,73,2011-10-16,47.58,11858,Netherlands,HomeGarden,2130.67
INV007664,SKU0068,ClassicWidgetB,49,2011-10-16,130.56,15473,UnitedKingdom,HomeGarden,4205.8
INV007665,SKU0046,EliteWidgetG,33,2011-10-16,84.1,12513,UnitedKingdom,Books,4536.09
INV007666,SKU0371,ProWidgetF,97,2011-10-16,133.15,14960,Australia,Clothing,1433.18
INV007667,SKU0255,StandardWidgetD,71,2011-10-16,62.23,13515,France,Clothing,3921.07
INV007668,SKU0214,EliteWidgetG,68,2011-10-16,51.92,19989,Belgium,Food,1549.7
INV007669,SKU0029,EliteWidgetG,28,2011-10-16,76.18,12316,Spain,Sports,1478.88
INV007670,SKU0280,DeluxeWidgetC,87,2011-10-16,9.69,12014,Netherlands,Clothing,964.0
INV007671,SKU0411,PremiumWidgetA,53,2011-10-16,23.55,12167,Netherlands,Clothing,3392.77
INV007672,SKU0481,DeluxeWidgetC,96,2011-10-16,33.32,13028,Spain,Food,1309.17
INV007673,SKU0236,ClassicWidgetB,44,2011-10-16,122.59,19335,Belgium,HomeGarden,2324.83
INV007674,SKU0247,BudgetWidgetE,80,2011-10-16,110.2,14231,Netherlands,Food,4060.83
INV007675,SKU0367,PremiumWidgetA,55,2011-10-16,29.4,13148,Germany,Electronics,3959.77
INV007676,SKU0494,PremiumWidgetA,10,2011-10-16,41.87,17521,Australia,HomeGarden,4277.36
INV007677,SKU0024,BudgetWidgetE,14,2011-10-16,141.67,19127,Netherlands,Toys,806.16
INV007678,SKU0073,PremiumWidgetA,36,2011-10-16,13.33,10000,Belgium,Books,2934.88
INV007679,SKU0205,BudgetWidgetE,34,2011-10-16,82.34,18268,Australia,Clothing,4574.28
INV007680,SKU0489,PremiumWidgetA,88,2011-10-17,78.54,17611,France,Electronics,211.21
INV007681,SKU0493,EliteWidgetG,18,2011-10-17,108.99,12628,France,HomeGarden,3972.84
INV007682,SKU0313,BasicWidgetH,16,2011-10-17,39.58,16134,Spain,Toys,1231.94
INV007683,SKU0093,ProWidgetF,37,2011-10-17,140.25,10573,France,Sports,3348.6
INV007684,SKU0374,ProWidgetF,41,2011-10-17,61.88,11548,Germany,Books,3587.31
INV007685,SKU0126,DeluxeWidgetC,25,2011-10-17,43.22,18377,France,Toys,4628.0
INV007686,SKU0424,EliteWidgetG,8,2011-10-17,50.86,16045,Australia,Food,2544.49
INV007687,SKU0024,PremiumWidgetA,88,2011-10-17,52.63,13492,UnitedKingdom,Books,4241.31
INV007688,SKU0333,StandardWidgetD,84,2011-10-17,30.24,18225,UnitedKingdom,Toys,227.54
INV007689,SKU0354,BudgetWidgetE,94,2011-10-17,139.24,17839,Australia,Books,2103.29
INV007690,SKU0115,EliteWidgetG,84,2011-10-17,26.64,19812,UnitedKingdom,HomeGarden,2198.16
INV007691,SKU0047,PremiumWidgetA,18,2011-10-17,132.48,15689,Netherlands,Electronics,2691.85
INV007692,SKU0225,ProWidgetF,68,2011-10-17,61.04,11896,UnitedKingdom,Electronics,2407.22
INV007693,SKU0265,ProWidgetF,48,2011-10-17,40.76,12455,Belgium,Clothing,4839.84
INV007694,SKU0098,BudgetWidgetE,70,2011-10-17,30.18,19992,Germany,Electronics,393.62
INV007695,SKU0458,StandardWidgetD,67,2011-10-17,75.9,15416,France,Food,1325.82
INV007696,SKU0010,PremiumWidgetA,18,2011-10-17,100.55,15383,UnitedKingdom,Sports,4843.18
INV007697,SKU0084,PremiumWidgetA,18,2011-10-17,134.78,11405,UnitedKingdom,Toys,2227.07
INV007698,SKU0404,StandardWidgetD,56,2011-10-17,98.04,14538,Belgium,Books,2856.22
INV007699,SKU0213,StandardWidgetD,23,2011-10-17,72.81,11186,Spain,Food,406.05
INV007700,SKU0172,StandardWidgetD,35,2011-10-17,5.5,12139,Germany,HomeGarden,1420.97
INV007701,SKU0390,ProWidgetF,6,2011-10-17,137.36,12678,Spain,Books,199.22
INV007702,SKU0208,BudgetWidgetE,26,2011-10-17,135.4,13794,Germany,Books,688.39
INV007703,SKU0447,EliteWidgetG,85,2011-10-17,57.12,12719,UnitedKingdom,Sports,3166.94
INV007704,SKU0381,BasicWidgetH,61,2011-10-18,4.84,18048,Netherlands,Toys,3818.35
INV007705,SKU0063,StandardWidgetD,88,2011-10-18,110.14,14602,UnitedKingdom,Food,4350.55
INV007706,SKU0257,BudgetWidgetE,15,2011-10-18,118.86,14450,Netherlands,Food,1258.07
INV007707,SKU0331,DeluxeWidgetC,91,2011-10-18,81.6,13957,Spain,Food,1664.99
INV007708,SKU0120,PremiumWidgetA,32,2011-10-18,60.73,16069,Belgium,Books,2847.42
INV007709,SKU0297,PremiumWidgetA,12,2011-10-18,127.74,18679,France,Books,419.35
INV007710,SKU0465,BasicWidgetH,5,2011-10-18,29.28,10278,Australia,Sports,4033.78
INV007711,SKU0053,BasicWidgetH,64,2011-10-18,66.21,12591,France,Sports,2416.98
INV007712,SKU0330,ClassicWidgetB,71,2011-10-18,4.16,18841,UnitedKingdom,Electronics,4827.57
INV007713,SKU0271,DeluxeWidgetC,86,2011-10-18,25.02,10354,UnitedKingdom,Toys,587.46
INV007714,SKU0240,EliteWidgetG,27,2011-10-18,141.15,12242,Netherlands,Food,667.32
INV007715,SKU0242,BasicWidgetH,79,2011-10-18,86.92,14899,Germany,Food,1743.54
INV007716,SKU0017,StandardWidgetD,45,2011-10-18,120.94,16236,Spain,Books,1034.6
INV007717,SKU0482,StandardWidgetD,35,2011-10-18,73.23,12480,Spain,Toys,3483.25
INV007718,SKU0186,EliteWidgetG,26,2011-10-18,125.31,10557,Spain,Clothing,4734.11
INV007719,SKU0345,ProWidgetF,23,2011-10-18,81.07,13486,Netherlands,Clothing,450.43
INV007720,SKU0143,DeluxeWidgetC,13,2011-10-18,1.18,10161,Germany,Clothing,1211.94
INV007721,SKU0261,StandardWidgetD,90,2011-10-18,135.01,16244,Germany,Toys,1190.25
INV007722,SKU0440,BasicWidgetH,3,2011-10-18,22.71,10698,Belgium,Sports,2545.86
INV007723,SKU0363,ClassicWidgetB,29,2011-10-18,67.86,13544,Germany,Books,2260.68
INV007724,SKU0490,BudgetWidgetE,66,2011-10-18,71.76,13777,Germany,Electronics,3634.6
INV007725,SKU0430,PremiumWidgetA,64,2011-10-18,7.56,12205,UnitedKingdom,Books,3663.42
INV007726,SKU0238,DeluxeWidgetC,28,2011-10-18,8.43,10491,Australia,Food,2864.2
INV007727,SKU0303,PremiumWidgetA,87,2011-10-18,114.5,11992,Spain,Clothing,2955.52
INV007728,SKU0297,BudgetWidgetE,36,2011-10-19,45.42,11032,Australia,Toys,4211.74
INV007729,SKU0075,DeluxeWidgetC,6,2011-10-19,61.74,13283,France,HomeGarden,1985.29
INV007730,SKU0187,BasicWidgetH,11,2011-10-19,84.83,16016,France,Toys,62.7
INV007731,SKU0332,BudgetWidgetE,38,2011-10-19,56.32,14919,France,Clothing,1065.94
INV007732,SKU0387,StandardWidgetD,34,2011-10-19,116.37,15974,Netherlands,Toys,177.78
INV007733,SKU0486,EliteWidgetG,81,2011-10-19,132.73,18977,France,Toys,1968.09
INV007734,SKU0245,StandardWidgetD,67,2011-10-19,9.43,11833,Spain,Toys,1789.82
INV007735,SKU0129,BasicWidgetH,46,2011-10-19,95.49,10991,Belgium,Sports,494.05
INV007736,SKU0473,EliteWidgetG,98,2011-10-19,47.99,16984,France,Books,3775.37
INV007737,SKU0314,StandardWidgetD,86,2011-10-19,87.7,16346,France,Sports,2765.75
INV007738,SKU0410,BudgetWidgetE,29,2011-10-19,72.84,11783,Belgium,Toys,1129.28
INV007739,SKU0282,BudgetWidgetE,60,2011-10-19,50.38,15184,UnitedKingdom,Electronics,3795.87
INV007740,SKU0078,BudgetWidgetE,54,2011-10-19,14.67,11184,France,Books,3339.99
INV007741,SKU0071,PremiumWidgetA,93,2011-10-19,84.14,11668,Belgium,Books,958.78
INV007742,SKU0262,BasicWidgetH,69,2011-10-19,17.36,16833,Australia,Books,4914.46
INV007743,SKU0190,BudgetWidgetE,74,2011-10-19,23.84,15824,UnitedKingdom,HomeGarden,887.95
INV007744,SKU0366,StandardWidgetD,74,2011-10-19,147.34,10571,Germany,Books,3858.73
INV007745,SKU0374,ClassicWidgetB,9,2011-10-19,47.85,14300,Netherlands,HomeGarden,4841.46
INV007746,SKU0429,BasicWidgetH,85,2011-10-19,87.87,13738,UnitedKingdom,Food,3627.79
INV007747,SKU0062,BudgetWidgetE,77,2011-10-19,41.2,10583,UnitedKingdom,Books,3329.22
INV007748,SKU0487,ClassicWidgetB,10,2011-10-19,129.89,17323,Australia,Toys,4516.7
INV007749,SKU0379,EliteWidgetG,75,2011-10-19,42.86,18499,Belgium,Clothing,1346.39
INV007750,SKU0011,StandardWidgetD,68,2011-10-19,55.35,18253,Spain,Electronics,1386.5
INV007751,SKU0140,BudgetWidgetE,58,2011-10-19,91.45,17540,Spain,Books,3206.16
INV007752,SKU0253,PremiumWidgetA,95,2011-10-20,130.56,15579,France,Food,4410.81
INV007753,SKU0042,PremiumWidgetA,52,2011-10-20,122.52,14570,Germany,Sports,3087.25
INV007754,SKU0016,EliteWidgetG,34,2011-10-20,39.95,15691,Belgium,Food,4885.27
INV007755,SKU0062,ClassicWidgetB,35,2011-10-20,124.52,11959,Australia,Clothing,1115.29
INV007756,SKU0252,ProWidgetF,33,2011-10-20,105.33,18030,Belgium,Sports,4129.57
INV007757,SKU0464,PremiumWidgetA,72,2011-10-20,148.48,15126,Belgium,Sports,4636.39
INV007758,SKU0375,BasicWidgetH,32,2011-10-20,140.35,13762,Australia,Food,2135.58
INV007759,SKU0291,PremiumWidgetA,55,2011-10-20,80.2,12786,UnitedKingdom,HomeGarden,4809.95
INV007760,SKU0468,PremiumWidgetA,97,2011-10-20,112.61,11542,Germany,Electronics,1011.54
INV007761,SKU0007,StandardWidgetD,8,2011-10-20,85.74,11675,Belgium,Food,4764.22
INV007762,SKU0324,PremiumWidgetA,46,2011-10-20,89.45,10033,Australia,Food,4514.14
INV007763,SKU0089,DeluxeWidgetC,14,2011-10-20,15.67,12799,Spain,Sports,331.66
INV007764,SKU0207,BudgetWidgetE,98,2011-10-20,0.84,17496,Netherlands,Food,2607.14
INV007765,SKU0291,EliteWidgetG,8,2011-10-20,7.7,11855,Belgium,Clothing,2644.67
INV007766,SKU0283,PremiumWidgetA,71,2011-10-20,145.01,16923,Netherlands,Electronics,285.81
INV007767,SKU0117,ProWidgetF,77,2011-10-20,19.38,12685,Australia,Clothing,198.62
INV007768,SKU0348,BasicWidgetH,54,2011-10-20,7.14,11057,UnitedKingdom,Sports,26.48
INV007769,SKU0174,ProWidgetF,21,2011-10-20,46.79,16938,Belgium,Electronics,2623.02
INV007770,SKU0075,PremiumWidgetA,96,2011-10-20,88.43,14501,Netherlands,Books,2319.61
INV007771,SKU0100,PremiumWidgetA,75,2011-10-20,142.29,17597,UnitedKingdom,Sports,4702.36
INV007772,SKU0413,DeluxeWidgetC,14,2011-10-20,105.13,16571,France,Sports,1712.19
INV007773,SKU0150,PremiumWidgetA,75,2011-10-20,41.81,14388,France,Food,3291.48
INV007774,SKU0399,PremiumWidgetA,2,2011-10-20,140.89,16022,Belgium,Toys,38.81
INV007775,SKU0269,BudgetWidgetE,98,2011-10-20,5.89,12627,UnitedKingdom,Toys,3318.03
INV007776,SKU0457,ProWidgetF,61,2011-10-21,146.87,13820,Australia,HomeGarden,4567.39
INV007777,SKU0070,DeluxeWidgetC,17,2011-10-21,9.27,17247,France,Clothing,1774.49
INV007778,SKU0492,ProWidgetF,78,2011-10-21,113.2,13643,Spain,Books,1570.97
INV007779,SKU0179,DeluxeWidgetC,89,2011-10-21,7.27,16191,Belgium,Electronics,3130.52
INV007780,SKU0123,ProWidgetF,48,2011-10-21,139.77,13762,Belgium,Sports,1643.43
INV007781,SKU0380,PremiumWidgetA,91,2011-10-21,16.75,15987,France,Sports,2012.69
INV007782,SKU0292,ProWidgetF,8,2011-10-21,8.05,18798,Spain,Books,1366.31
INV007783,SKU0284,ProWidgetF,56,2011-10-21,133.45,12355,Netherlands,Sports,1725.1
INV007784,SKU0194,DeluxeWidgetC,17,2011-10-21,14.82,11333,Australia,Food,3397.37
INV007785,SKU0398,EliteWidgetG,69,2011-10-21,119.79,14008,UnitedKingdom,Clothing,4611.95
INV007786,SKU0227,ClassicWidgetB,12,2011-10-21,112.18,12473,France,Electronics,2915.99
INV007787,SKU0430,DeluxeWidgetC,38,2011-10-21,90.03,16143,Belgium,Food,51.16
INV007788,SKU0429,DeluxeWidgetC,18,2011-10-21,57.01,13733,Australia,Books,1320.2
INV007789,SKU0435,DeluxeWidgetC,26,2011-10-21,137.38,12086,France,Books,4761.24
INV007790,SKU0274,StandardWidgetD,95,2011-10-21,130.73,13350,Netherlands,Toys,4551.7
INV007791,SKU0460,EliteWidgetG,37,2011-10-21,64.22,18567,Australia,HomeGarden,579.12
INV007792,SKU0105,StandardWidgetD,70,2011-10-21,35.14,11952,Germany,Electronics,4542.18
INV007793,SKU0020,StandardWidgetD,41,2011-10-21,41.25,13710,Belgium,Books,4822.68
INV007794,SKU0063,DeluxeWidgetC,79,2011-10-21,33.44,11693,Netherlands,Food,1623.53
INV007795,SKU0164,ClassicWidgetB,42,2011-10-21,81.42,18263,UnitedKingdom,Sports,3505.33
INV007796,SKU0026,DeluxeWidgetC,90,2011-10-21,130.35,11774,Australia,Food,2800.35
INV007797,SKU0310,PremiumWidgetA,76,2011-10-21,116.15,10573,Spain,Toys,1685.91
INV007798,SKU0499,ClassicWidgetB,41,2011-10-21,119.43,16485,France,Electronics,767.53
INV007799,SKU0284,StandardWidgetD,47,2011-10-21,67.52,14664,Spain,Clothing,1835.23
INV007800,SKU0147,BasicWidgetH,14,2011-10-22,48.71,15059,Australia,Books,4639.06
INV007801,SKU0280,ProWidgetF,1,2011-10-22,113.72,15362,UnitedKingdom,Clothing,4056.43
INV007802,SKU0325,ProWidgetF,17,2011-10-22,119.1,14066,Spain,Books,1654.04
INV007803,SKU0318,EliteWidgetG,97,2011-10-22,104.46,16471,Spain,Sports,2738.83
INV007804,SKU0163,BasicWidgetH,55,2011-10-22,5.3,16113,Spain,HomeGarden,2030.4
INV007805,SKU0385,BudgetWidgetE,93,2011-10-22,88.66,18344,Belgium,Sports,2331.72
INV007806,SKU0405,EliteWidgetG,53,2011-10-22,52.38,15374,Australia,Clothing,3806.29
INV007807,SKU0223,ClassicWidgetB,31,2011-10-22,29.83,18920,France,Food,2715.49
INV007808,SKU0271,StandardWidgetD,62,2011-10-22,104.31,19744,Belgium,Electronics,906.04
INV007809,SKU0145,ClassicWidgetB,8,2011-10-22,40.64,13663,Spain,Food,1345.91
INV007810,SKU0452,ClassicWidgetB,30,2011-10-22,136.97,16694,Netherlands,Toys,2839.4
INV007811,SKU0437,ProWidgetF,77,2011-10-22,45.06,16141,Netherlands,Clothing,3464.4
INV007812,SKU0355,DeluxeWidgetC,80,2011-10-22,83.5,16286,France,HomeGarden,2541.09
INV007813,SKU0029,PremiumWidgetA,66,2011-10-22,124.25,16160,Belgium,Books,3101.43
INV007814,SKU0044,BudgetWidgetE,45,2011-10-22,60.62,19191,Germany,Toys,3947.1
INV007815,SKU0274,StandardWidgetD,18,2011-10-22,124.38,17142,Germany,Books,2727.41
INV007816,SKU0470,ClassicWidgetB,99,2011-10-22,108.69,15021,Netherlands,Clothing,4885.98
INV007817,SKU0033,BudgetWidgetE,45,2011-10-22,138.17,16870,Spain,Electronics,1178.61
INV007818,SKU0140,ClassicWidgetB,19,2011-10-22,49.21,16308,UnitedKingdom,Books,4598.52
INV007819,SKU0426,BasicWidgetH,77,2011-10-22,16.2,19326,Australia,Food,1239.05
INV007820,SKU0317,ProWidgetF,68,2011-10-22,64.84,14742,Belgium,Books,2658.69
INV007821,SKU0373,PremiumWidgetA,83,2011-10-22,117.98,13145,France,Toys,2280.08
INV007822,SKU0220,ProWidgetF,50,2011-10-22,67.84,18143,UnitedKingdom,HomeGarden,1865.04
INV007823,SKU0355,BudgetWidgetE,25,2011-10-22,39.67,12715,Belgium,Toys,4813.71
INV007824,SKU0021,StandardWidgetD,38,2011-10-23,4.63,18545,Spain,HomeGarden,1362.24
INV007825,SKU0179,ClassicWidgetB,95,2011-10-23,47.3,15393,Australia,Food,3374.67
INV007826,SKU0435,PremiumWidgetA,36,2011-10-23,107.15,19494,Belgium,Electronics,4020.54
INV007827,SKU0366,BasicWidgetH,68,2011-10-23,22.57,14082,Netherlands,Books,985.84
INV007828,SKU0419,ProWidgetF,56,2011-10-23,51.46,13731,Belgium,Sports,4865.79
INV007829,SKU0328,BasicWidgetH,39,2011-10-23,3.52,18701,France,Clothing,2733.66
INV007830,SKU0230,BudgetWidgetE,63,2011-10-23,108.4,11537,UnitedKingdom,Toys,4572.54
INV007831,SKU0498,ProWidgetF,7,2011-10-23,132.16,18092,Australia,Books,3319.74
INV007832,SKU0402,ClassicWidgetB,58,2011-10-23,85.49,10177,Netherlands,Clothing,3247.48
INV007833,SKU0037,ClassicWidgetB,80,2011-10-23,4.37,12376,Netherlands,Toys,1728.58
INV007834,SKU0069,BasicWidgetH,59,2011-10-23,33.03,17738,Australia,Books,3853.18
INV007835,SKU0115,StandardWidgetD,48,2011-10-23,66.05,18992,Germany,HomeGarden,149.9
INV007836,SKU0238,PremiumWidgetA,5,2011-10-23,88.34,16831,Belgium,Electronics,2779.55
INV007837,SKU0334,DeluxeWidgetC,87,2011-10-23,74.69,13243,Belgium,Sports,161.66
INV007838,SKU0440,ProWidgetF,36,2011-10-23,137.42,13666,Germany,Toys,1535.05
INV007839,SKU0147,ClassicWidgetB,96,2011-10-23,140.83,10937,Australia,HomeGarden,482.38
INV007840,SKU0008,BudgetWidgetE,88,2011-10-23,16.52,13027,Australia,Electronics,4558.04
INV007841,SKU0287,ProWidgetF,25,2011-10-23,21.19,12020,Australia,HomeGarden,3141.67
INV007842,SKU0387,StandardWidgetD,45,2011-10-23,54.03,17202,Netherlands,Toys,3342.88
INV007843,SKU0049,StandardWidgetD,92,2011-10-23,63.47,11974,Spain,Food,4255.79
INV007844,SKU0337,ClassicWidgetB,19,2011-10-23,88.12,19710,Belgium,Clothing,3665.43
INV007845,SKU0004,ClassicWidgetB,7,2011-10-23,116.09,11258,Spain,Books,621.85
INV007846,SKU0403,BasicWidgetH,58,2011-10-23,20.8,17052,Belgium,HomeGarden,3088.07
INV007847,SKU0342,ClassicWidgetB,81,2011-10-23,120.49,13110,France,Food,4890.88
INV007848,SKU0125,BasicWidgetH,66,2011-10-24,91.7,19434,Netherlands,Food,1071.37
INV007849,SKU0074,EliteWidgetG,80,2011-10-24,147.14,12753,Belgium,Toys,3098.95
INV007850,SKU0164,DeluxeWidgetC,39,2011-10-24,97.85,15794,Netherlands,Electronics,2818.51
INV007851,SKU0277,ClassicWidgetB,18,2011-10-24,107.56,12675,Germany,Books,1958.84
INV007852,SKU0441,ProWidgetF,1,2011-10-24,29.68,10419,Australia,Toys,4773.22
INV007853,SKU0323,ProWidgetF,63,2011-10-24,115.44,18844,Netherlands,Food,1782.65
INV007854,SKU0476,BasicWidgetH,3,2011-10-24,12.35,12871,Netherlands,Clothing,469.31
INV007855,SKU0299,EliteWidgetG,21,2011-10-24,98.65,10867,Australia,Clothing,4812.75
INV007856,SKU0289,EliteWidgetG,30,2011-10-24,8.81,18365,Spain,Sports,3646.37
INV007857,SKU0076,PremiumWidgetA,11,2011-10-24,17.73,18004,France,Books,1712.91
INV007858,SKU0297,BudgetWidgetE,22,2011-10-24,16.63,14732,Germany,Clothing,1403.28
INV007859,SKU0136,ClassicWidgetB,57,2011-10-24,8.35,19751,UnitedKingdom,HomeGarden,4640.21
INV007860,SKU0105,BasicWidgetH,89,2011-10-24,48.51,14127,Spain,Clothing,1368.48
INV007861,SKU0094,ProWidgetF,3,2011-10-24,149.16,14592,Netherlands,Clothing,2686.25
INV007862,SKU0134,EliteWidgetG,30,2011-10-24,52.56,12242,France,Clothing,1075.56
INV007863,SKU0067,ProWidgetF,88,2011-10-24,114.24,12488,UnitedKingdom,Food,4976.08
INV007864,SKU0146,ProWidgetF,45,2011-10-24,20.28,11512,Belgium,Sports,3847.77
INV007865,SKU0489,EliteWidgetG,36,2011-10-24,68.45,15616,Spain,Toys,2838.61
INV007866,SKU0477,DeluxeWidgetC,87,2011-10-24,28.17,12771,Belgium,Electronics,3729.39
INV007867,SKU0158,EliteWidgetG,72,2011-10-24,29.22,11643,Spain,Toys,4581.92
INV007868,SKU0383,EliteWidgetG,64,2011-10-24,15.4,10023,Australia,Clothing,4815.66
INV007869,SKU0162,BudgetWidgetE,54,2011-10-24,65.09,12337,UnitedKingdom,Electronics,3930.31
INV007870,SKU0440,BasicWidgetH,68,2011-10-24,11.79,12943,Australia,Books,4245.48
INV007871,SKU0340,BasicWidgetH,50,2011-10-24,136.52,18022,Belgium,Electronics,1989.57
INV007872,SKU0188,EliteWidgetG,31,2011-10-25,67.46,14726,Spain,Books,1959.72
INV007873,SKU0414,StandardWidgetD,29,2011-10-25,125.87,11716,Spain,Sports,4041.67
INV007874,SKU0338,BasicWidgetH,59,2011-10-25,146.93,17094,Spain,Books,3798.37
INV007875,SKU0094,BasicWidgetH,36,2011-10-25,101.83,14133,France,Books,4505.01
INV007876,SKU0180,BasicWidgetH,77,2011-10-25,135.28,16529,Spain,HomeGarden,665.92
INV007877,SKU0287,EliteWidgetG,73,2011-10-25,20.74,10744,UnitedKingdom,Sports,3454.37
INV007878,SKU0321,ProWidgetF,85,2011-10-25,124.58,14177,Germany,Clothing,3238.59
INV007879,SKU0186,ClassicWidgetB,67,2011-10-25,41.05,18185,France,Sports,3992.8
INV007880,SKU0371,ProWidgetF,89,2011-10-25,71.15,15940,UnitedKingdom,HomeGarden,123.74
INV007881,SKU0137,BudgetWidgetE,89,2011-10-25,97.16,10049,Netherlands,Food,4131.44
INV007882,SKU0129,StandardWidgetD,76,2011-10-25,135.58,16812,UnitedKingdom,Books,1632.81
INV007883,SKU0193,EliteWidgetG,93,2011-10-25,136.69,16217,Belgium,Toys,3435.92
INV007884,SKU0315,DeluxeWidgetC,11,2011-10-25,14.27,13049,UnitedKingdom,Sports,3083.18
INV007885,SKU0471,PremiumWidgetA,11,2011-10-25,55.0,15225,Germany,HomeGarden,2201.55
INV007886,SKU0272,EliteWidgetG,26,2011-10-25,119.08,17868,France,Toys,3730.39
INV007887,SKU0351,ClassicWidgetB,53,2011-10-25,105.62,13889,Netherlands,Clothing,4806.13
INV007888,SKU0143,PremiumWidgetA,14,2011-10-25,4.44,17951,Spain,Books,1618.05
INV007889,SKU0015,DeluxeWidgetC,64,2011-10-25,67.76,19814,France,Sports,3742.43
INV007890,SKU0301,BudgetWidgetE,80,2011-10-25,124.47,19979,France,Sports,1573.37
INV007891,SKU0422,BudgetWidgetE,10,2011-10-25,110.78,17635,Netherlands,Toys,4228.42
INV007892,SKU0244,DeluxeWidgetC,31,2011-10-25,62.07,15775,Belgium,Food,2186.93
INV007893,SKU0414,ProWidgetF,95,2011-10-25,110.41,13355,Netherlands,Food,2246.88
INV007894,SKU0106,DeluxeWidgetC,36,2011-10-25,82.91,19205,Germany,Books,3859.63
INV007895,SKU0087,BasicWidgetH,10,2011-10-25,136.94,18345,Belgium,Food,2481.35
INV007896,SKU0128,BasicWidgetH,26,2011-10-26,88.28,16261,Australia,Sports,1333.96
INV007897,SKU0394,EliteWidgetG,20,2011-10-26,60.41,12314,Germany,Books,4977.69
INV007898,SKU0374,ClassicWidgetB,44,2011-10-26,129.51,13456,Belgium,Food,3101.51
INV007899,SKU0340,BasicWidgetH,62,2011-10-26,7.96,17408,Belgium,HomeGarden,3226.1
INV007900,SKU0003,StandardWidgetD,73,2011-10-26,135.13,14266,Spain,Books,3233.26
INV007901,SKU0326,EliteWidgetG,79,2011-10-26,104.6,18808,Netherlands,Clothing,4416.91
INV007902,SKU0409,EliteWidgetG,9,2011-10-26,141.12,13049,UnitedKingdom,Books,920.18
INV007903,SKU0366,EliteWidgetG,71,2011-10-26,37.95,14643,UnitedKingdom,Toys,296.7
INV007904,SKU0305,PremiumWidgetA,90,2011-10-26,104.39,15304,France,Sports,1934.12
INV007905,SKU0395,PremiumWidgetA,24,2011-10-26,121.51,11925,France,Toys,2824.96
INV007906,SKU0094,BudgetWidgetE,12,2011-10-26,105.46,16845,Australia,Books,1429.26
INV007907,SKU0208,EliteWidgetG,60,2011-10-26,31.94,16810,Belgium,Books,3446.35
INV007908,SKU0224,ProWidgetF,84,2011-10-26,41.7,12457,Australia,Books,370.51
INV007909,SKU0458,BasicWidgetH,78,2011-10-26,85.23,16882,Australia,Clothing,3953.76
INV007910,SKU0347,BudgetWidgetE,86,2011-10-26,67.29,17820,Australia,Toys,3590.71
INV007911,SKU0479,ClassicWidgetB,16,2011-10-26,110.4,19803,UnitedKingdom,Clothing,1070.51
INV007912,SKU0320,DeluxeWidgetC,29,2011-10-26,57.11,14241,Belgium,Sports,1492.97
INV007913,SKU0046,PremiumWidgetA,32,2011-10-26,128.99,13109,Netherlands,Toys,4035.2
INV007914,SKU0475,EliteWidgetG,83,2011-10-26,65.07,15245,Spain,Sports,3866.92
INV007915,SKU0180,ClassicWidgetB,35,2011-10-26,6.49,19819,Spain,Books,4069.02
INV007916,SKU0105,BudgetWidgetE,43,2011-10-26,3.1,17963,Australia,Electronics,1611.89
INV007917,SKU0198,BudgetWidgetE,96,2011-10-26,97.19,14440,Belgium,Toys,4847.89
INV007918,SKU0385,PremiumWidgetA,53,2011-10-26,81.31,17610,Germany,HomeGarden,3576.98
INV007919,SKU0105,BudgetWidgetE,20,2011-10-26,81.64,11998,Spain,Books,326.94
INV007920,SKU0279,ProWidgetF,84,2011-10-27,118.61,11131,Australia,Food,2389.2
INV007921,SKU0259,BudgetWidgetE,8,2011-10-27,56.67,11992,UnitedKingdom,Food,3323.07
INV007922,SKU0107,StandardWidgetD,99,2011-10-27,149.32,18047,France,HomeGarden,844.08
INV007923,SKU0018,BasicWidgetH,42,2011-10-27,141.86,18705,Germany,Clothing,4508.94
INV007924,SKU0409,DeluxeWidgetC,77,2011-10-27,2.44,15040,Australia,Sports,3770.79
INV007925,SKU0458,BudgetWidgetE,70,2011-10-27,134.41,10712,UnitedKingdom,Electronics,408.08
INV007926,SKU0295,BasicWidgetH,16,2011-10-27,102.24,10214,France,Food,4566.08
INV007927,SKU0305,BasicWidgetH,69,2011-10-27,75.56,15746,Australia,Sports,2022.44
INV007928,SKU0170,StandardWidgetD,53,2011-10-27,87.62,18795,UnitedKingdom,Clothing,2262.89
INV007929,SKU0330,ClassicWidgetB,45,2011-10-27,126.36,16981,UnitedKingdom,Books,3915.76
INV007930,SKU0492,BudgetWidgetE,51,2011-10-27,142.68,13769,Netherlands,Clothing,3220.34
INV007931,SKU0194,ProWidgetF,98,2011-10-27,84.27,14867,UnitedKingdom,Electronics,2188.21
INV007932,SKU0011,ClassicWidgetB,6,2011-10-27,27.6,18861,Australia,Books,1298.86
INV007933,SKU0194,BasicWidgetH,33,2011-10-27,96.14,11080,Belgium,Toys,2584.96
INV007934,SKU0489,BasicWidgetH,79,2011-10-27,11.89,19617,UnitedKingdom,Food,2896.32
INV007935,SKU0282,EliteWidgetG,15,2011-10-27,95.45,10474,Germany,Books,3155.03
INV007936,SKU0368,BudgetWidgetE,14,2011-10-27,121.39,19323,UnitedKingdom,Electronics,3025.71
INV007937,SKU0181,PremiumWidgetA,39,2011-10-27,53.32,10862,UnitedKingdom,Food,3086.9
INV007938,SKU0449,StandardWidgetD,63,2011-10-27,11.14,19003,Spain,Sports,2379.21
INV007939,SKU0304,StandardWidgetD,5,2011-10-27,103.99,14272,Germany,Books,2809.88
INV007940,SKU0143,PremiumWidgetA,90,2011-10-27,51.23,18678,Australia,Sports,1443.9
INV007941,SKU0385,DeluxeWidgetC,81,2011-10-27,37.74,18883,France,HomeGarden,792.72
INV007942,SKU0315,BasicWidgetH,52,2011-10-27,103.53,13108,Netherlands,Electronics,3035.07
INV007943,SKU0181,EliteWidgetG,16,2011-10-27,145.45,10267,Spain,HomeGarden,235.95
INV007944,SKU0029,ProWidgetF,99,2011-10-28,111.93,18976,France,Books,326.97
INV007945,SKU0083,StandardWidgetD,38,2011-10-28,73.96,13873,Australia,Electronics,1237.33
INV007946,SKU0165,ClassicWidgetB,53,2011-10-28,90.28,16531,Australia,Books,972.44
INV007947,SKU0283,BasicWidgetH,87,2011-10-28,21.77,12401,Spain,Food,1871.19
INV007948,SKU0280,ProWidgetF,77,2011-10-28,122.08,14909,Germany,Electronics,1857.07
INV007949,SKU0095,StandardWidgetD,97,2011-10-28,90.84,12316,France,Sports,585.16
INV007950,SKU0380,EliteWidgetG,93,2011-10-28,144.89,18176,UnitedKingdom,Clothing,1233.27
INV007951,SKU0265,DeluxeWidgetC,53,2011-10-28,146.93,17609,Germany,Toys,23.84
INV007952,SKU0443,EliteWidgetG,46,2011-10-28,53.51,11201,Germany,Clothing,1755.47
INV007953,SKU0297,ClassicWidgetB,98,2011-10-28,148.29,15186,Netherlands,Electronics,3982.38
INV007954,SKU0295,EliteWidgetG,98,2011-10-28,143.55,10276,Germany,Food,1331.53
INV007955,SKU0224,ProWidgetF,91,2011-10-28,96.15,15327,France,HomeGarden,3217.1
INV007956,SKU0332,BasicWidgetH,15,2011-10-28,50.35,18498,Australia,Electronics,492.18
INV007957,SKU0360,ClassicWidgetB,59,2011-10-28,113.12,10630,Spain,Sports,62.41
INV007958,SKU0373,BasicWidgetH,50,2011-10-28,41.05,12585,Netherlands,Toys,2492.48
INV007959,SKU0041,PremiumWidgetA,9,2011-10-28,94.66,16661,Spain,HomeGarden,2307.96
INV007960,SKU0302,BudgetWidgetE,26,2011-10-28,4.17,17441,Spain,Electronics,958.4
INV007961,SKU0420,PremiumWidgetA,3,2011-10-28,94.47,17400,UnitedKingdom,Food,1433.64
INV007962,SKU0245,ProWidgetF,47,2011-10-28,142.77,11137,Belgium,Toys,154.33
INV007963,SKU0207,BudgetWidgetE,5,2011-10-28,35.65,16968,France,Toys,3989.2
INV007964,SKU0236,PremiumWidgetA,62,2011-10-28,116.84,11713,UnitedKingdom,Food,1507.11
INV007965,SKU0021,BudgetWidgetE,84,2011-10-28,44.37,19240,Belgium,Electronics,1098.06
INV007966,SKU0184,StandardWidgetD,84,2011-10-28,106.32,19775,Belgium,Books,4023.48
INV007967,SKU0467,EliteWidgetG,5,2011-10-28,105.15,13351,Germany,Sports,197.33
INV007968,SKU0241,ClassicWidgetB,10,2011-10-29,28.12,18093,France,Sports,1423.34
INV007969,SKU0362,BudgetWidgetE,80,2011-10-29,89.77,16215,Spain,Food,1314.5
INV007970,SKU0282,StandardWidgetD,63,2011-10-29,128.95,19143,Belgium,Clothing,1315.6
INV007971,SKU0040,EliteWidgetG,25,2011-10-29,57.69,11224,Netherlands,Books,58.47
INV007972,SKU0335,EliteWidgetG,44,2011-10-29,106.69,15445,Spain,Food,4673.42
INV007973,SKU0161,DeluxeWidgetC,25,2011-10-29,101.33,18224,Netherlands,HomeGarden,4320.86
INV007974,SKU0159,BasicWidgetH,30,2011-10-29,39.0,10096,UnitedKingdom,Toys,2073.05
INV007975,SKU0473,PremiumWidgetA,14,2011-10-29,137.84,14358,Australia,Clothing,2227.73
INV007976,SKU0088,DeluxeWidgetC,86,2011-10-29,84.75,13141,Belgium,Sports,2621.25
INV007977,SKU0321,BasicWidgetH,43,2011-10-29,53.62,17980,Spain,Electronics,2392.1
INV007978,SKU0011,BasicWidgetH,28,2011-10-29,25.07,10171,Netherlands,Books,3895.89
INV007979,SKU0423,ProWidgetF,94,2011-10-29,71.28,14853,UnitedKingdom,Sports,2442.61
INV007980,SKU0072,StandardWidgetD,19,2011-10-29,109.65,19092,Australia,Sports,944.93
INV007981,SKU0075,DeluxeWidgetC,42,2011-10-29,93.73,18933,France,Books,585.74
INV007982,SKU0345,DeluxeWidgetC,20,2011-10-29,109.19,15431,Netherlands,Sports,4591.44
INV007983,SKU0200,BasicWidgetH,99,2011-10-29,118.87,17537,Netherlands,Clothing,242.86
INV007984,SKU0009,EliteWidgetG,86,2011-10-29,66.43,18582,Spain,Food,4487.91
INV007985,SKU0351,StandardWidgetD,79,2011-10-29,78.26,10958,Spain,Books,3452.71
INV007986,SKU0225,EliteWidgetG,11,2011-10-29,147.97,14670,UnitedKingdom,Sports,2024.12
INV007987,SKU0175,ClassicWidgetB,54,2011-10-29,145.22,18535,Netherlands,Sports,936.71
INV007988,SKU0275,BudgetWidgetE,98,2011-10-29,62.52,13481,Belgium,Books,1553.1
INV007989,SKU0038,ProWidgetF,24,2011-10-29,102.93,11569,UnitedKingdom,Electronics,2649.84
INV007990,SKU0059,ProWidgetF,70,2011-10-29,40.5,17931,Netherlands,HomeGarden,3284.6
INV007991,SKU0065,PremiumWidgetA,17,2011-10-29,23.33,18647,UnitedKingdom,Books,3457.67
INV007992,SKU0320,EliteWidgetG,28,2011-10-30,115.38,15542,Belgium,Electronics,2237.02
INV007993,SKU0434,BudgetWidgetE,50,2011-10-30,65.71,18635,Belgium,Toys,1870.5
INV007994,SKU0123,BasicWidgetH,95,2011-10-30,26.97,13481,Netherlands,Sports,3841.82
INV007995,SKU0163,PremiumWidgetA,55,2011-10-30,113.95,17931,France,Clothing,4627.14
INV007996,SKU0407,ProWidgetF,73,2011-10-30,137.32,15693,Spain,Toys,4572.41
INV007997,SKU0410,BudgetWidgetE,10,2011-10-30,140.02,11417,France,Food,2758.55
INV007998,SKU0385,DeluxeWidgetC,21,2011-10-30,89.65,15856,Belgium,Sports,396.02
INV007999,SKU0158,ClassicWidgetB,58,2011-10-30,72.21,17676,UnitedKingdom,Sports,367.38
INV008000,SKU0056,BasicWidgetH,34,2011-10-30,21.71,17011,Belgium,Toys,2014.38
INV008001,SKU0077,DeluxeWidgetC,95,2011-10-30,119.02,16709,France,Electronics,3664.53
INV008002,SKU0193,ClassicWidgetB,93,2011-10-30,141.83,10670,UnitedKingdom,Books,2487.22
INV008003,SKU0284,BasicWidgetH,43,2011-10-30,133.47,15413,Spain,HomeGarden,3137.18
INV008004,SKU0014,EliteWidgetG,11,2011-10-30,112.89,16001,Belgium,HomeGarden,4216.75
INV008005,SKU0011,StandardWidgetD,33,2011-10-30,1.18,12284,UnitedKingdom,Books,202.64
INV008006,SKU0100,PremiumWidgetA,58,2011-10-30,61.46,15440,Spain,Food,4619.16
INV008007,SKU0155,PremiumWidgetA,46,2011-10-30,61.9,18291,Germany,Books,1655.16
INV008008,SKU0339,StandardWidgetD,61,2011-10-30,134.21,12787,France,Clothing,234.89
INV008009,SKU0124,BudgetWidgetE,62,2011-10-30,10.31,17857,Germany,Books,4177.31
INV008010,SKU0358,StandardWidgetD,1,2011-10-30,79.92,10407,Belgium,Food,4670.84
INV008011,SKU0279,EliteWidgetG,21,2011-10-30,20.85,10977,Spain,Clothing,3843.34
INV008012,SKU0404,ProWidgetF,62,2011-10-30,99.51,15553,Spain,Books,4022.77
INV008013,SKU0393,StandardWidgetD,64,2011-10-30,118.94,18334,Germany,Food,4356.67
INV008014,SKU0109,ClassicWidgetB,87,2011-10-30,96.47,17452,Belgium,Food,2612.3
INV008015,SKU0333,ProWidgetF,73,2011-10-30,119.29,18911,Spain,Clothing,3402.63
INV008016,SKU0356,StandardWidgetD,56,2011-10-31,91.32,19651,Netherlands,Books,1432.97
INV008017,SKU0145,PremiumWidgetA,1,2011-10-31,28.88,18609,UnitedKingdom,Books,1249.25
INV008018,SKU0215,DeluxeWidgetC,21,2011-10-31,57.71,19296,Australia,HomeGarden,3045.1
INV008019,SKU0397,ClassicWidgetB,22,2011-10-31,143.55,10544,Germany,Sports,3673.3
INV008020,SKU0161,EliteWidgetG,54,2011-10-31,43.58,17153,Netherlands,Sports,1986.31
INV008021,SKU0127,ClassicWidgetB,4,2011-10-31,9.9,16960,France,Clothing,2002.06
INV008022,SKU0313,BasicWidgetH,65,2011-10-31,58.03,17544,Australia,Electronics,4771.21
INV008023,SKU0331,BudgetWidgetE,51,2011-10-31,55.26,16302,Spain,Toys,2592.78
INV008024,SKU0149,DeluxeWidgetC,74,2011-10-31,70.81,15905,UnitedKingdom,HomeGarden,4931.44
INV008025,SKU0453,ClassicWidgetB,63,2011-10-31,84.27,18964,Netherlands,Books,4314.35
INV008026,SKU0035,BasicWidgetH,15,2011-10-31,148.87,19885,Australia,HomeGarden,3198.65
INV008027,SKU0172,StandardWidgetD,36,2011-10-31,113.56,19260,UnitedKingdom,Electronics,46.67
INV008028,SKU0419,ClassicWidgetB,29,2011-10-31,5.87,14223,UnitedKingdom,HomeGarden,1480.33
INV008029,SKU0021,ClassicWidgetB,52,2011-10-31,107.05,11573,Australia,Electronics,2088.8
INV008030,SKU0205,ClassicWidgetB,46,2011-10-31,123.72,14972,Netherlands,Toys,3264.42
INV008031,SKU0126,BudgetWidgetE,69,2011-10-31,134.4,13793,Spain,Electronics,1978.22
INV008032,SKU0335,ClassicWidgetB,29,2011-10-31,63.89,17519,Australia,Electronics,4139.29
INV008033,SKU0444,ClassicWidgetB,47,2011-10-31,47.39,12653,Germany,Food,3314.86
INV008034,SKU0355,BudgetWidgetE,91,2011-10-31,125.98,10540,UnitedKingdom,Electronics,1736.45
INV008035,SKU0439,BasicWidgetH,25,2011-10-31,116.75,12211,France,Electronics,3922.39
INV008036,SKU0216,ProWidgetF,80,2011-10-31,80.64,19750,Spain,Books,1516.15
INV008037,SKU0095,DeluxeWidgetC,16,2011-10-31,18.12,18322,Belgium,HomeGarden,314.87
INV008038,SKU0416,BasicWidgetH,89,2011-10-31,97.94,15543,Belgium,Sports,863.61
INV008039,SKU0428,EliteWidgetG,41,2011-10-31,10.32,13820,Australia,Sports,14.7
INV008040,SKU0163,ProWidgetF,65,2011-11-01,15.5,12231,Australia,Books,4161.92
INV008041,SKU0147,PremiumWidgetA,69,2011-11-01,50.01,19017,UnitedKingdom,Clothing,3135.92
INV008042,SKU0017,BudgetWidgetE,20,2011-11-01,55.99,12718,UnitedKingdom,Toys,2853.28
INV008043,SKU0293,BudgetWidgetE,69,2011-11-01,69.57,17690,Australia,Food,3310.58
INV008044,SKU0194,ClassicWidgetB,36,2011-11-01,51.2,11022,Belgium,Electronics,3268.34
INV008045,SKU0150,ClassicWidgetB,93,2011-11-01,5.55,15354,France,HomeGarden,2827.93
INV008046,SKU0479,EliteWidgetG,98,2011-11-01,24.03,14226,UnitedKingdom,Electronics,4212.21
INV008047,SKU0364,PremiumWidgetA,58,2011-11-01,17.71,18888,UnitedKingdom,Food,2205.29
INV008048,SKU0122,ClassicWidgetB,48,2011-11-01,64.96,19229,Germany,Electronics,4024.24
INV008049,SKU0399,StandardWidgetD,82,2011-11-01,32.21,10813,Netherlands,Sports,3933.38
INV008050,SKU0186,ClassicWidgetB,2,2011-11-01,44.39,13837,Germany,Electronics,998.32
INV008051,SKU0452,ClassicWidgetB,80,2011-11-01,71.0,18850,France,Food,2269.36
INV008052,SKU0451,StandardWidgetD,29,2011-11-01,35.72,11083,Belgium,HomeGarden,4174.83
INV008053,SKU0148,PremiumWidgetA,97,2011-11-01,37.27,12974,Netherlands,HomeGarden,4154.45
INV008054,SKU0103,StandardWidgetD,16,2011-11-01,125.06,19375,Belgium,Sports,121.01
INV008055,SKU0242,BudgetWidgetE,35,2011-11-01,82.44,15566,Australia,Books,1116.03
INV008056,SKU0461,StandardWidgetD,62,2011-11-01,128.59,16681,Belgium,Sports,2119.95
INV008057,SKU0230,DeluxeWidgetC,81,2011-11-01,77.42,12624,France,Sports,236.72
INV008058,SKU0478,BudgetWidgetE,4,2011-11-01,136.44,15505,France,Food,1303.86
INV008059,SKU0205,ClassicWidgetB,68,2011-11-01,38.58,17549,Germany,Electronics,1292.24
INV008060,SKU0197,EliteWidgetG,51,2011-11-01,92.69,12732,Netherlands,Clothing,1073.63
INV008061,SKU0395,BudgetWidgetE,89,2011-11-01,75.73,11997,France,Toys,1983.9
INV008062,SKU0399,PremiumWidgetA,33,2011-11-01,137.84,19440,Netherlands,Books,4065.24
INV008063,SKU0336,PremiumWidgetA,78,2011-11-01,63.06,17675,Belgium,Books,1221.32
INV008064,SKU0492,StandardWidgetD,24,2011-11-02,128.3,17777,Spain,Food,2910.75
INV008065,SKU0086,BudgetWidgetE,75,2011-11-02,84.8,14343,Belgium,Books,2788.33
INV008066,SKU0141,ClassicWidgetB,25,2011-11-02,106.43,18203,Australia,Electronics,4089.8
INV008067,SKU0316,PremiumWidgetA,28,2011-11-02,133.09,13607,Netherlands,Sports,1970.6
INV008068,SKU0198,ProWidgetF,7,2011-11-02,149.54,18928,Germany,Toys,1118.62
INV008069,SKU0045,ClassicWidgetB,36,2011-11-02,109.81,10509,Belgium,Food,4457.71
INV008070,SKU0287,ProWidgetF,10,2011-11-02,47.52,19460,Germany,Food,4164.9
INV008071,SKU0014,DeluxeWidgetC,36,2011-11-02,45.2,16094,France,Electronics,3107.9
INV008072,SKU0043,ProWidgetF,95,2011-11-02,46.71,15745,Netherlands,HomeGarden,467.1
INV008073,SKU0400,BasicWidgetH,83,2011-11-02,15.14,14816,Belgium,Clothing,81.57
INV008074,SKU0168,PremiumWidgetA,18,2011-11-02,8.51,13042,Germany,Clothing,913.94
INV008075,SKU0309,StandardWidgetD,6,2011-11-02,87.34,14910,UnitedKingdom,Toys,984.0
INV008076,SKU0494,DeluxeWidgetC,92,2011-11-02,121.68,16572,Germany,Electronics,682.1
INV008077,SKU0043,BudgetWidgetE,7,2011-11-02,5.9,11058,Australia,Sports,1311.64
INV008078,SKU0097,ClassicWidgetB,12,2011-11-02,85.21,14300,UnitedKingdom,Books,1690.1
INV008079,SKU0260,PremiumWidgetA,41,2011-11-02,56.08,19081,Netherlands,Toys,3772.44
INV008080,SKU0108,DeluxeWidgetC,63,2011-11-02,133.93,15503,Spain,Toys,3547.9
INV008081,SKU0282,DeluxeWidgetC,98,2011-11-02,22.24,12952,France,HomeGarden,522.79
INV008082,SKU0371,BasicWidgetH,25,2011-11-02,84.73,15696,UnitedKingdom,HomeGarden,4885.56
INV008083,SKU0342,PremiumWidgetA,81,2011-11-02,145.65,17610,Germany,Food,3760.94
INV008084,SKU0103,BudgetWidgetE,53,2011-11-02,52.08,12744,Belgium,Food,818.0
INV008085,SKU0255,BudgetWidgetE,33,2011-11-02,111.4,19700,Belgium,Toys,623.36
INV008086,SKU0378,StandardWidgetD,87,2011-11-02,132.43,17637,France,Food,438.65
INV008087,SKU0205,EliteWidgetG,73,2011-11-02,28.34,13033,Spain,Clothing,3659.21
INV008088,SKU0334,ProWidgetF,6,2011-11-03,148.88,16034,Spain,Toys,1182.2
INV008089,SKU0042,BudgetWidgetE,62,2011-11-03,121.5,19959,France,Sports,365.77
INV008090,SKU0352,BasicWidgetH,66,2011-11-03,21.07,19324,France,Books,2109.72
INV008091,SKU0244,StandardWidgetD,9,2011-11-03,46.98,11201,France,Food,3543.78
INV008092,SKU0286,ProWidgetF,67,2011-11-03,93.93,10248,Netherlands,Clothing,1523.48
INV008093,SKU0354,DeluxeWidgetC,16,2011-11-03,132.8,18003,Netherlands,Sports,2413.75
INV008094,SKU0272,PremiumWidgetA,89,2011-11-03,29.63,15276,Netherlands,Books,964.18
INV008095,SKU0475,BudgetWidgetE,88,2011-11-03,109.82,18421,Belgium,Electronics,2146.31
INV008096,SKU0082,StandardWidgetD,93,2011-11-03,40.96,12675,Germany,Sports,1795.35
INV008097,SKU0109,DeluxeWidgetC,55,2011-11-03,120.91,19476,Netherlands,Toys,2170.16
INV008098,SKU0437,BudgetWidgetE,40,2011-11-03,102.67,12875,France,Toys,2329.09
INV008099,SKU0189,ClassicWidgetB,26,2011-11-03,78.67,18512,UnitedKingdom,HomeGarden,462.4
INV008100,SKU0470,EliteWidgetG,38,2011-11-03,97.65,17294,UnitedKingdom,Food,467.75
INV008101,SKU0287,DeluxeWidgetC,35,2011-11-03,131.53,10027,Spain,Sports,1303.79
INV008102,SKU0423,BasicWidgetH,87,2011-11-03,58.27,10509,UnitedKingdom,Sports,579.68
INV008103,SKU0396,BasicWidgetH,68,2011-11-03,115.5,10640,UnitedKingdom,Toys,1264.67
INV008104,SKU0250,BudgetWidgetE,59,2011-11-03,24.26,13250,UnitedKingdom,Toys,123.7
INV008105,SKU0211,BasicWidgetH,14,2011-11-03,105.33,13747,Spain,Sports,1754.35
INV008106,SKU0290,DeluxeWidgetC,47,2011-11-03,112.72,12719,Australia,Books,1067.84
INV008107,SKU0132,PremiumWidgetA,71,2011-11-03,66.73,13903,Belgium,Books,4460.84
INV008108,SKU0200,PremiumWidgetA,72,2011-11-03,119.15,15005,UnitedKingdom,Electronics,4290.93
INV008109,SKU0284,EliteWidgetG,42,2011-11-03,83.79,19503,UnitedKingdom,Electronics,1502.79
INV008110,SKU0325,PremiumWidgetA,51,2011-11-03,140.47,13336,UnitedKingdom,Books,2377.95
INV008111,SKU0408,ProWidgetF,19,2011-11-03,17.31,19682,Belgium,Food,4779.0
INV008112,SKU0094,ClassicWidgetB,66,2011-11-04,20.06,11418,Spain,Books,2620.96
INV008113,SKU0277,PremiumWidgetA,47,2011-11-04,126.44,17599,Germany,Clothing,4242.32
INV008114,SKU0449,BasicWidgetH,65,2011-11-04,126.43,19650,Australia,Sports,4132.05
INV008115,SKU0428,ClassicWidgetB,42,2011-11-04,70.95,13459,Belgium,Sports,4706.5
INV008116,SKU0324,PremiumWidgetA,38,2011-11-04,144.61,14904,UnitedKingdom,HomeGarden,1529.2
INV008117,SKU0218,ProWidgetF,13,2011-11-04,102.07,17312,Spain,Books,218.18
INV008118,SKU0088,BasicWidgetH,44,2011-11-04,147.44,17342,Spain,Books,520.66
INV008119,SKU0071,DeluxeWidgetC,24,2011-11-04,80.09,19529,Netherlands,Electronics,2856.92
INV008120,SKU0246,BudgetWidgetE,96,2011-11-04,30.64,15248,Belgium,Toys,2651.86
INV008121,SKU0128,BudgetWidgetE,30,2011-11-04,66.94,13081,Belgium,Electronics,1492.97
INV008122,SKU0211,PremiumWidgetA,70,2011-11-04,147.08,10346,Germany,Toys,1244.32
INV008123,SKU0427,BudgetWidgetE,38,2011-11-04,55.88,10116,Spain,Sports,3547.2
INV008124,SKU0342,PremiumWidgetA,97,2011-11-04,143.57,19612,Spain,Sports,1703.17
INV008125,SKU0095,PremiumWidgetA,23,2011-11-04,119.65,13082,Australia,Toys,3020.15
INV008126,SKU0074,BasicWidgetH,74,2011-11-04,66.59,11631,Netherlands,Books,3561.76
INV008127,SKU0422,EliteWidgetG,57,2011-11-04,81.51,11999,Netherlands,Sports,2152.9
INV008128,SKU0494,StandardWidgetD,79,2011-11-04,91.31,18059,Germany,Books,967.84
INV008129,SKU0053,StandardWidgetD,23,2011-11-04,100.03,17269,Spain,Food,4304.04
INV008130,SKU0343,EliteWidgetG,36,2011-11-04,11.97,18132,Netherlands,HomeGarden,468.56
INV008131,SKU0458,StandardWidgetD,57,2011-11-04,140.07,16098,France,HomeGarden,4147.52
INV008132,SKU0412,ClassicWidgetB,1,2011-11-04,89.75,18998,Germany,Clothing,4183.56
INV008133,SKU0053,StandardWidgetD,72,2011-11-04,139.71,17003,Germany,Electronics,2855.43
INV008134,SKU0217,PremiumWidgetA,3,2011-11-04,94.97,11691,France,Food,3147.75
INV008135,SKU0015,ProWidgetF,14,2011-11-04,64.94,12704,Germany,Clothing,1790.73
INV008136,SKU0098,ProWidgetF,81,2011-11-05,85.26,15540,Netherlands,HomeGarden,4208.08
INV008137,SKU0019,DeluxeWidgetC,34,2011-11-05,124.51,13435,Netherlands,Sports,1319.25
INV008138,SKU0045,BasicWidgetH,70,2011-11-05,49.26,18402,Belgium,Food,2799.32
INV008139,SKU0450,StandardWidgetD,69,2011-11-05,143.49,19882,Netherlands,Electronics,9.97
INV008140,SKU0192,ProWidgetF,51,2011-11-05,70.16,11777,France,Electronics,4699.28
INV008141,SKU0382,StandardWidgetD,29,2011-11-05,143.46,13147,Belgium,Clothing,4741.53
INV008142,SKU0057,BasicWidgetH,99,2011-11-05,132.17,18057,Netherlands,Electronics,3552.37
INV008143,SKU0436,DeluxeWidgetC,82,2011-11-05,115.27,12499,France,HomeGarden,2116.78
INV008144,SKU0110,ProWidgetF,48,2011-11-05,70.38,10686,France,Sports,893.88
INV008145,SKU0128,PremiumWidgetA,94,2011-11-05,88.25,15066,France,Clothing,2462.82
INV008146,SKU0336,ClassicWidgetB,79,2011-11-05,125.79,19121,Belgium,Sports,3957.26
INV008147,SKU0193,EliteWidgetG,79,2011-11-05,81.84,19506,Germany,Toys,3026.76
INV008148,SKU0412,EliteWidgetG,16,2011-11-05,110.86,12833,Australia,Clothing,2637.96
INV008149,SKU0339,EliteWidgetG,57,2011-11-05,118.7,19965,Spain,Toys,4247.37
INV008150,SKU0325,StandardWidgetD,97,2011-11-05,77.21,12245,France,Books,1566.36
INV008151,SKU0007,ProWidgetF,10,2011-11-05,80.67,11185,Netherlands,Food,4299.96
INV008152,SKU0028,BasicWidgetH,19,2011-11-05,30.08,12464,France,Electronics,2197.83
INV008153,SKU0111,BasicWidgetH,67,2011-11-05,37.09,18575,Spain,Books,13.07
INV008154,SKU0434,ProWidgetF,36,2011-11-05,135.79,11521,UnitedKingdom,Toys,3659.98
INV008155,SKU0160,DeluxeWidgetC,4,2011-11-05,126.13,10979,Germany,Electronics,4389.34
INV008156,SKU0130,PremiumWidgetA,75,2011-11-05,2.01,14177,Netherlands,Books,2422.32
INV008157,SKU0187,BudgetWidgetE,33,2011-11-05,130.47,13610,Germany,Sports,2274.28
INV008158,SKU0162,ProWidgetF,28,2011-11-05,4.27,17471,Germany,HomeGarden,4027.44
INV008159,SKU0196,ClassicWidgetB,96,2011-11-05,69.01,15700,UnitedKingdom,Clothing,4423.99
INV008160,SKU0474,DeluxeWidgetC,80,2011-11-06,10.58,17573,France,Electronics,4872.13
INV008161,SKU0363,ProWidgetF,9,2011-11-06,145.34,11953,Netherlands,Clothing,1728.91
INV008162,SKU0203,ProWidgetF,75,2011-11-06,145.86,15546,Australia,HomeGarden,2973.85
INV008163,SKU0211,DeluxeWidgetC,6,2011-11-06,91.83,19676,Germany,Books,4114.77
INV008164,SKU0108,DeluxeWidgetC,49,2011-11-06,59.13,10883,Spain,Food,2659.73
INV008165,SKU0275,StandardWidgetD,91,2011-11-06,77.04,14823,Australia,Food,2309.8
INV008166,SKU0072,ProWidgetF,76,2011-11-06,114.46,10123,Australia,Sports,2860.09
INV008167,SKU0166,BudgetWidgetE,22,2011-11-06,33.87,10525,Belgium,Toys,1784.98
INV008168,SKU0259,ClassicWidgetB,48,2011-11-06,66.54,12086,France,Clothing,961.19
INV008169,SKU0242,PremiumWidgetA,21,2011-11-06,110.72,16411,Australia,Toys,334.09
INV008170,SKU0274,PremiumWidgetA,33,2011-11-06,59.61,16099,Netherlands,Books,3050.29
INV008171,SKU0101,BudgetWidgetE,81,2011-11-06,5.28,19568,France,Toys,1896.29
INV008172,SKU0474,BasicWidgetH,56,2011-11-06,76.36,14406,Spain,Electronics,4414.88
INV008173,SKU0172,DeluxeWidgetC,29,2011-11-06,110.74,14135,Australia,Food,1115.57
INV008174,SKU0170,DeluxeWidgetC,53,2011-11-06,146.53,18026,France,Clothing,1554.25
INV008175,SKU0140,BasicWidgetH,40,2011-11-06,6.04,14876,Netherlands,Food,4852.56
INV008176,SKU0396,DeluxeWidgetC,74,2011-11-06,81.22,18772,Germany,Clothing,2781.9
INV008177,SKU0187,BasicWidgetH,18,2011-11-06,67.77,11993,UnitedKingdom,Food,1734.42
INV008178,SKU0440,ProWidgetF,47,2011-11-06,36.75,14525,France,Electronics,4304.61
INV008179,SKU0085,BasicWidgetH,13,2011-11-06,95.85,18648,Spain,HomeGarden,3717.13
INV008180,SKU0475,DeluxeWidgetC,27,2011-11-06,24.96,19643,UnitedKingdom,Books,2866.14
INV008181,SKU0051,DeluxeWidgetC,62,2011-11-06,42.94,10203,Belgium,Toys,4445.61
INV008182,SKU0110,ProWidgetF,74,2011-11-06,117.37,14213,Germany,Toys,470.71
INV008183,SKU0436,BasicWidgetH,96,2011-11-06,69.33,15923,Spain,Clothing,1973.08
INV008184,SKU0364,ProWidgetF,45,2011-11-07,149.05,16365,Netherlands,Books,4052.94
INV008185,SKU0341,BudgetWidgetE,3,2011-11-07,58.28,14992,Spain,Toys,1930.33
INV008186,SKU0042,StandardWidgetD,22,2011-11-07,69.76,16206,Germany,Sports,4633.76
INV008187,SKU0210,ProWidgetF,27,2011-11-07,45.39,17501,UnitedKingdom,Books,763.45
INV008188,SKU0455,ClassicWidgetB,55,2011-11-07,35.83,17459,Netherlands,Books,1683.85
INV008189,SKU0499,DeluxeWidgetC,67,2011-11-07,138.38,12192,Spain,Food,2129.29
INV008190,SKU0199,StandardWidgetD,33,2011-11-07,112.45,15049,Australia,Toys,3435.12
INV008191,SKU0297,PremiumWidgetA,2,2011-11-07,50.34,12709,Australia,Food,977.55
INV008192,SKU0345,BudgetWidgetE,75,2011-11-07,105.17,19374,France,Electronics,50.31
INV008193,SKU0239,BasicWidgetH,46,2011-11-07,144.88,12828,Australia,Food,4882.57
INV008194,SKU0114,StandardWidgetD,74,2011-11-07,11.57,19150,Spain,Toys,4493.89
INV008195,SKU0025,ProWidgetF,33,2011-11-07,40.04,14074,UnitedKingdom,Books,1501.81
INV008196,SKU0406,DeluxeWidgetC,58,2011-11-07,30.49,15950,Australia,Food,2417.92
INV008197,SKU0298,DeluxeWidgetC,7,2011-11-07,130.53,10068,France,Toys,2445.11
INV008198,SKU0076,DeluxeWidgetC,15,2011-11-07,27.29,11637,Netherlands,Toys,4346.26
INV008199,SKU0411,StandardWidgetD,26,2011-11-07,46.56,15663,Australia,HomeGarden,2985.7
INV008200,SKU0136,DeluxeWidgetC,11,2011-11-07,81.81,18393,France,Books,4132.33
INV008201,SKU0019,ProWidgetF,38,2011-11-07,93.35,18457,Australia,Sports,4560.06
INV008202,SKU0439,BasicWidgetH,27,2011-11-07,121.32,16251,Belgium,Toys,2830.2
INV008203,SKU0210,StandardWidgetD,7,2011-11-07,61.39,13125,Australia,Books,1428.13
INV008204,SKU0239,DeluxeWidgetC,1,2011-11-07,80.37,17094,Spain,Toys,2494.04
INV008205,SKU0038,PremiumWidgetA,74,2011-11-07,144.84,17505,UnitedKingdom,Electronics,4254.5
INV008206,SKU0434,PremiumWidgetA,21,2011-11-07,44.96,16333,France,Sports,2918.51
INV008207,SKU0267,ClassicWidgetB,79,2011-11-07,37.59,10238,France,Electronics,4478.71
INV008208,SKU0206,DeluxeWidgetC,30,2011-11-08,106.73,15046,Germany,Toys,4477.28
INV008209,SKU0478,DeluxeWidgetC,94,2011-11-08,115.78,18017,Germany,HomeGarden,1867.42
INV008210,SKU0438,StandardWidgetD,8,2011-11-08,62.51,10290,France,Food,2241.12
INV008211,SKU0461,StandardWidgetD,88,2011-11-08,32.34,16464,Spain,HomeGarden,3389.89
INV008212,SKU0266,EliteWidgetG,83,2011-11-08,116.95,11808,UnitedKingdom,Electronics,556.21
INV008213,SKU0153,BasicWidgetH,3,2011-11-08,100.74,10954,Australia,Food,2328.32
INV008214,SKU0041,DeluxeWidgetC,55,2011-11-08,131.5,17032,Netherlands,HomeGarden,747.78
INV008215,SKU0410,ClassicWidgetB,15,2011-11-08,126.73,11930,Spain,Toys,4239.93
INV008216,SKU0010,BasicWidgetH,36,2011-11-08,31.18,16989,Australia,Electronics,4713.98
INV008217,SKU0293,DeluxeWidgetC,6,2011-11-08,124.93,18475,Netherlands,Food,708.6
INV008218,SKU0097,BasicWidgetH,42,2011-11-08,26.69,18998,UnitedKingdom,Clothing,3337.04
INV008219,SKU0426,ProWidgetF,50,2011-11-08,129.62,17779,Germany,Books,3183.08
INV008220,SKU0274,StandardWidgetD,18,2011-11-08,115.66,15130,France,Clothing,3800.61
INV008221,SKU0447,DeluxeWidgetC,83,2011-11-08,85.69,16585,UnitedKingdom,HomeGarden,3479.2
INV008222,SKU0389,BasicWidgetH,50,2011-11-08,96.51,12676,Netherlands,Electronics,1086.43
INV008223,SKU0429,StandardWidgetD,30,2011-11-08,16.06,13571,Spain,Electronics,1456.77
INV008224,SKU0371,DeluxeWidgetC,77,2011-11-08,6.46,13759,France,Food,827.0
INV008225,SKU0229,BudgetWidgetE,39,2011-11-08,49.93,19810,Netherlands,Toys,4605.8
INV008226,SKU0368,StandardWidgetD,12,2011-11-08,123.3,15121,Australia,Electronics,2609.6
INV008227,SKU0425,BasicWidgetH,98,2011-11-08,70.13,19000,Australia,Electronics,4880.83
INV008228,SKU0219,ClassicWidgetB,59,2011-11-08,33.9,13786,Spain,Books,2247.16
INV008229,SKU0064,BudgetWidgetE,76,2011-11-08,125.27,10941,Australia,Sports,2764.06
INV008230,SKU0354,ProWidgetF,44,2011-11-08,34.68,18231,France,Food,3946.68
INV008231,SKU0231,DeluxeWidgetC,88,2011-11-08,122.42,11338,Germany,Clothing,3986.32
INV008232,SKU0327,EliteWidgetG,4,2011-11-09,68.22,14652,Germany,HomeGarden,1156.52
INV008233,SKU0442,ProWidgetF,36,2011-11-09,69.79,11321,Netherlands,Electronics,1442.13
INV008234,SKU0051,StandardWidgetD,48,2011-11-09,41.27,11654,Germany,Clothing,489.94
INV008235,SKU0373,BudgetWidgetE,14,2011-11-09,135.08,13068,Germany,Sports,4027.52
INV008236,SKU0430,ProWidgetF,81,2011-11-09,13.77,14738,Netherlands,Clothing,3969.51
INV008237,SKU0375,ClassicWidgetB,49,2011-11-09,22.09,16593,Netherlands,HomeGarden,407.21
INV008238,SKU0262,EliteWidgetG,67,2011-11-09,95.56,18586,Netherlands,Food,1287.91
INV008239,SKU0266,StandardWidgetD,87,2011-11-09,127.59,10791,France,Electronics,2249.89
INV008240,SKU0358,BudgetWidgetE,77,2011-11-09,14.77,16676,Belgium,Food,2709.35
INV008241,SKU0316,ProWidgetF,9,2011-11-09,110.2,10743,Netherlands,Food,2613.2
INV008242,SKU0323,BudgetWidgetE,21,2011-11-09,111.51,16524,France,HomeGarden,4915.39
INV008243,SKU0408,BudgetWidgetE,72,2011-11-09,87.44,16574,France,Food,3820.86
INV008244,SKU0395,ProWidgetF,81,2011-11-09,73.27,10193,France,Food,566.83
INV008245,SKU0153,PremiumWidgetA,16,2011-11-09,48.5,17894,Belgium,Electronics,1468.22
INV008246,SKU0357,DeluxeWidgetC,16,2011-11-09,53.04,14274,Netherlands,Sports,1727.79
INV008247,SKU0365,BasicWidgetH,28,2011-11-09,101.33,13897,Germany,Toys,1576.43
INV008248,SKU0139,StandardWidgetD,51,2011-11-09,10.26,18409,Spain,HomeGarden,3929.94
INV008249,SKU0426,StandardWidgetD,56,2011-11-09,87.95,13582,Spain,Clothing,1803.45
INV008250,SKU0050,EliteWidgetG,80,2011-11-09,42.17,15083,Belgium,Toys,2462.64
INV008251,SKU0116,EliteWidgetG,57,2011-11-09,70.26,18129,Germany,Food,2667.74
INV008252,SKU0420,EliteWidgetG,52,2011-11-09,84.07,15343,Belgium,Sports,1352.85
INV008253,SKU0045,StandardWidgetD,46,2011-11-09,132.91,17517,Netherlands,HomeGarden,1614.16
INV008254,SKU0308,BudgetWidgetE,78,2011-11-09,87.07,17789,Germany,Toys,3900.21
INV008255,SKU0087,EliteWidgetG,38,2011-11-09,34.46,13903,Belgium,Electronics,4333.55
INV008256,SKU0207,ProWidgetF,84,2011-11-10,12.38,11785,Netherlands,Toys,186.36
INV008257,SKU0376,DeluxeWidgetC,48,2011-11-10,94.23,17962,Belgium,Sports,3026.17
INV008258,SKU0268,ClassicWidgetB,41,2011-11-10,81.98,19374,France,Electronics,3167.54
INV008259,SKU0088,StandardWidgetD,98,2011-11-10,100.93,10523,Australia,Toys,3686.81
INV008260,SKU0380,ProWidgetF,59,2011-11-10,69.18,13296,UnitedKingdom,Food,3469.54
INV008261,SKU0117,DeluxeWidgetC,93,2011-11-10,123.86,16956,Belgium,Books,4387.25
INV008262,SKU0053,DeluxeWidgetC,67,2011-11-10,138.07,14479,Spain,Clothing,393.28
INV008263,SKU0440,PremiumWidgetA,74,2011-11-10,6.48,17711,Belgium,Electronics,1942.47
INV008264,SKU0115,BasicWidgetH,84,2011-11-10,111.74,15685,Netherlands,HomeGarden,3910.67
INV008265,SKU0117,ProWidgetF,66,2011-11-10,5.76,16647,France,Books,4233.05
INV008266,SKU0259,StandardWidgetD,27,2011-11-10,67.04,18560,Australia,Sports,1324.58
INV008267,SKU0074,EliteWidgetG,32,2011-11-10,69.51,17794,France,HomeGarden,2926.83
INV008268,SKU0479,BudgetWidgetE,56,2011-11-10,104.58,15590,UnitedKingdom,Food,904.64
INV008269,SKU0304,EliteWidgetG,10,2011-11-10,53.18,14383,Spain,Sports,4254.62
INV008270,SKU0006,DeluxeWidgetC,40,2011-11-10,123.22,10398,Germany,Books,3652.42
INV008271,SKU0365,DeluxeWidgetC,17,2011-11-10,51.76,12151,Germany,Food,1111.1
INV008272,SKU0121,ClassicWidgetB,58,2011-11-10,51.71,15430,France,HomeGarden,3119.24
INV008273,SKU0010,EliteWidgetG,97,2011-11-10,33.8,13880,UnitedKingdom,Food,2547.09
INV008274,SKU0347,BasicWidgetH,6,2011-11-10,102.74,10126,France,Electronics,1294.87
INV008275,SKU0437,BasicWidgetH,39,2011-11-10,11.95,12087,Germany,Food,4465.72
INV008276,SKU0488,PremiumWidgetA,18,2011-11-10,54.78,11770,France,Toys,740.05
INV008277,SKU0214,BasicWidgetH,73,2011-11-10,40.4,17025,Australia,HomeGarden,2337.83
INV008278,SKU0428,DeluxeWidgetC,72,2011-11-10,34.79,18438,UnitedKingdom,Clothing,2914.41
INV008279,SKU0278,DeluxeWidgetC,89,2011-11-10,9.62,15925,Germany,Electronics,4117.9
INV008280,SKU0497,BasicWidgetH,95,2011-11-11,28.96,13318,Spain,Clothing,751.75
INV008281,SKU0027,BudgetWidgetE,42,2011-11-11,67.21,12081,Spain,HomeGarden,3046.26
INV008282,SKU0234,BudgetWidgetE,4,2011-11-11,75.81,12057,France,HomeGarden,33.79
INV008283,SKU0366,BasicWidgetH,20,2011-11-11,40.79,15287,UnitedKingdom,Sports,4113.08
INV008284,SKU0312,ClassicWidgetB,28,2011-11-11,97.71,15903,France,HomeGarden,1174.43
INV008285,SKU0025,ProWidgetF,40,2011-11-11,50.7,15335,Germany,Food,3604.86
INV008286,SKU0408,ClassicWidgetB,65,2011-11-11,55.4,12989,UnitedKingdom,Food,3009.79
INV008287,SKU0053,ClassicWidgetB,44,2011-11-11,117.5,17575,Germany,Food,251.59
INV008288,SKU0028,BasicWidgetH,23,2011-11-11,83.02,15721,Australia,Electronics,916.97
INV008289,SKU0466,BudgetWidgetE,57,2011-11-11,143.0,17078,Australia,Food,1339.44
INV008290,SKU0352,EliteWidgetG,47,2011-11-11,54.22,10339,Spain,Clothing,4433.75
INV008291,SKU0163,EliteWidgetG,13,2011-11-11,124.26,12728,Netherlands,Toys,2404.54
INV008292,SKU0269,BasicWidgetH,16,2011-11-11,110.88,11591,UnitedKingdom,Toys,4567.6
INV008293,SKU0333,EliteWidgetG,90,2011-11-11,133.58,17843,Australia,Books,238.2
INV008294,SKU0034,ProWidgetF,55,2011-11-11,143.54,15783,Netherlands,Clothing,33.81
INV008295,SKU0285,BudgetWidgetE,95,2011-11-11,1.65,13161,Spain,Toys,4741.28
INV008296,SKU0347,BasicWidgetH,65,2011-11-11,13.7,19500,UnitedKingdom,Toys,3619.86
INV008297,SKU0272,PremiumWidgetA,81,2011-11-11,101.31,18175,Germany,Sports,3916.8
INV008298,SKU0450,StandardWidgetD,16,2011-11-11,58.83,14629,France,Books,4579.11
INV008299,SKU0207,StandardWidgetD,37,2011-11-11,122.96,16901,France,Toys,4922.71
INV008300,SKU0237,BasicWidgetH,52,2011-11-11,2.29,12297,Germany,Toys,489.46
INV008301,SKU0413,BasicWidgetH,10,2011-11-11,121.14,15450,Australia,Books,792.3
INV008302,SKU0499,PremiumWidgetA,38,2011-11-11,20.72,17290,France,HomeGarden,943.68
INV008303,SKU0092,EliteWidgetG,44,2011-11-11,43.89,14944,Germany,Toys,4092.27
INV008304,SKU0172,StandardWidgetD,95,2011-11-12,145.38,19701,Netherlands,Sports,1778.39
INV008305,SKU0078,ProWidgetF,74,2011-11-12,8.21,15318,Netherlands,Sports,2966.76
INV008306,SKU0109,BasicWidgetH,54,2011-11-12,52.68,13807,Germany,HomeGarden,4276.25
INV008307,SKU0216,BudgetWidgetE,98,2011-11-12,13.14,10012,UnitedKingdom,Toys,3416.12
INV008308,SKU0434,StandardWidgetD,51,2011-11-12,128.11,14034,Australia,Electronics,328.01
INV008309,SKU0357,ProWidgetF,52,2011-11-12,105.6,15530,Australia,HomeGarden,2228.92
INV008310,SKU0105,BudgetWidgetE,70,2011-11-12,120.15,19772,Germany,Sports,338.43
INV008311,SKU0046,BasicWidgetH,92,2011-11-12,79.33,13433,France,Books,2394.74
INV008312,SKU0180,ProWidgetF,92,2011-11-12,53.98,14633,Spain,Food,1097.29
INV008313,SKU0063,PremiumWidgetA,59,2011-11-12,0.84,12051,Australia,Electronics,7.54
INV008314,SKU0245,BasicWidgetH,13,2011-11-12,42.05,13876,Australia,Food,4065.95
INV008315,SKU0243,ClassicWidgetB,41,2011-11-12,77.43,15908,Netherlands,Food,4846.94
INV008316,SKU0421,PremiumWidgetA,12,2011-11-12,99.82,16130,Netherlands,Food,4820.7
INV008317,SKU0319,StandardWidgetD,50,2011-11-12,34.73,16427,Netherlands,Toys,1496.63
INV008318,SKU0086,BudgetWidgetE,57,2011-11-12,21.27,11823,Spain,Sports,4144.04
INV008319,SKU0216,ProWidgetF,50,2011-11-12,30.64,13430,Australia,Sports,3394.21
INV008320,SKU0489,StandardWidgetD,57,2011-11-12,53.43,12740,Australia,Food,4000.58
INV008321,SKU0006,StandardWidgetD,54,2011-11-12,22.68,11788,Spain,HomeGarden,4231.34
INV008322,SKU0277,BasicWidgetH,66,2011-11-12,23.94,11952,Belgium,Clothing,4901.41
INV008323,SKU0336,ClassicWidgetB,8,2011-11-12,7.04,19143,Australia,Sports,759.5
INV008324,SKU0209,EliteWidgetG,63,2011-11-12,128.58,13420,France,Clothing,3848.96
INV008325,SKU0496,StandardWidgetD,9,2011-11-12,33.35,13027,France,Electronics,3671.03
INV008326,SKU0168,ClassicWidgetB,60,2011-11-12,123.37,13101,France,Books,1439.39
INV008327,SKU0329,BudgetWidgetE,63,2011-11-12,66.03,15873,Belgium,Clothing,1963.55
INV008328,SKU0137,BudgetWidgetE,72,2011-11-13,95.05,13588,UnitedKingdom,Clothing,884.61
INV008329,SKU0440,ProWidgetF,3,2011-11-13,11.82,13845,Australia,Clothing,4566.45
INV008330,SKU0390,EliteWidgetG,73,2011-11-13,87.75,15737,Spain,Clothing,4396.8
INV008331,SKU0495,ClassicWidgetB,13,2011-11-13,43.85,19339,Australia,Clothing,3070.56
INV008332,SKU0380,PremiumWidgetA,9,2011-11-13,14.73,11417,Spain,Electronics,2558.64
INV008333,SKU0305,BudgetWidgetE,95,2011-11-13,136.28,13909,Belgium,Toys,1165.21
INV008334,SKU0229,BasicWidgetH,89,2011-11-13,90.74,14745,Germany,Toys,3948.23
INV008335,SKU0474,EliteWidgetG,52,2011-11-13,36.64,12772,Germany,Sports,42.02
INV008336,SKU0307,ProWidgetF,62,2011-11-13,63.24,15175,UnitedKingdom,Books,2314.47
INV008337,SKU0160,PremiumWidgetA,8,2011-11-13,53.86,16275,Germany,Food,4302.9
INV008338,SKU0000,BudgetWidgetE,95,2011-11-13,105.24,12249,France,Sports,3092.81
INV008339,SKU0235,BudgetWidgetE,45,2011-11-13,91.31,13858,UnitedKingdom,Electronics,3175.98
INV008340,SKU0436,ProWidgetF,53,2011-11-13,3.46,11625,UnitedKingdom,Electronics,354.47
INV008341,SKU0187,ProWidgetF,63,2011-11-13,30.08,12749,UnitedKingdom,Clothing,1434.24
INV008342,SKU0417,DeluxeWidgetC,95,2011-11-13,71.98,12605,Netherlands,Food,3369.64
INV008343,SKU0003,BasicWidgetH,81,2011-11-13,67.1,11847,Belgium,Electronics,249.04
INV008344,SKU0400,StandardWidgetD,57,2011-11-13,77.74,17207,Germany,Food,1655.35
INV008345,SKU0131,StandardWidgetD,54,2011-11-13,107.36,18770,Australia,Electronics,1770.37
INV008346,SKU0426,PremiumWidgetA,19,2011-11-13,102.46,11136,Netherlands,Clothing,2494.09
INV008347,SKU0217,StandardWidgetD,67,2011-11-13,56.24,13133,Spain,Electronics,1812.51
INV008348,SKU0259,PremiumWidgetA,46,2011-11-13,131.7,11157,France,Electronics,2271.13
INV008349,SKU0000,EliteWidgetG,94,2011-11-13,9.91,17452,Netherlands,Electronics,2735.44
INV008350,SKU0070,BudgetWidgetE,10,2011-11-13,87.88,19841,France,HomeGarden,642.61
INV008351,SKU0477,DeluxeWidgetC,93,2011-11-13,142.48,17275,Belgium,Food,903.2
INV008352,SKU0177,DeluxeWidgetC,18,2011-11-14,82.59,15413,Australia,Toys,4162.72
INV008353,SKU0456,BasicWidgetH,12,2011-11-14,68.54,14372,Australia,Sports,2299.38
INV008354,SKU0188,BasicWidgetH,49,2011-11-14,20.52,15611,Germany,HomeGarden,1776.41
INV008355,SKU0290,BudgetWidgetE,23,2011-11-14,121.62,11586,Spain,Food,2169.97
INV008356,SKU0007,ProWidgetF,62,2011-11-14,56.38,12323,Netherlands,Food,874.92
INV008357,SKU0252,BasicWidgetH,11,2011-11-14,105.34,10233,Australia,Sports,1200.0
INV008358,SKU0407,BasicWidgetH,73,2011-11-14,30.03,19457,Belgium,Clothing,2578.1
INV008359,SKU0466,ClassicWidgetB,56,2011-11-14,6.76,17916,France,Clothing,1795.27
INV008360,SKU0291,ClassicWidgetB,88,2011-11-14,46.17,10031,Australia,Toys,2377.81
INV008361,SKU0433,StandardWidgetD,89,2011-11-14,42.57,19563,Germany,Sports,749.37
INV008362,SKU0243,ProWidgetF,55,2011-11-14,131.08,18951,France,Sports,783.19
INV008363,SKU0122,PremiumWidgetA,25,2011-11-14,129.77,13203,UnitedKingdom,Toys,1920.33
INV008364,SKU0298,EliteWidgetG,9,2011-11-14,80.32,15894,Spain,Books,1894.91
INV008365,SKU0282,DeluxeWidgetC,12,2011-11-14,3.34,11794,Germany,Sports,4416.78
INV008366,SKU0031,StandardWidgetD,11,2011-11-14,34.63,10761,Belgium,Sports,168.22
INV008367,SKU0333,BasicWidgetH,38,2011-11-14,96.03,14080,Belgium,Clothing,4964.28
INV008368,SKU0376,BudgetWidgetE,28,2011-11-14,15.66,10281,Belgium,Clothing,4782.66
INV008369,SKU0145,ProWidgetF,8,2011-11-14,105.24,14071,Belgium,Electronics,2711.71
INV008370,SKU0155,BasicWidgetH,74,2011-11-14,2.29,14625,Germany,Electronics,3594.07
INV008371,SKU0412,DeluxeWidgetC,89,2011-11-14,102.54,15978,UnitedKingdom,Food,4676.34
INV008372,SKU0015,PremiumWidgetA,47,2011-11-14,126.76,19007,Spain,Food,1256.72
INV008373,SKU0354,PremiumWidgetA,36,2011-11-14,70.65,14559,Belgium,Clothing,1578.84
INV008374,SKU0046,ClassicWidgetB,50,2011-11-14,124.45,11470,Australia,Food,555.51
INV008375,SKU0250,StandardWidgetD,9,2011-11-14,117.34,13287,Germany,Electronics,2819.67
INV008376,SKU0186,BasicWidgetH,60,2011-11-15,100.88,14259,UnitedKingdom,HomeGarden,798.08
INV008377,SKU0030,BudgetWidgetE,72,2011-11-15,67.05,15706,Spain,HomeGarden,4654.42
INV008378,SKU0259,DeluxeWidgetC,67,2011-11-15,41.15,10510,UnitedKingdom,Toys,2158.4
INV008379,SKU0420,BasicWidgetH,53,2011-11-15,129.2,17961,Spain,Electronics,4598.51
INV008380,SKU0016,EliteWidgetG,82,2011-11-15,97.46,18746,Germany,Electronics,1026.29
INV008381,SKU0038,PremiumWidgetA,99,2011-11-15,119.8,16784,Netherlands,Food,3470.49
INV008382,SKU0303,BasicWidgetH,17,2011-11-15,83.02,19498,Belgium,Sports,3238.31
INV008383,SKU0429,DeluxeWidgetC,53,2011-11-15,26.19,15493,Germany,Sports,1998.98
INV008384,SKU0473,BudgetWidgetE,28,2011-11-15,146.93,10258,Belgium,HomeGarden,4491.82
INV008385,SKU0431,DeluxeWidgetC,63,2011-11-15,27.82,16588,Spain,Food,2174.58
INV008386,SKU0038,StandardWidgetD,15,2011-11-15,136.73,19416,Netherlands,Toys,992.95
INV008387,SKU0488,ClassicWidgetB,19,2011-11-15,31.62,11665,Australia,HomeGarden,4884.95
INV008388,SKU0131,DeluxeWidgetC,86,2011-11-15,56.38,19595,UnitedKingdom,Sports,2207.97
INV008389,SKU0029,ProWidgetF,70,2011-11-15,66.29,11865,France,Food,1041.16
INV008390,SKU0157,BasicWidgetH,47,2011-11-15,138.25,10765,Germany,Sports,1818.8
INV008391,SKU0277,ClassicWidgetB,71,2011-11-15,133.29,18256,France,Toys,3067.93
INV008392,SKU0202,BudgetWidgetE,48,2011-11-15,123.57,13449,Australia,Sports,2560.63
INV008393,SKU0065,ClassicWidgetB,73,2011-11-15,56.81,12705,Germany,Electronics,3175.95
INV008394,SKU0107,DeluxeWidgetC,20,2011-11-15,1.17,15765,France,Clothing,3309.62
INV008395,SKU0267,DeluxeWidgetC,37,2011-11-15,102.4,14974,Australia,Food,617.78
INV008396,SKU0221,ProWidgetF,75,2011-11-15,61.94,10195,Netherlands,HomeGarden,1575.11
INV008397,SKU0291,PremiumWidgetA,2,2011-11-15,113.68,11383,Australia,Books,3743.76
INV008398,SKU0017,BasicWidgetH,64,2011-11-15,119.33,12435,Germany,Toys,3252.19
INV008399,SKU0089,ProWidgetF,86,2011-11-15,66.24,11450,Spain,Food,442.65
INV008400,SKU0180,DeluxeWidgetC,36,2011-11-16,112.34,18414,Spain,Sports,1576.42
INV008401,SKU0254,EliteWidgetG,5,2011-11-16,126.07,17924,Belgium,Electronics,4656.68
INV008402,SKU0454,ClassicWidgetB,64,2011-11-16,139.31,17058,Belgium,HomeGarden,4310.2
INV008403,SKU0252,ProWidgetF,7,2011-11-16,87.58,17316,Spain,Sports,3353.54
INV008404,SKU0256,ProWidgetF,70,2011-11-16,116.88,15628,Germany,Electronics,365.25
INV008405,SKU0382,BasicWidgetH,22,2011-11-16,74.44,10441,Germany,HomeGarden,3035.67
INV008406,SKU0441,EliteWidgetG,74,2011-11-16,6.73,19629,Australia,HomeGarden,61.93
INV008407,SKU0345,EliteWidgetG,46,2011-11-16,23.71,12367,Germany,Books,3305.97
INV008408,SKU0086,EliteWidgetG,40,2011-11-16,19.67,14865,Belgium,Books,3656.33
INV008409,SKU0089,BasicWidgetH,61,2011-11-16,26.18,19074,Australia,HomeGarden,2486.72
INV008410,SKU0236,PremiumWidgetA,46,2011-11-16,2.03,17159,Spain,Electronics,20.03
INV008411,SKU0389,DeluxeWidgetC,84,2011-11-16,128.88,10450,Belgium,Sports,3333.38
INV008412,SKU0069,DeluxeWidgetC,28,2011-11-16,84.24,17039,UnitedKingdom,Food,4098.88
INV008413,SKU0043,BudgetWidgetE,87,2011-11-16,57.78,15198,UnitedKingdom,Food,2929.75
INV008414,SKU0199,BasicWidgetH,35,2011-11-16,61.76,18934,Belgium,Toys,3546.28
INV008415,SKU0151,PremiumWidgetA,1,2011-11-16,69.77,17286,Belgium,Sports,452.52
INV008416,SKU0085,BudgetWidgetE,29,2011-11-16,11.55,19736,UnitedKingdom,HomeGarden,3576.89
INV008417,SKU0018,BudgetWidgetE,9,2011-11-16,41.56,13350,France,Food,3071.35
INV008418,SKU0100,BudgetWidgetE,9,2011-11-16,127.82,12829,UnitedKingdom,Sports,1655.77
INV008419,SKU0401,BasicWidgetH,22,2011-11-16,111.68,12613,UnitedKingdom,Books,3426.98
INV008420,SKU0094,StandardWidgetD,63,2011-11-16,84.73,11915,Australia,Sports,3228.27
INV008421,SKU0253,BudgetWidgetE,66,2011-11-16,72.37,17212,Australia,Clothing,2997.7
INV008422,SKU0356,ProWidgetF,80,2011-11-16,39.22,19440,Spain,Books,915.54
INV008423,SKU0029,ClassicWidgetB,58,2011-11-16,70.95,10527,Belgium,Books,1481.81
INV008424,SKU0248,ProWidgetF,70,2011-11-17,89.88,14819,Germany,HomeGarden,4956.92
INV008425,SKU0425,ProWidgetF,55,2011-11-17,107.04,17879,Germany,HomeGarden,2166.11
INV008426,SKU0032,DeluxeWidgetC,13,2011-11-17,25.41,18432,Germany,Sports,298.07
INV008427,SKU0457,StandardWidgetD,97,2011-11-17,122.06,18556,Spain,Sports,4495.13
INV008428,SKU0228,BasicWidgetH,19,2011-11-17,52.2,11208,Australia,HomeGarden,865.49
INV008429,SKU0011,BudgetWidgetE,79,2011-11-17,75.74,14120,Australia,Electronics,2018.2
INV008430,SKU0117,DeluxeWidgetC,33,2011-11-17,91.38,16476,UnitedKingdom,Sports,1390.72
INV008431,SKU0349,PremiumWidgetA,74,2011-11-17,73.47,12961,Netherlands,Electronics,4819.41
INV008432,SKU0154,PremiumWidgetA,65,2011-11-17,86.01,14776,Australia,Food,1891.11
INV008433,SKU0422,BasicWidgetH,60,2011-11-17,17.17,12417,Spain,Books,3543.88
INV008434,SKU0392,DeluxeWidgetC,12,2011-11-17,65.11,11616,Netherlands,Toys,2992.32
INV008435,SKU0245,ClassicWidgetB,43,2011-11-17,42.43,19227,Australia,Toys,215.83
INV008436,SKU0404,BasicWidgetH,93,2011-11-17,13.36,18911,Spain,Clothing,1922.19
INV008437,SKU0331,DeluxeWidgetC,17,2011-11-17,29.15,14682,Australia,Electronics,1950.72
INV008438,SKU0246,DeluxeWidgetC,68,2011-11-17,90.57,19165,France,Sports,4949.18
INV008439,SKU0028,StandardWidgetD,29,2011-11-17,29.9,16825,Netherlands,Toys,4059.83
INV008440,SKU0160,BasicWidgetH,55,2011-11-17,27.57,11846,Belgium,Food,4283.41
INV008441,SKU0234,PremiumWidgetA,7,2011-11-17,83.15,11371,Belgium,HomeGarden,1568.29
INV008442,SKU0189,PremiumWidgetA,44,2011-11-17,135.75,11466,France,HomeGarden,1645.94
INV008443,SKU0116,BudgetWidgetE,77,2011-11-17,118.41,18882,UnitedKingdom,Clothing,2578.51
INV008444,SKU0270,ProWidgetF,5,2011-11-17,135.81,10087,France,Clothing,3155.44
INV008445,SKU0257,BasicWidgetH,60,2011-11-17,87.66,12512,France,Books,3641.74
INV008446,SKU0179,DeluxeWidgetC,6,2011-11-17,61.78,18685,Spain,Food,4104.19
INV008447,SKU0486,BasicWidgetH,98,2011-11-17,109.58,11245,Belgium,Electronics,4366.14
INV008448,SKU0372,DeluxeWidgetC,7,2011-11-18,39.57,16116,UnitedKingdom,Clothing,124.1
INV008449,SKU0171,ClassicWidgetB,46,2011-11-18,12.17,19333,Netherlands,Books,3980.68
INV008450,SKU0437,BasicWidgetH,57,2011-11-18,52.02,14231,Germany,Food,3054.57
INV008451,SKU0273,EliteWidgetG,54,2011-11-18,45.24,10977,Australia,Books,2660.89
INV008452,SKU0258,EliteWidgetG,92,2011-11-18,101.49,18733,Spain,Books,3142.7
INV008453,SKU0134,PremiumWidgetA,46,2011-11-18,82.93,16722,Netherlands,Toys,4409.81
INV008454,SKU0170,ClassicWidgetB,10,2011-11-18,21.17,19594,UnitedKingdom,Toys,2726.91
INV008455,SKU0209,StandardWidgetD,4,2011-11-18,136.32,19002,France,Sports,811.78
INV008456,SKU0235,BudgetWidgetE,67,2011-11-18,89.2,14507,Germany,Clothing,2184.45
INV008457,SKU0421,ClassicWidgetB,25,2011-11-18,68.92,13492,France,Toys,4622.37
INV008458,SKU0420,PremiumWidgetA,87,2011-11-18,140.61,14925,Australia,Food,4072.6
INV008459,SKU0185,StandardWidgetD,91,2011-11-18,15.05,11133,UnitedKingdom,HomeGarden,1016.02
INV008460,SKU0416,DeluxeWidgetC,78,2011-11-18,118.54,14865,Germany,Books,3571.0
INV008461,SKU0363,StandardWidgetD,61,2011-11-18,55.02,17769,Netherlands,HomeGarden,1281.88
INV008462,SKU0442,ProWidgetF,38,2011-11-18,104.46,18760,Netherlands,Sports,1743.34
INV008463,SKU0094,BasicWidgetH,32,2011-11-18,139.64,13000,UnitedKingdom,Electronics,2345.12
INV008464,SKU0377,ClassicWidgetB,23,2011-11-18,77.9,19513,UnitedKingdom,Sports,2204.91
INV008465,SKU0010,PremiumWidgetA,37,2011-11-18,3.88,17666,Spain,Sports,147.37
INV008466,SKU0067,ClassicWidgetB,3,2011-11-18,4.81,16704,France,Clothing,3870.27
INV008467,SKU0378,DeluxeWidgetC,99,2011-11-18,49.92,17365,Germany,Books,4232.08
INV008468,SKU0209,EliteWidgetG,13,2011-11-18,117.36,16632,Australia,Sports,2655.19
INV008469,SKU0195,DeluxeWidgetC,34,2011-11-18,43.6,11767,UnitedKingdom,Books,865.58
INV008470,SKU0368,PremiumWidgetA,88,2011-11-18,50.5,12074,Germany,HomeGarden,1240.44
INV008471,SKU0097,ProWidgetF,65,2011-11-18,117.78,11141,Spain,Electronics,632.54
INV008472,SKU0092,BudgetWidgetE,76,2011-11-19,17.87,11077,Belgium,Food,848.36
INV008473,SKU0471,BasicWidgetH,8,2011-11-19,127.1,14599,UnitedKingdom,Electronics,4382.11
INV008474,SKU0021,BasicWidgetH,83,2011-11-19,40.24,16120,UnitedKingdom,HomeGarden,2401.33
INV008475,SKU0449,StandardWidgetD,9,2011-11-19,8.16,18343,Netherlands,Clothing,555.96
INV008476,SKU0171,StandardWidgetD,28,2011-11-19,18.04,14832,Belgium,HomeGarden,1274.47
INV008477,SKU0382,DeluxeWidgetC,78,2011-11-19,142.91,18670,Germany,Toys,4747.56
INV008478,SKU0133,ClassicWidgetB,91,2011-11-19,67.97,11685,Netherlands,HomeGarden,2546.82
INV008479,SKU0425,EliteWidgetG,18,2011-11-19,38.84,13491,Spain,Toys,2578.66
INV008480,SKU0024,ClassicWidgetB,42,2011-11-19,78.43,11371,Netherlands,Clothing,2628.7
INV008481,SKU0184,ProWidgetF,41,2011-11-19,102.51,15459,Belgium,Food,558.97
INV008482,SKU0084,BudgetWidgetE,70,2011-11-19,48.16,13423,Spain,Clothing,4851.6
INV008483,SKU0054,BasicWidgetH,33,2011-11-19,108.93,19888,Belgium,Sports,423.34
INV008484,SKU0250,ClassicWidgetB,89,2011-11-19,38.21,13976,Germany,Books,3500.49
INV008485,SKU0143,BasicWidgetH,77,2011-11-19,17.29,11398,Spain,Electronics,289.77
INV008486,SKU0350,StandardWidgetD,54,2011-11-19,82.68,15361,Spain,Clothing,2218.52
INV008487,SKU0397,BasicWidgetH,87,2011-11-19,23.09,11401,Netherlands,Toys,4498.49
INV008488,SKU0166,EliteWidgetG,36,2011-11-19,141.1,19900,Belgium,Clothing,3842.45
INV008489,SKU0411,BasicWidgetH,97,2011-11-19,0.57,11412,France,Sports,1674.05
INV008490,SKU0223,ClassicWidgetB,85,2011-11-19,113.48,16430,Belgium,Sports,2757.19
INV008491,SKU0219,EliteWidgetG,98,2011-11-19,42.28,13230,Australia,Food,827.21
INV008492,SKU0178,BasicWidgetH,56,2011-11-19,126.99,17521,Australia,Books,4780.65
INV008493,SKU0118,BudgetWidgetE,17,2011-11-19,9.49,15849,France,Clothing,3543.68
INV008494,SKU0432,StandardWidgetD,10,2011-11-19,142.97,16056,UnitedKingdom,Clothing,1872.09
INV008495,SKU0264,BasicWidgetH,87,2011-11-19,15.66,14722,Netherlands,Sports,1590.36
INV008496,SKU0441,EliteWidgetG,44,2011-11-20,118.29,18109,Australia,HomeGarden,1193.96
INV008497,SKU0428,ClassicWidgetB,2,2011-11-20,77.84,11264,Germany,Books,3932.81
INV008498,SKU0149,StandardWidgetD,99,2011-11-20,64.84,12259,Spain,Clothing,2173.64
INV008499,SKU0415,DeluxeWidgetC,14,2011-11-20,42.38,10362,Spain,Electronics,1651.76
INV008500,SKU0452,DeluxeWidgetC,41,2011-11-20,126.28,16276,UnitedKingdom,Food,4526.2
INV008501,SKU0214,ProWidgetF,2,2011-11-20,30.36,19724,Australia,Electronics,751.94
INV008502,SKU0196,DeluxeWidgetC,19,2011-11-20,108.33,16420,Belgium,Toys,1319.91
INV008503,SKU0041,ClassicWidgetB,80,2011-11-20,67.15,15384,Netherlands,Sports,1724.48
INV008504,SKU0052,BudgetWidgetE,89,2011-11-20,149.78,16748,Australia,Toys,1300.0
INV008505,SKU0479,StandardWidgetD,1,2011-11-20,91.9,19575,Netherlands,Electronics,2927.43
INV008506,SKU0442,EliteWidgetG,2,2011-11-20,16.08,17831,UnitedKingdom,Sports,3005.55
INV008507,SKU0329,PremiumWidgetA,27,2011-11-20,63.22,10666,Belgium,Food,274.69
INV008508,SKU0250,DeluxeWidgetC,2,2011-11-20,10.41,12812,Belgium,Food,723.5
INV008509,SKU0294,DeluxeWidgetC,94,2011-11-20,43.21,12475,Belgium,HomeGarden,993.45
INV008510,SKU0377,PremiumWidgetA,51,2011-11-20,51.83,16973,Spain,Food,352.57
INV008511,SKU0270,EliteWidgetG,10,2011-11-20,128.05,13100,France,Sports,624.69
INV008512,SKU0454,EliteWidgetG,19,2011-11-20,125.78,13401,Spain,Clothing,1199.02
INV008513,SKU0412,PremiumWidgetA,80,2011-11-20,2.23,15015,Netherlands,Electronics,1728.76
INV008514,SKU0122,EliteWidgetG,13,2011-11-20,80.08,12551,Netherlands,Clothing,3956.75
INV008515,SKU0366,ClassicWidgetB,48,2011-11-20,33.92,12151,UnitedKingdom,Electronics,1090.31
INV008516,SKU0386,EliteWidgetG,56,2011-11-20,48.35,16637,UnitedKingdom,Electronics,3350.46
INV008517,SKU0338,StandardWidgetD,72,2011-11-20,3.74,10387,Germany,Sports,290.35
INV008518,SKU0265,EliteWidgetG,56,2011-11-20,112.59,15864,Spain,Food,3291.55
INV008519,SKU0347,BasicWidgetH,50,2011-11-20,142.61,13161,Spain,Food,3973.8
INV008520,SKU0028,BasicWidgetH,95,2011-11-21,33.28,12380,UnitedKingdom,Books,3024.43
INV008521,SKU0462,DeluxeWidgetC,45,2011-11-21,51.6,18568,Australia,Electronics,1007.76
INV008522,SKU0034,BudgetWidgetE,89,2011-11-21,31.36,14335,Netherlands,Electronics,1652.71
INV008523,SKU0005,ClassicWidgetB,59,2011-11-21,139.54,11280,Belgium,Toys,4026.1
INV008524,SKU0395,ClassicWidgetB,39,2011-11-21,1.9,10743,France,Books,2160.43
INV008525,SKU0110,EliteWidgetG,21,2011-11-21,87.79,17356,UnitedKingdom,Clothing,1276.92
INV008526,SKU0293,BudgetWidgetE,55,2011-11-21,130.68,13486,Belgium,Electronics,4663.52
INV008527,SKU0076,BudgetWidgetE,57,2011-11-21,28.35,18023,Netherlands,Food,3187.14
INV008528,SKU0348,ProWidgetF,41,2011-11-21,88.7,11068,France,Sports,4028.77
INV008529,SKU0146,BudgetWidgetE,93,2011-11-21,8.07,19200,Germany,Books,123.48
INV008530,SKU0066,EliteWidgetG,70,2011-11-21,122.28,16971,Australia,Books,1697.34
INV008531,SKU0391,EliteWidgetG,82,2011-11-21,41.53,17526,Germany,Toys,2295.03
INV008532,SKU0007,PremiumWidgetA,49,2011-11-21,148.32,18534,UnitedKingdom,Electronics,2937.52
INV008533,SKU0121,DeluxeWidgetC,44,2011-11-21,138.34,10630,Australia,Clothing,950.67
INV008534,SKU0339,BasicWidgetH,35,2011-11-21,110.01,10297,Germany,Clothing,2490.27
INV008535,SKU0174,ProWidgetF,91,2011-11-21,74.78,18148,Netherlands,Food,3428.44
INV008536,SKU0387,EliteWidgetG,5,2011-11-21,115.11,18889,UnitedKingdom,HomeGarden,1730.03
INV008537,SKU0178,PremiumWidgetA,71,2011-11-21,20.03,15316,Spain,HomeGarden,3457.52
INV008538,SKU0084,ProWidgetF,74,2011-11-21,46.87,11505,Germany,Sports,1948.88
INV008539,SKU0450,DeluxeWidgetC,74,2011-11-21,4.52,12825,Australia,Food,2347.85
INV008540,SKU0044,ProWidgetF,51,2011-11-21,96.93,18570,Australia,Toys,672.33
INV008541,SKU0135,PremiumWidgetA,57,2011-11-21,120.93,18897,Spain,Electronics,3256.72
INV008542,SKU0342,StandardWidgetD,58,2011-11-21,141.97,12414,Belgium,Clothing,1122.15
INV008543,SKU0015,BasicWidgetH,92,2011-11-21,103.13,15656,France,HomeGarden,4144.42
INV008544,SKU0332,EliteWidgetG,36,2011-11-22,109.95,18962,Australia,Electronics,2767.66
INV008545,SKU0194,BasicWidgetH,10,2011-11-22,134.37,19286,Australia,Toys,2801.72
INV008546,SKU0495,DeluxeWidgetC,50,2011-11-22,140.49,15147,Belgium,Electronics,4562.47
INV008547,SKU0008,ClassicWidgetB,99,2011-11-22,73.95,14444,UnitedKingdom,Clothing,837.85
INV008548,SKU0315,DeluxeWidgetC,99,2011-11-22,16.91,17547,Australia,Electronics,2651.64
INV008549,SKU0333,DeluxeWidgetC,37,2011-11-22,70.23,19423,France,Books,1911.64
INV008550,SKU0332,DeluxeWidgetC,20,2011-11-22,83.63,11446,Australia,HomeGarden,4831.65
INV008551,SKU0326,StandardWidgetD,13,2011-11-22,94.92,12402,France,Sports,3963.78
INV008552,SKU0014,EliteWidgetG,75,2011-11-22,148.4,15642,Belgium,HomeGarden,3787.75
INV008553,SKU0326,PremiumWidgetA,19,2011-11-22,137.68,11826,Netherlands,Electronics,1021.4
INV008554,SKU0101,EliteWidgetG,92,2011-11-22,59.76,17918,France,Books,1187.38
INV008555,SKU0225,ClassicWidgetB,56,2011-11-22,17.46,13847,UnitedKingdom,HomeGarden,146.87
INV008556,SKU0424,PremiumWidgetA,45,2011-11-22,32.61,11092,Germany,Clothing,3193.04
INV008557,SKU0277,ProWidgetF,60,2011-11-22,26.48,14677,Spain,Books,1854.81
INV008558,SKU0407,ProWidgetF,68,2011-11-22,53.72,11720,Germany,Toys,1560.89
INV008559,SKU0112,ProWidgetF,57,2011-11-22,131.54,10882,Netherlands,HomeGarden,3185.52
INV008560,SKU0484,PremiumWidgetA,54,2011-11-22,65.98,10123,UnitedKingdom,Electronics,4143.61
INV008561,SKU0427,BudgetWidgetE,37,2011-11-22,85.31,13490,Netherlands,Clothing,666.01
INV008562,SKU0000,StandardWidgetD,83,2011-11-22,27.29,15797,Netherlands,Food,4593.39
INV008563,SKU0265,BudgetWidgetE,37,2011-11-22,74.18,10602,Australia,Electronics,172.32
INV008564,SKU0490,EliteWidgetG,14,2011-11-22,131.11,13831,Australia,Toys,476.44
INV008565,SKU0207,ProWidgetF,95,2011-11-22,116.13,15460,UnitedKingdom,Electronics,4190.8
INV008566,SKU0109,StandardWidgetD,92,2011-11-22,12.64,18496,Germany,Toys,2464.03
INV008567,SKU0199,PremiumWidgetA,44,2011-11-22,129.38,16946,France,Clothing,4696.34
INV008568,SKU0439,ProWidgetF,83,2011-11-23,41.44,13228,Australia,Books,2308.8
INV008569,SKU0368,PremiumWidgetA,42,2011-11-23,100.02,19443,UnitedKingdom,HomeGarden,4630.69
INV008570,SKU0472,StandardWidgetD,1,2011-11-23,22.38,19128,UnitedKingdom,Books,1198.91
INV008571,SKU0305,PremiumWidgetA,23,2011-11-23,101.36,16508,Belgium,Food,3082.63
INV008572,SKU0011,PremiumWidgetA,64,2011-11-23,5.84,12313,Germany,Toys,4972.35
INV008573,SKU0344,ClassicWidgetB,28,2011-11-23,90.3,13289,UnitedKingdom,Clothing,1880.94
INV008574,SKU0464,EliteWidgetG,4,2011-11-23,97.07,16996,Spain,Toys,8.27
INV008575,SKU0187,BudgetWidgetE,41,2011-11-23,37.05,14844,UnitedKingdom,HomeGarden,321.2
INV008576,SKU0153,BasicWidgetH,60,2011-11-23,140.58,12198,Germany,Clothing,4295.44
INV008577,SKU0493,BudgetWidgetE,18,2011-11-23,7.37,18877,Australia,Sports,2459.94
INV008578,SKU0367,BudgetWidgetE,63,2011-11-23,133.81,14235,Germany,Sports,2684.05
INV008579,SKU0333,DeluxeWidgetC,61,2011-11-23,57.59,18246,Netherlands,Books,3997.33
INV008580,SKU0424,ClassicWidgetB,49,2011-11-23,107.23,13212,Australia,Clothing,4058.08
INV008581,SKU0419,BasicWidgetH,47,2011-11-23,97.91,14169,Netherlands,Food,2387.63
INV008582,SKU0376,ProWidgetF,39,2011-11-23,25.65,13206,UnitedKingdom,HomeGarden,4290.45
INV008583,SKU0278,ProWidgetF,89,2011-11-23,48.19,10641,Netherlands,Books,2342.66
INV008584,SKU0170,ProWidgetF,82,2011-11-23,79.69,14839,Germany,Sports,3375.43
INV008585,SKU0133,BudgetWidgetE,6,2011-11-23,127.05,16169,Germany,Sports,167.78
INV008586,SKU0494,EliteWidgetG,83,2011-11-23,143.25,17655,Belgium,Sports,690.86
INV008587,SKU0452,BudgetWidgetE,53,2011-11-23,3.58,10061,France,Books,4257.25
INV008588,SKU0426,BasicWidgetH,76,2011-11-23,53.21,11223,Belgium,HomeGarden,1566.28
INV008589,SKU0024,EliteWidgetG,25,2011-11-23,100.39,10492,Belgium,Sports,1674.38
INV008590,SKU0017,ClassicWidgetB,99,2011-11-23,79.4,16822,Spain,Food,3315.29
INV008591,SKU0189,EliteWidgetG,65,2011-11-23,141.48,16611,Belgium,Books,2963.1
INV008592,SKU0140,BasicWidgetH,5,2011-11-24,3.04,11139,UnitedKingdom,Books,411.86
INV008593,SKU0042,PremiumWidgetA,65,2011-11-24,65.94,15490,Germany,Electronics,3829.06
INV008594,SKU0333,BudgetWidgetE,8,2011-11-24,100.49,16794,Australia,Electronics,3086.49
INV008595,SKU0283,ProWidgetF,39,2011-11-24,33.03,11255,Belgium,Food,4276.8
INV008596,SKU0145,PremiumWidgetA,43,2011-11-24,109.02,12495,Belgium,Toys,2677.95
INV008597,SKU0314,BudgetWidgetE,82,2011-11-24,12.64,13285,Belgium,HomeGarden,2072.21
INV008598,SKU0443,StandardWidgetD,73,2011-11-24,67.93,12255,Germany,Sports,1857.33
INV008599,SKU0318,DeluxeWidgetC,5,2011-11-24,101.6,19193,Australia,Electronics,23.09
INV008600,SKU0440,BudgetWidgetE,4,2011-11-24,40.38,11125,UnitedKingdom,HomeGarden,199.88
INV008601,SKU0091,StandardWidgetD,93,2011-11-24,11.54,13881,Spain,Electronics,656.93
INV008602,SKU0178,BasicWidgetH,1,2011-11-24,143.57,14105,France,Food,4647.76
INV008603,SKU0055,ClassicWidgetB,94,2011-11-24,137.12,11146,France,Sports,4403.37
INV008604,SKU0154,StandardWidgetD,56,2011-11-24,138.99,10786,Netherlands,Books,2486.48
INV008605,SKU0159,ClassicWidgetB,45,2011-11-24,146.79,10258,Germany,Sports,901.8
INV008606,SKU0110,BudgetWidgetE,65,2011-11-24,28.11,13849,UnitedKingdom,Electronics,731.41
INV008607,SKU0136,ClassicWidgetB,3,2011-11-24,24.09,16430,Netherlands,Sports,1281.4
INV008608,SKU0231,StandardWidgetD,22,2011-11-24,5.62,16174,UnitedKingdom,Food,4543.71
INV008609,SKU0479,EliteWidgetG,72,2011-11-24,133.83,14616,UnitedKingdom,Books,2607.82
INV008610,SKU0467,DeluxeWidgetC,56,2011-11-24,113.04,18180,Netherlands,Clothing,4020.41
INV008611,SKU0219,PremiumWidgetA,18,2011-11-24,95.17,10715,UnitedKingdom,Books,2534.27
INV008612,SKU0480,PremiumWidgetA,25,2011-11-24,139.19,11643,Netherlands,Electronics,3047.63
INV008613,SKU0067,DeluxeWidgetC,48,2011-11-24,86.47,10123,Belgium,Books,3050.9
INV008614,SKU0301,ProWidgetF,84,2011-11-24,19.89,11773,Belgium,Toys,157.66
INV008615,SKU0248,PremiumWidgetA,31,2011-11-24,26.94,19113,Spain,HomeGarden,2226.9
INV008616,SKU0481,BasicWidgetH,30,2011-11-25,20.26,12177,Germany,Sports,4320.38
INV008617,SKU0495,BudgetWidgetE,80,2011-11-25,46.49,16889,Netherlands,Toys,2446.0
INV008618,SKU0322,ProWidgetF,66,2011-11-25,57.23,11503,Germany,Clothing,2177.24
INV008619,SKU0409,BudgetWidgetE,81,2011-11-25,119.63,15661,Belgium,Clothing,2633.2
INV008620,SKU0391,StandardWidgetD,10,2011-11-25,29.09,17094,France,Sports,1904.45
INV008621,SKU0005,BasicWidgetH,71,2011-11-25,108.94,12124,Netherlands,Sports,2577.48
INV008622,SKU0463,StandardWidgetD,59,2011-11-25,73.94,13254,Belgium,HomeGarden,677.59
INV008623,SKU0279,ProWidgetF,51,2011-11-25,149.95,12413,Spain,Books,4839.77
INV008624,SKU0431,ProWidgetF,9,2011-11-25,116.6,14387,France,Clothing,171.62
INV008625,SKU0486,BasicWidgetH,54,2011-11-25,145.36,16089,Netherlands,Electronics,2416.55
INV008626,SKU0093,BasicWidgetH,62,2011-11-25,51.68,15833,UnitedKingdom,Sports,1050.75
INV008627,SKU0428,ProWidgetF,81,2011-11-25,18.9,10156,France,Sports,292.72
INV008628,SKU0268,ProWidgetF,9,2011-11-25,76.13,19315,Australia,Toys,3258.88
INV008629,SKU0196,ClassicWidgetB,9,2011-11-25,19.07,15003,Australia,Toys,4925.92
INV008630,SKU0024,EliteWidgetG,24,2011-11-25,74.12,15753,Australia,Toys,3748.28
INV008631,SKU0147,ProWidgetF,39,2011-11-25,40.86,10917,France,Clothing,1270.85
INV008632,SKU0117,BasicWidgetH,75,2011-11-25,73.91,16253,Germany,Toys,2467.45
INV008633,SKU0337,EliteWidgetG,8,2011-11-25,142.47,11702,Netherlands,Sports,249.86
INV008634,SKU0366,ProWidgetF,25,2011-11-25,43.71,11665,UnitedKingdom,Clothing,2658.82
INV008635,SKU0337,StandardWidgetD,66,2011-11-25,149.02,15389,UnitedKingdom,Food,498.22
INV008636,SKU0065,BudgetWidgetE,10,2011-11-25,34.78,17163,Belgium,Electronics,3973.24
INV008637,SKU0457,EliteWidgetG,24,2011-11-25,31.61,15807,France,Electronics,284.48
INV008638,SKU0300,StandardWidgetD,80,2011-11-25,81.95,12111,Australia,Food,47.8
INV008639,SKU0369,PremiumWidgetA,83,2011-11-25,126.39,13714,Spain,Clothing,4307.92
INV008640,SKU0174,BasicWidgetH,59,2011-11-26,112.55,16983,Belgium,Sports,4712.77
INV008641,SKU0318,ClassicWidgetB,31,2011-11-26,108.67,15110,UnitedKingdom,HomeGarden,433.68
INV008642,SKU0075,ClassicWidgetB,11,2011-11-26,42.75,12397,Spain,Food,1395.3
INV008643,SKU0494,BudgetWidgetE,6,2011-11-26,3.87,15454,Belgium,HomeGarden,3708.74
INV008644,SKU0460,ProWidgetF,70,2011-11-26,24.68,11555,Spain,Books,2698.73
INV008645,SKU0113,StandardWidgetD,32,2011-11-26,52.75,14502,UnitedKingdom,HomeGarden,4746.23
INV008646,SKU0110,PremiumWidgetA,39,2011-11-26,145.77,10343,Germany,Toys,1946.51
INV008647,SKU0248,StandardWidgetD,48,2011-11-26,138.01,11544,UnitedKingdom,Sports,17.61
INV008648,SKU0438,BasicWidgetH,13,2011-11-26,30.5,13996,Belgium,HomeGarden,99.71
INV008649,SKU0202,BasicWidgetH,59,2011-11-26,108.98,16848,UnitedKingdom,Books,2824.71
INV008650,SKU0146,ProWidgetF,67,2011-11-26,87.06,18230,Netherlands,Electronics,3760.77
INV008651,SKU0034,ProWidgetF,56,2011-11-26,7.95,14382,UnitedKingdom,Clothing,3953.29
INV008652,SKU0486,BasicWidgetH,41,2011-11-26,56.07,18046,Netherlands,HomeGarden,4557.67
INV008653,SKU0308,DeluxeWidgetC,56,2011-11-26,73.17,14986,Belgium,Clothing,1146.14
INV008654,SKU0025,BasicWidgetH,35,2011-11-26,100.3,13423,Australia,Food,3692.29
INV008655,SKU0237,StandardWidgetD,38,2011-11-26,44.59,19220,Germany,Clothing,4135.66
INV008656,SKU0013,BudgetWidgetE,81,2011-11-26,140.11,10235,Belgium,Toys,4181.54
INV008657,SKU0373,StandardWidgetD,67,2011-11-26,68.06,17993,Spain,Toys,2058.31
INV008658,SKU0044,ClassicWidgetB,34,2011-11-26,37.66,19160,Belgium,Electronics,3130.29
INV008659,SKU0427,PremiumWidgetA,76,2011-11-26,47.81,15224,UnitedKingdom,Books,2758.27
INV008660,SKU0215,EliteWidgetG,88,2011-11-26,112.91,11230,Germany,Sports,2987.83
INV008661,SKU0232,BudgetWidgetE,70,2011-11-26,96.22,10238,Belgium,Sports,1410.87
INV008662,SKU0192,DeluxeWidgetC,11,2011-11-26,111.46,14924,Spain,Sports,3416.49
INV008663,SKU0050,PremiumWidgetA,27,2011-11-26,44.21,10051,Belgium,Food,3550.38
INV008664,SKU0426,PremiumWidgetA,48,2011-11-27,49.36,19572,Belgium,Books,980.55
INV008665,SKU0374,EliteWidgetG,24,2011-11-27,59.81,11056,Germany,Toys,2218.72
INV008666,SKU0213,ClassicWidgetB,18,2011-11-27,28.69,18213,Spain,Books,2111.11
INV008667,SKU0150,ClassicWidgetB,27,2011-11-27,103.81,18498,Spain,Books,3745.0
INV008668,SKU0439,ClassicWidgetB,54,2011-11-27,49.74,17609,Germany,HomeGarden,3332.85
INV008669,SKU0274,BudgetWidgetE,55,2011-11-27,49.27,12609,France,Clothing,2381.5
INV008670,SKU0337,StandardWidgetD,21,2011-11-27,40.77,13600,Netherlands,Books,3263.0
INV008671,SKU0075,PremiumWidgetA,59,2011-11-27,68.2,11965,Spain,Books,1315.05
INV008672,SKU0438,StandardWidgetD,34,2011-11-27,115.91,16532,Spain,Food,1162.51
INV008673,SKU0219,StandardWidgetD,97,2011-11-27,125.42,13578,Spain,HomeGarden,1200.36
INV008674,SKU0347,ClassicWidgetB,58,2011-11-27,120.77,15561,Spain,Clothing,148.46
INV008675,SKU0443,StandardWidgetD,48,2011-11-27,93.37,12543,Germany,Food,3455.69
INV008676,SKU0186,PremiumWidgetA,54,2011-11-27,42.42,10504,Spain,Toys,4929.25
INV008677,SKU0288,PremiumWidgetA,18,2011-11-27,110.36,18328,Australia,Toys,1545.85
INV008678,SKU0402,ProWidgetF,3,2011-11-27,6.38,15084,UnitedKingdom,Sports,4649.24
INV008679,SKU0027,DeluxeWidgetC,24,2011-11-27,119.82,19494,Belgium,Electronics,3033.11
INV008680,SKU0378,BudgetWidgetE,1,2011-11-27,117.14,14014,Spain,Books,1125.45
INV008681,SKU0179,StandardWidgetD,6,2011-11-27,100.67,16307,Germany,Books,60.31
INV008682,SKU0252,BudgetWidgetE,19,2011-11-27,15.14,13614,Belgium,Electronics,3618.93
INV008683,SKU0125,BudgetWidgetE,86,2011-11-27,149.6,15142,Spain,Books,3483.17
INV008684,SKU0176,BudgetWidgetE,43,2011-11-27,113.58,16071,Germany,Toys,1147.04
INV008685,SKU0036,EliteWidgetG,8,2011-11-27,110.35,14806,Spain,Books,1664.19
INV008686,SKU0409,BasicWidgetH,69,2011-11-27,10.07,10506,UnitedKingdom,Books,4490.34
INV008687,SKU0098,ProWidgetF,52,2011-11-27,60.11,19725,Spain,Electronics,787.01
INV008688,SKU0097,BudgetWidgetE,73,2011-11-28,13.38,14003,Australia,Toys,4177.38
INV008689,SKU0126,BasicWidgetH,47,2011-11-28,54.48,18899,Spain,HomeGarden,846.95
INV008690,SKU0482,BasicWidgetH,85,2011-11-28,85.79,19815,Spain,HomeGarden,2409.15
INV008691,SKU0167,ProWidgetF,28,2011-11-28,131.89,17611,Belgium,Electronics,2495.33
INV008692,SKU0079,PremiumWidgetA,46,2011-11-28,42.8,11707,Belgium,HomeGarden,2360.98
INV008693,SKU0293,EliteWidgetG,4,2011-11-28,93.7,18493,Germany,Sports,1440.36
INV008694,SKU0332,StandardWidgetD,88,2011-11-28,25.12,12444,Germany,Sports,1267.57
INV008695,SKU0125,ProWidgetF,8,2011-11-28,53.42,18509,Spain,Toys,3666.04
INV008696,SKU0342,DeluxeWidgetC,61,2011-11-28,142.11,15906,Australia,Electronics,1379.11
INV008697,SKU0309,BasicWidgetH,17,2011-11-28,112.27,12955,Germany,Clothing,3049.97
INV008698,SKU0149,BudgetWidgetE,34,2011-11-28,82.1,12927,Belgium,Toys,4233.35
INV008699,SKU0015,BasicWidgetH,20,2011-11-28,38.13,10857,Australia,Books,4185.34
INV008700,SKU0027,EliteWidgetG,80,2011-11-28,57.27,12720,Germany,Clothing,836.59
INV008701,SKU0495,DeluxeWidgetC,74,2011-11-28,23.93,13022,UnitedKingdom,Books,3274.03
INV008702,SKU0418,PremiumWidgetA,34,2011-11-28,53.34,18868,Australia,Toys,3011.79
INV008703,SKU0443,PremiumWidgetA,43,2011-11-28,23.02,10378,UnitedKingdom,Food,1410.64
INV008704,SKU0172,ClassicWidgetB,10,2011-11-28,119.4,18408,UnitedKingdom,HomeGarden,1957.88
INV008705,SKU0045,BudgetWidgetE,94,2011-11-28,12.57,16058,Germany,HomeGarden,1426.28
INV008706,SKU0327,ClassicWidgetB,30,2011-11-28,28.82,17418,Belgium,Sports,2685.79
INV008707,SKU0235,EliteWidgetG,25,2011-11-28,103.83,14963,Australia,Clothing,4018.33
INV008708,SKU0438,DeluxeWidgetC,57,2011-11-28,135.43,14851,France,Electronics,4387.64
INV008709,SKU0213,BasicWidgetH,63,2011-11-28,144.71,12989,UnitedKingdom,Food,3614.4
INV008710,SKU0084,StandardWidgetD,71,2011-11-28,125.49,13830,Belgium,Books,2417.77
INV008711,SKU0281,ClassicWidgetB,47,2011-11-28,32.12,15403,UnitedKingdom,HomeGarden,4790.52
INV008712,SKU0231,PremiumWidgetA,84,2011-11-29,43.21,19698,UnitedKingdom,Food,2819.83
INV008713,SKU0084,BudgetWidgetE,81,2011-11-29,130.68,16850,Germany,Toys,2393.25
INV008714,SKU0408,BasicWidgetH,3,2011-11-29,133.46,19482,Germany,Food,4284.01
INV008715,SKU0488,DeluxeWidgetC,46,2011-11-29,96.28,11939,UnitedKingdom,Books,923.93
INV008716,SKU0064,ProWidgetF,36,2011-11-29,47.39,14694,Belgium,Electronics,790.23
INV008717,SKU0133,EliteWidgetG,26,2011-11-29,34.0,17325,Spain,Food,3912.93
INV008718,SKU0150,EliteWidgetG,10,2011-11-29,127.92,17715,Germany,Books,4352.98
INV008719,SKU0114,PremiumWidgetA,34,2011-11-29,31.19,18427,Germany,Sports,364.8
INV008720,SKU0063,ProWidgetF,78,2011-11-29,99.44,19975,Germany,Electronics,3820.67
INV008721,SKU0342,EliteWidgetG,8,2011-11-29,145.21,17627,Netherlands,Electronics,2122.88
INV008722,SKU0426,StandardWidgetD,55,2011-11-29,105.94,14195,Australia,Books,3518.93
INV008723,SKU0362,BasicWidgetH,91,2011-11-29,39.02,12786,Belgium,Books,675.71
INV008724,SKU0406,BudgetWidgetE,10,2011-11-29,42.73,11377,Germany,HomeGarden,4865.09
INV008725,SKU0351,BasicWidgetH,57,2011-11-29,14.39,12755,Netherlands,Books,4406.52
INV008726,SKU0157,StandardWidgetD,79,2011-11-29,103.09,12083,Netherlands,Electronics,2030.46
INV008727,SKU0076,EliteWidgetG,86,2011-11-29,78.01,14409,Germany,Food,4466.9
INV008728,SKU0490,StandardWidgetD,45,2011-11-29,31.37,16570,Belgium,Toys,4474.73
INV008729,SKU0145,BasicWidgetH,50,2011-11-29,34.54,14612,Spain,Books,2306.8
INV008730,SKU0342,EliteWidgetG,64,2011-11-29,1.85,16107,Netherlands,Toys,4734.48
INV008731,SKU0462,BudgetWidgetE,95,2011-11-29,146.77,14104,France,Toys,4884.31
INV008732,SKU0224,BudgetWidgetE,2,2011-11-29,124.29,13549,Netherlands,HomeGarden,1086.85
INV008733,SKU0404,ProWidgetF,45,2011-11-29,59.43,14152,Australia,Clothing,334.27
INV008734,SKU0312,StandardWidgetD,95,2011-11-29,141.94,17657,Netherlands,Toys,1656.42
INV008735,SKU0102,DeluxeWidgetC,62,2011-11-29,101.73,15478,Germany,Sports,2444.69
INV008736,SKU0406,ProWidgetF,14,2011-11-30,112.84,12641,Belgium,Toys,464.29
INV008737,SKU0346,BudgetWidgetE,74,2011-11-30,102.15,15025,Spain,Food,704.16
INV008738,SKU0300,PremiumWidgetA,94,2011-11-30,113.65,17764,UnitedKingdom,Electronics,4858.52
INV008739,SKU0427,EliteWidgetG,15,2011-11-30,26.06,12112,Belgium,Food,3686.77
INV008740,SKU0465,ProWidgetF,14,2011-11-30,84.58,13500,Belgium,HomeGarden,4374.82
INV008741,SKU0087,ClassicWidgetB,31,2011-11-30,127.48,15987,France,Sports,4855.8
INV008742,SKU0370,DeluxeWidgetC,29,2011-11-30,3.42,17624,Netherlands,Food,1891.34
INV008743,SKU0302,EliteWidgetG,27,2011-11-30,18.95,19201,Spain,Books,3439.63
INV008744,SKU0167,ProWidgetF,85,2011-11-30,37.22,11629,France,Toys,920.93
INV008745,SKU0434,BudgetWidgetE,9,2011-11-30,44.56,19041,Belgium,Books,2758.78
INV008746,SKU0169,BasicWidgetH,20,2011-11-30,27.81,17361,Belgium,Clothing,1050.18
INV008747,SKU0134,BudgetWidgetE,99,2011-11-30,93.84,16260,Australia,Books,802.99
INV008748,SKU0049,DeluxeWidgetC,58,2011-11-30,44.46,16922,Belgium,Sports,493.12
INV008749,SKU0431,ClassicWidgetB,79,2011-11-30,24.14,17166,Netherlands,HomeGarden,2899.1
INV008750,SKU0339,ProWidgetF,88,2011-11-30,135.92,10478,Netherlands,Food,4749.31
INV008751,SKU0346,BasicWidgetH,49,2011-11-30,104.41,11310,France,Clothing,611.99
INV008752,SKU0133,ProWidgetF,57,2011-11-30,37.29,12143,Netherlands,Sports,2512.07
INV008753,SKU0346,StandardWidgetD,16,2011-11-30,54.46,10413,Belgium,HomeGarden,3435.65
INV008754,SKU0136,PremiumWidgetA,75,2011-11-30,111.25,19848,Netherlands,Food,2479.81
INV008755,SKU0244,BudgetWidgetE,8,2011-11-30,118.74,13936,UnitedKingdom,Sports,4558.97
INV008756,SKU0108,ProWidgetF,67,2011-11-30,26.88,18187,France,Books,832.31
INV008757,SKU0312,ProWidgetF,19,2011-11-30,140.52,11394,Germany,Sports,121.79
INV008758,SKU0286,EliteWidgetG,67,2011-11-30,117.9,12623,Belgium,Clothing,1916.21
INV008759,SKU0020,EliteWidgetG,36,2011-11-30,128.59,12290,Germany,Sports,2777.89
INV008760,SKU0089,ProWidgetF,89,2011-12-01,22.01,10638,Australia,Electronics,1273.28
INV008761,SKU0295,ClassicWidgetB,60,2011-12-01,21.93,10352,UnitedKingdom,Books,843.0
INV008762,SKU0111,PremiumWidgetA,36,2011-12-01,46.15,10139,France,Sports,4024.38
INV008763,SKU0300,ProWidgetF,11,2011-12-01,10.16,18443,France,HomeGarden,943.69
INV008764,SKU0076,DeluxeWidgetC,51,2011-12-01,14.11,18860,UnitedKingdom,Books,2213.97
INV008765,SKU0176,BudgetWidgetE,80,2011-12-01,21.91,13842,UnitedKingdom,Toys,4772.45
INV008766,SKU0342,StandardWidgetD,55,2011-12-01,107.01,18508,Australia,HomeGarden,3063.91
INV008767,SKU0147,EliteWidgetG,54,2011-12-01,5.02,14018,Germany,Clothing,2489.12
INV008768,SKU0100,DeluxeWidgetC,17,2011-12-01,12.95,12926,Spain,Toys,1801.89
INV008769,SKU0245,BudgetWidgetE,62,2011-12-01,141.66,16892,France,Toys,2602.41
INV008770,SKU0116,BasicWidgetH,42,2011-12-01,13.01,17242,Spain,Toys,3671.8
INV008771,SKU0091,EliteWidgetG,24,2011-12-01,80.85,11052,UnitedKingdom,Electronics,4112.81
INV008772,SKU0400,ClassicWidgetB,17,2011-12-01,96.56,13563,France,Food,3249.59
INV008773,SKU0027,EliteWidgetG,48,2011-12-01,143.81,19315,Germany,Sports,3951.79
INV008774,SKU0424,PremiumWidgetA,84,2011-12-01,135.02,11343,France,Books,443.0
INV008775,SKU0449,PremiumWidgetA,86,2011-12-01,66.38,10569,Spain,Food,72.86
INV008776,SKU0024,BudgetWidgetE,70,2011-12-01,141.35,17690,France,Sports,3672.32
INV008777,SKU0057,DeluxeWidgetC,7,2011-12-01,65.12,13916,UnitedKingdom,Sports,1309.26
INV008778,SKU0497,StandardWidgetD,14,2011-12-01,100.65,19192,UnitedKingdom,Books,4388.51
INV008779,SKU0296,ClassicWidgetB,11,2011-12-01,39.31,12923,UnitedKingdom,Food,2679.72
INV008780,SKU0133,BudgetWidgetE,12,2011-12-01,95.68,14545,Germany,Toys,2393.13
INV008781,SKU0330,BasicWidgetH,5,2011-12-01,80.96,13925,Belgium,Toys,3864.32
INV008782,SKU0248,ClassicWidgetB,5,2011-12-01,91.22,13252,Belgium,Electronics,3705.74
INV008783,SKU0037,PremiumWidgetA,20,2011-12-01,102.56,17558,Belgium,Electronics,3521.68
INV008784,SKU0389,ProWidgetF,54,2011-12-02,26.43,13392,Netherlands,Clothing,3449.81
INV008785,SKU0428,ProWidgetF,55,2011-12-02,45.54,12617,Germany,Books,2577.46
INV008786,SKU0074,StandardWidgetD,58,2011-12-02,110.57,15935,UnitedKingdom,Books,4632.45
INV008787,SKU0141,ClassicWidgetB,79,2011-12-02,24.99,14355,Australia,HomeGarden,4453.32
INV008788,SKU0321,BudgetWidgetE,90,2011-12-02,51.96,12013,France,HomeGarden,1647.7
INV008789,SKU0167,StandardWidgetD,97,2011-12-02,100.14,11927,France,HomeGarden,4023.67
INV008790,SKU0258,EliteWidgetG,30,2011-12-02,140.68,15332,Spain,Electronics,4455.65
INV008791,SKU0372,EliteWidgetG,24,2011-12-02,11.76,16258,France,Clothing,3091.66
INV008792,SKU0354,BasicWidgetH,87,2011-12-02,77.73,14547,Belgium,Clothing,2778.34
INV008793,SKU0224,DeluxeWidgetC,73,2011-12-02,12.74,16915,Spain,Toys,3359.76
INV008794,SKU0151,ProWidgetF,3,2011-12-02,57.18,13719,France,Sports,816.14
INV008795,SKU0018,BudgetWidgetE,48,2011-12-02,26.72,19743,Australia,Clothing,437.63
INV008796,SKU0145,ClassicWidgetB,71,2011-12-02,97.59,11682,Spain,Food,4100.93
INV008797,SKU0447,StandardWidgetD,22,2011-12-02,113.8,10384,UnitedKingdom,HomeGarden,2867.06
INV008798,SKU0240,BudgetWidgetE,14,2011-12-02,37.48,14708,Netherlands,Books,613.38
INV008799,SKU0371,StandardWidgetD,48,2011-12-02,107.08,13036,Belgium,Sports,2082.17
INV008800,SKU0380,StandardWidgetD,29,2011-12-02,67.3,17023,France,Toys,1491.87
INV008801,SKU0343,StandardWidgetD,50,2011-12-02,42.9,14652,Spain,Electronics,4377.51
INV008802,SKU0236,ClassicWidgetB,80,2011-12-02,78.75,14445,Netherlands,Clothing,2536.59
INV008803,SKU0034,BudgetWidgetE,98,2011-12-02,57.26,10389,Spain,Toys,2887.99
INV008804,SKU0189,PremiumWidgetA,10,2011-12-02,34.88,12918,Germany,Books,1177.22
INV008805,SKU0000,PremiumWidgetA,71,2011-12-02,113.65,12113,Germany,HomeGarden,3995.52
INV008806,SKU0483,ClassicWidgetB,89,2011-12-02,119.73,11142,Belgium,Electronics,4650.58
INV008807,SKU0152,EliteWidgetG,27,2011-12-02,120.15,10745,France,Electronics,3962.68
INV008808,SKU0428,ClassicWidgetB,79,2011-12-03,57.63,16151,UnitedKingdom,Clothing,2464.8
INV008809,SKU0432,ProWidgetF,96,2011-12-03,25.84,11730,Australia,Food,4175.61
INV008810,SKU0125,StandardWidgetD,28,2011-12-03,126.14,14385,Spain,Books,940.61
INV008811,SKU0490,BudgetWidgetE,9,2011-12-03,49.72,14123,France,HomeGarden,567.95
INV008812,SKU0481,BudgetWidgetE,71,2011-12-03,112.34,13230,Germany,HomeGarden,2191.66
INV008813,SKU0344,DeluxeWidgetC,80,2011-12-03,122.71,12514,Germany,HomeGarden,908.49
INV008814,SKU0399,DeluxeWidgetC,26,2011-12-03,115.34,11769,Spain,HomeGarden,1296.54
INV008815,SKU0225,BasicWidgetH,99,2011-12-03,58.78,18299,Spain,Clothing,2926.0
INV008816,SKU0220,PremiumWidgetA,81,2011-12-03,140.73,12486,Spain,Toys,2020.11
INV008817,SKU0402,DeluxeWidgetC,87,2011-12-03,99.19,14298,Belgium,Toys,4329.53
INV008818,SKU0406,DeluxeWidgetC,8,2011-12-03,86.57,18968,Netherlands,Toys,1128.84
INV008819,SKU0210,PremiumWidgetA,2,2011-12-03,104.84,17992,Australia,Clothing,4983.96
INV008820,SKU0024,ProWidgetF,95,2011-12-03,7.19,16444,Spain,Books,1797.61
INV008821,SKU0015,EliteWidgetG,57,2011-12-03,58.88,16021,Belgium,Food,2577.5
INV008822,SKU0181,PremiumWidgetA,52,2011-12-03,132.24,16046,Spain,Sports,662.53
INV008823,SKU0498,EliteWidgetG,58,2011-12-03,24.58,18629,France,Clothing,2896.92
INV008824,SKU0328,BasicWidgetH,96,2011-12-03,62.45,19226,UnitedKingdom,HomeGarden,4806.46
INV008825,SKU0128,DeluxeWidgetC,93,2011-12-03,61.08,10836,Netherlands,Toys,3747.24
INV008826,SKU0041,BudgetWidgetE,3,2011-12-03,53.73,14702,Australia,Toys,1221.03
INV008827,SKU0402,DeluxeWidgetC,8,2011-12-03,84.57,10641,Netherlands,Books,2213.62
INV008828,SKU0480,StandardWidgetD,59,2011-12-03,149.43,13174,Belgium,HomeGarden,2127.74
INV008829,SKU0417,BasicWidgetH,2,2011-12-03,38.75,11808,Spain,Clothing,490.64
INV008830,SKU0335,EliteWidgetG,95,2011-12-03,105.89,17653,UnitedKingdom,Toys,4429.37
INV008831,SKU0235,EliteWidgetG,62,2011-12-03,113.82,16253,Spain,Books,1907.9
INV008832,SKU0359,StandardWidgetD,49,2011-12-04,87.88,13875,Germany,Food,2471.8
INV008833,SKU0438,StandardWidgetD,20,2011-12-04,15.07,18834,Belgium,HomeGarden,1456.95
INV008834,SKU0401,ProWidgetF,29,2011-12-04,86.07,18894,Spain,Toys,762.83
INV008835,SKU0033,ClassicWidgetB,17,2011-12-04,143.04,12848,France,Sports,4510.65
INV008836,SKU0344,StandardWidgetD,74,2011-12-04,51.64,13612,France,Electronics,187.95
INV008837,SKU0380,EliteWidgetG,22,2011-12-04,96.13,17062,Belgium,Electronics,2000.0
INV008838,SKU0044,BudgetWidgetE,6,2011-12-04,143.93,19914,UnitedKingdom,Toys,3653.75
INV008839,SKU0133,EliteWidgetG,62,2011-12-04,119.8,19040,Spain,HomeGarden,1544.98
INV008840,SKU0020,EliteWidgetG,98,2011-12-04,103.4,12554,France,Toys,2230.7
INV008841,SKU0121,ProWidgetF,31,2011-12-04,145.69,16320,France,Food,2822.82
INV008842,SKU0069,ClassicWidgetB,62,2011-12-04,26.0,11462,Spain,Electronics,4975.41
INV008843,SKU0351,ClassicWidgetB,12,2011-12-04,116.03,15962,Netherlands,Toys,3791.75
INV008844,SKU0360,StandardWidgetD,12,2011-12-04,61.32,16811,UnitedKingdom,Toys,4835.61
INV008845,SKU0047,BasicWidgetH,63,2011-12-04,54.38,10510,Belgium,Sports,3466.03
INV008846,SKU0490,DeluxeWidgetC,16,2011-12-04,78.34,12156,Netherlands,Toys,1346.0
INV008847,SKU0038,EliteWidgetG,25,2011-12-04,5.55,12919,France,Food,1438.16
INV008848,SKU0286,PremiumWidgetA,22,2011-12-04,47.22,15191,Belgium,Sports,4112.5
INV008849,SKU0489,DeluxeWidgetC,91,2011-12-04,25.35,16632,Belgium,HomeGarden,2139.14
INV008850,SKU0009,DeluxeWidgetC,88,2011-12-04,21.23,18924,Spain,Sports,1851.75
INV008851,SKU0029,ClassicWidgetB,76,2011-12-04,50.93,11237,Belgium,Electronics,4725.53
INV008852,SKU0243,ClassicWidgetB,18,2011-12-04,120.44,11480,Australia,HomeGarden,67.15
INV008853,SKU0273,ProWidgetF,45,2011-12-04,30.57,12010,Spain,Food,2625.31
INV008854,SKU0443,ProWidgetF,80,2011-12-04,79.95,16897,Australia,Toys,3875.61
INV008855,SKU0087,ClassicWidgetB,68,2011-12-04,112.42,15629,Netherlands,Electronics,3681.11
INV008856,SKU0243,BudgetWidgetE,12,2011-12-05,36.53,14757,Germany,Sports,1838.5
INV008857,SKU0380,BudgetWidgetE,49,2011-12-05,138.67,17490,Spain,Sports,2678.71
INV008858,SKU0328,PremiumWidgetA,33,2011-12-05,130.04,12735,Germany,Books,28.88
INV008859,SKU0478,ClassicWidgetB,86,2011-12-05,38.05,14199,UnitedKingdom,Clothing,2674.62
INV008860,SKU0014,StandardWidgetD,63,2011-12-05,148.45,17286,Australia,Food,2952.42
INV008861,SKU0003,ProWidgetF,18,2011-12-05,100.54,16200,Belgium,Food,4374.08
INV008862,SKU0190,ClassicWidgetB,54,2011-12-05,43.27,10577,Australia,Toys,1054.48
INV008863,SKU0167,BudgetWidgetE,97,2011-12-05,102.32,18079,Netherlands,Clothing,4125.9
INV008864,SKU0008,ClassicWidgetB,27,2011-12-05,100.1,10818,Belgium,HomeGarden,3590.61
INV008865,SKU0108,BudgetWidgetE,83,2011-12-05,91.13,17188,Spain,Electronics,3330.49
INV008866,SKU0136,ClassicWidgetB,78,2011-12-05,106.9,14174,France,Clothing,1972.54
INV008867,SKU0153,EliteWidgetG,25,2011-12-05,40.61,11889,UnitedKingdom,HomeGarden,1837.8
INV008868,SKU0387,StandardWidgetD,34,2011-12-05,146.86,10558,Netherlands,Sports,3516.6
INV008869,SKU0208,BasicWidgetH,88,2011-12-05,128.76,12933,Germany,Clothing,4951.13
INV008870,SKU0271,PremiumWidgetA,60,2011-12-05,111.99,19811,Spain,Electronics,2027.36
INV008871,SKU0142,EliteWidgetG,54,2011-12-05,4.43,16831,France,Books,4593.08
INV008872,SKU0098,StandardWidgetD,87,2011-12-05,88.76,15949,Belgium,Food,2933.14
INV008873,SKU0376,BudgetWidgetE,5,2011-12-05,106.12,17643,UnitedKingdom,Books,4340.96
INV008874,SKU0307,ProWidgetF,36,2011-12-05,128.19,10069,Spain,Clothing,1086.74
INV008875,SKU0068,ProWidgetF,54,2011-12-05,141.95,11189,France,Books,3811.4
INV008876,SKU0246,DeluxeWidgetC,88,2011-12-05,137.42,12902,Germany,HomeGarden,4174.88
INV008877,SKU0260,StandardWidgetD,36,2011-12-05,61.2,14340,Netherlands,Toys,4161.01
INV008878,SKU0275,ClassicWidgetB,69,2011-12-05,134.53,18875,Netherlands,Electronics,3923.77
INV008879,SKU0078,PremiumWidgetA,39,2011-12-05,0.61,15895,Australia,Sports,1521.67
INV008880,SKU0145,ClassicWidgetB,70,2011-12-06,53.05,17550,Spain,Electronics,2610.23
INV008881,SKU0110,ClassicWidgetB,4,2011-12-06,17.53,15697,Belgium,Sports,1499.22
INV008882,SKU0257,StandardWidgetD,74,2011-12-06,132.52,13910,Netherlands,Books,1715.49
INV008883,SKU0092,BasicWidgetH,65,2011-12-06,139.23,18262,Australia,HomeGarden,1506.79
INV008884,SKU0012,PremiumWidgetA,85,2011-12-06,38.77,15984,Netherlands,Sports,1421.85
INV008885,SKU0259,DeluxeWidgetC,40,2011-12-06,55.41,17715,UnitedKingdom,Food,3467.41
INV008886,SKU0425,EliteWidgetG,37,2011-12-06,147.59,19454,Spain,Books,3251.67
INV008887,SKU0108,ClassicWidgetB,67,2011-12-06,85.13,17747,Belgium,Sports,1022.12
INV008888,SKU0329,PremiumWidgetA,31,2011-12-06,74.81,12155,Germany,Clothing,3457.9
INV008889,SKU0188,DeluxeWidgetC,91,2011-12-06,75.32,17956,Spain,Electronics,1456.05
INV008890,SKU0094,EliteWidgetG,81,2011-12-06,104.58,19563,Spain,Toys,1009.39
INV008891,SKU0104,ClassicWidgetB,87,2011-12-06,143.2,11915,France,Toys,3736.51
INV008892,SKU0007,PremiumWidgetA,77,2011-12-06,55.31,17918,Germany,HomeGarden,1814.98
INV008893,SKU0066,EliteWidgetG,47,2011-12-06,26.31,14351,Germany,Books,2847.18
INV008894,SKU0495,StandardWidgetD,27,2011-12-06,28.16,17468,Australia,HomeGarden,1001.42
INV008895,SKU0190,BasicWidgetH,51,2011-12-06,3.54,17067,Australia,Electronics,3068.86
INV008896,SKU0365,ProWidgetF,20,2011-12-06,83.53,15264,UnitedKingdom,Toys,1040.76
INV008897,SKU0255,ProWidgetF,13,2011-12-06,139.4,15795,France,Sports,835.22
INV008898,SKU0008,ClassicWidgetB,63,2011-12-06,107.1,19739,Netherlands,Sports,1933.26
INV008899,SKU0477,ClassicWidgetB,44,2011-12-06,148.95,14455,Netherlands,HomeGarden,3950.52
INV008900,SKU0116,EliteWidgetG,24,2011-12-06,136.47,17691,Germany,Sports,883.5
INV008901,SKU0266,PremiumWidgetA,3,2011-12-06,74.03,11213,Spain,Sports,586.02
INV008902,SKU0098,ProWidgetF,10,2011-12-06,73.24,16439,UnitedKingdom,Food,159.21
INV008903,SKU0484,ClassicWidgetB,65,2011-12-06,94.44,19052,Spain,Food,2080.41
INV008904,SKU0297,DeluxeWidgetC,49,2011-12-07,17.08,19181,France,Sports,1410.84
INV008905,SKU0396,ClassicWidgetB,58,2011-12-07,91.35,12923,Netherlands,Clothing,1461.25
INV008906,SKU0163,ProWidgetF,77,2011-12-07,69.88,11432,Germany,Food,4909.73
INV008907,SKU0375,BudgetWidgetE,78,2011-12-07,96.59,10340,UnitedKingdom,Books,971.42
INV008908,SKU0140,BasicWidgetH,97,2011-12-07,85.0,17381,France,Books,2292.68
INV008909,SKU0267,ProWidgetF,2,2011-12-07,46.9,11198,Spain,Toys,4931.85
INV008910,SKU0036,DeluxeWidgetC,66,2011-12-07,91.36,19659,Germany,Food,154.06
INV008911,SKU0073,PremiumWidgetA,31,2011-12-07,55.22,14296,Germany,Electronics,3483.59
INV008912,SKU0072,DeluxeWidgetC,68,2011-12-07,29.6,18186,Belgium,Sports,1856.04
INV008913,SKU0307,BudgetWidgetE,98,2011-12-07,101.42,14193,Spain,HomeGarden,4530.58
INV008914,SKU0198,BudgetWidgetE,83,2011-12-07,46.3,18113,UnitedKingdom,Sports,4559.8
INV008915,SKU0129,ClassicWidgetB,37,2011-12-07,133.41,19483,UnitedKingdom,Electronics,1936.68
INV008916,SKU0245,ClassicWidgetB,73,2011-12-07,30.3,14934,UnitedKingdom,Sports,1108.1
INV008917,SKU0311,ProWidgetF,24,2011-12-07,90.22,18543,UnitedKingdom,Clothing,2140.59
INV008918,SKU0059,StandardWidgetD,77,2011-12-07,85.95,16610,France,Electronics,4826.57
INV008919,SKU0278,BasicWidgetH,44,2011-12-07,30.06,19493,UnitedKingdom,Books,1407.71
INV008920,SKU0102,DeluxeWidgetC,94,2011-12-07,66.26,13087,UnitedKingdom,Books,4906.61
INV008921,SKU0295,ProWidgetF,83,2011-12-07,101.49,16073,UnitedKingdom,Clothing,4097.14
INV008922,SKU0319,StandardWidgetD,41,2011-12-07,48.12,10455,Belgium,Books,1337.99
INV008923,SKU0486,ProWidgetF,74,2011-12-07,17.52,15853,France,Toys,3955.56
INV008924,SKU0340,BasicWidgetH,51,2011-12-07,92.48,13250,Netherlands,Clothing,249.95
INV008925,SKU0150,BasicWidgetH,42,2011-12-07,34.01,19349,Germany,Books,2740.77
INV008926,SKU0156,BudgetWidgetE,78,2011-12-07,102.38,10257,Australia,Food,1787.39
INV008927,SKU0205,ClassicWidgetB,40,2011-12-07,126.0,10481,Spain,Books,2135.25
INV008928,SKU0473,ClassicWidgetB,48,2011-12-08,18.94,14730,Belgium,Toys,2364.8
INV008929,SKU0178,BasicWidgetH,84,2011-12-08,65.92,11396,Germany,Sports,2514.06
INV008930,SKU0196,ProWidgetF,4,2011-12-08,67.02,15418,France,Food,3282.4
INV008931,SKU0222,BasicWidgetH,60,2011-12-08,95.06,15171,Spain,Electronics,3484.19
INV008932,SKU0088,ClassicWidgetB,39,2011-12-08,50.49,16073,UnitedKingdom,Books,4878.54
INV008933,SKU0286,PremiumWidgetA,5,2011-12-08,63.08,17059,France,Electronics,3814.13
INV008934,SKU0433,ProWidgetF,96,2011-12-08,2.29,16455,Belgium,Electronics,3439.3
INV008935,SKU0275,BudgetWidgetE,6,2011-12-08,18.8,16202,Belgium,Books,1962.9
INV008936,SKU0235,EliteWidgetG,14,2011-12-08,85.69,16178,Netherlands,Food,589.92
INV008937,SKU0182,ProWidgetF,70,2011-12-08,32.78,10647,Australia,Electronics,294.88
INV008938,SKU0208,ProWidgetF,78,2011-12-08,22.11,11611,Netherlands,Toys,2388.95
INV008939,SKU0492,ClassicWidgetB,12,2011-12-08,49.0,13884,UnitedKingdom,Clothing,3341.62
INV008940,SKU0129,BudgetWidgetE,62,2011-12-08,24.95,14982,France,Food,3251.15
INV008941,SKU0152,ProWidgetF,27,2011-12-08,9.41,13586,France,Toys,4764.35
INV008942,SKU0012,ClassicWidgetB,54,2011-12-08,42.94,17673,UnitedKingdom,HomeGarden,1912.77
INV008943,SKU0121,BasicWidgetH,90,2011-12-08,25.07,16080,UnitedKingdom,Clothing,3139.29
INV008944,SKU0358,DeluxeWidgetC,12,2011-12-08,120.01,10758,Australia,Food,4439.48
INV008945,SKU0219,BudgetWidgetE,8,2011-12-08,9.87,10632,Netherlands,Books,2020.98
INV008946,SKU0105,StandardWidgetD,74,2011-12-08,112.24,17848,UnitedKingdom,Clothing,2389.24
INV008947,SKU0374,PremiumWidgetA,16,2011-12-08,57.73,10329,UnitedKingdom,Toys,4614.94
INV008948,SKU0069,StandardWidgetD,52,2011-12-08,101.46,15446,Netherlands,Food,2751.66
INV008949,SKU0194,EliteWidgetG,26,2011-12-08,8.38,18201,UnitedKingdom,HomeGarden,3998.25
INV008950,SKU0185,BasicWidgetH,8,2011-12-08,138.15,10984,Spain,Food,4678.18
INV008951,SKU0098,BudgetWidgetE,45,2011-12-08,115.22,10668,Australia,Clothing,2855.72
INV008952,SKU0081,ProWidgetF,93,2011-12-09,21.45,10441,Australia,Food,546.83
INV008953,SKU0074,ClassicWidgetB,84,2011-12-09,33.21,12925,Belgium,Electronics,4108.68
INV008954,SKU0373,EliteWidgetG,81,2011-12-09,96.78,14020,Netherlands,Food,4089.09
INV008955,SKU0339,BudgetWidgetE,19,2011-12-09,138.27,15677,Belgium,Books,575.81
INV008956,SKU0191,PremiumWidgetA,17,2011-12-09,67.15,18465,Germany,Electronics,2741.04
INV008957,SKU0324,BudgetWidgetE,65,2011-12-09,73.1,14713,Australia,Food,2435.94
INV008958,SKU0466,EliteWidgetG,29,2011-12-09,36.05,19218,France,Electronics,4235.97
INV008959,SKU0213,ClassicWidgetB,14,2011-12-09,57.76,12373,France,Books,1373.86
INV008960,SKU0314,StandardWidgetD,17,2011-12-09,43.26,19749,Germany,Books,2131.96
INV008961,SKU0443,DeluxeWidgetC,13,2011-12-09,52.91,13126,Australia,Sports,3024.35
INV008962,SKU0466,StandardWidgetD,93,2011-12-09,3.58,12933,Belgium,HomeGarden,2586.71
INV008963,SKU0381,ClassicWidgetB,98,2011-12-09,6.64,18639,UnitedKingdom,Food,4775.22
INV008964,SKU0366,EliteWidgetG,91,2011-12-09,102.26,13368,Spain,Electronics,4803.33
INV008965,SKU0317,ClassicWidgetB,63,2011-12-09,102.43,16516,Germany,Toys,408.78
INV008966,SKU0143,BasicWidgetH,33,2011-12-09,49.87,13806,UnitedKingdom,Electronics,1489.94
INV008967,SKU0383,PremiumWidgetA,29,2011-12-09,132.88,15255,Spain,Food,38.67
INV008968,SKU0215,BudgetWidgetE,37,2011-12-09,40.28,18066,France,Books,2089.88
INV008969,SKU0360,BasicWidgetH,83,2011-12-09,59.67,18261,Spain,Books,3311.03
INV008970,SKU0323,BudgetWidgetE,46,2011-12-09,109.84,14585,Germany,Food,2356.95
INV008971,SKU0014,StandardWidgetD,24,2011-12-09,111.66,14598,Australia,Food,336.84
INV008972,SKU0216,EliteWidgetG,14,2011-12-09,129.24,15817,France,Clothing,980.59
INV008973,SKU0491,DeluxeWidgetC,5,2011-12-09,4.84,10116,Australia,Electronics,867.28
INV008974,SKU0438,DeluxeWidgetC,53,2011-12-09,27.97,11813,UnitedKingdom,Electronics,2556.13
INV008975,SKU0034,PremiumWidgetA,88,2011-12-09,96.27,10903,Australia,Books,3388.72
INV008976,SKU0182,ClassicWidgetB,98,2011-12-10,51.06,18685,Spain,Toys,1582.31
INV008977,SKU0269,PremiumWidgetA,95,2011-12-10,7.01,16205,Germany,Toys,653.17
INV008978,SKU0432,BudgetWidgetE,30,2011-12-10,88.18,13858,UnitedKingdom,Electronics,3993.19
INV008979,SKU0466,ProWidgetF,60,2011-12-10,59.26,12683,Germany,HomeGarden,4291.95
INV008980,SKU0357,ProWidgetF,73,2011-12-10,54.93,14175,Spain,Sports,1383.16
INV008981,SKU0099,ProWidgetF,91,2011-12-10,40.02,13730,UnitedKingdom,Books,2104.32
INV008982,SKU0006,ClassicWidgetB,28,2011-12-10,1.4,16628,Belgium,Books,410.57
INV008983,SKU0029,PremiumWidgetA,26,2011-12-10,27.76,15141,Belgium,Electronics,1139.26
INV008984,SKU0466,BasicWidgetH,18,2011-12-10,71.4,15443,Germany,Food,3835.23
INV008985,SKU0304,EliteWidgetG,36,2011-12-10,41.72,11540,France,Toys,1826.62
INV008986,SKU0472,StandardWidgetD,8,2011-12-10,131.22,18088,Belgium,Sports,3023.86
INV008987,SKU0143,BudgetWidgetE,18,2011-12-10,21.88,17959,Germany,Sports,4730.98
INV008988,SKU0110,ProWidgetF,84,2011-12-10,131.36,10625,France,Toys,3618.47
INV008989,SKU0231,EliteWidgetG,58,2011-12-10,61.02,15972,Spain,Books,2267.81
INV008990,SKU0178,DeluxeWidgetC,32,2011-12-10,41.74,16162,Netherlands,Books,1835.03
INV008991,SKU0071,BasicWidgetH,93,2011-12-10,45.99,16797,Australia,Books,953.44
INV008992,SKU0209,PremiumWidgetA,49,2011-12-10,49.85,14858,Belgium,HomeGarden,3780.94
INV008993,SKU0219,BudgetWidgetE,48,2011-12-10,76.23,10837,UnitedKingdom,Electronics,563.01
INV008994,SKU0079,BudgetWidgetE,82,2011-12-10,53.41,12015,Australia,HomeGarden,307.91
INV008995,SKU0499,DeluxeWidgetC,71,2011-12-10,97.26,15156,Spain,Books,525.04
INV008996,SKU0082,BasicWidgetH,65,2011-12-10,64.06,18263,France,Sports,1215.28
INV008997,SKU0041,DeluxeWidgetC,92,2011-12-10,100.91,17234,Belgium,Electronics,3135.99
INV008998,SKU0272,DeluxeWidgetC,33,2011-12-10,90.86,14748,France,Electronics,4306.79
INV008999,SKU0190,ProWidgetF,50,2011-12-10,37.05,10063,France,Toys,4963.12
INV009000,SKU0172,BasicWidgetH,4,2011-12-11,122.01,18221,Germany,Books,3657.69
INV009001,SKU0460,ProWidgetF,84,2011-12-11,119.95,14652,Australia,Books,730.74
INV009002,SKU0006,PremiumWidgetA,36,2011-12-11,148.35,16789,Belgium,Books,1389.25
INV009003,SKU0154,DeluxeWidgetC,95,2011-12-11,26.67,17183,France,Books,660.8
INV009004,SKU0009,StandardWidgetD,28,2011-12-11,127.25,12325,Netherlands,Food,578.64
INV009005,SKU0033,BudgetWidgetE,3,2011-12-11,130.86,15850,Spain,Food,2839.1
INV009006,SKU0035,BasicWidgetH,6,2011-12-11,96.5,14372,France,Books,4533.71
INV009007,SKU0408,DeluxeWidgetC,45,2011-12-11,76.2,16364,Belgium,Food,3421.95
INV009008,SKU0005,BasicWidgetH,23,2011-12-11,143.61,14765,Australia,Books,4003.45
INV009009,SKU0407,BudgetWidgetE,7,2011-12-11,145.92,17191,France,Electronics,2540.98
INV009010,SKU0401,ClassicWidgetB,61,2011-12-11,96.43,12879,France,HomeGarden,2377.13
INV009011,SKU0214,EliteWidgetG,65,2011-12-11,54.25,12188,UnitedKingdom,Sports,4687.49
INV009012,SKU0133,ClassicWidgetB,6,2011-12-11,122.67,12781,France,Food,3610.1
INV009013,SKU0284,DeluxeWidgetC,24,2011-12-11,13.84,12145,Australia,Books,2297.25
INV009014,SKU0125,BudgetWidgetE,37,2011-12-11,43.94,10275,Spain,Sports,1663.58
INV009015,SKU0408,EliteWidgetG,45,2011-12-11,147.84,11266,UnitedKingdom,Toys,466.54
INV009016,SKU0438,ClassicWidgetB,51,2011-12-11,122.24,16576,UnitedKingdom,Electronics,4105.09
INV009017,SKU0336,DeluxeWidgetC,88,2011-12-11,140.97,14104,France,Sports,847.45
INV009018,SKU0173,BudgetWidgetE,45,2011-12-11,89.42,12319,France,Electronics,2575.56
INV009019,SKU0151,DeluxeWidgetC,63,2011-12-11,61.45,10031,Netherlands,Clothing,3186.76
INV009020,SKU0330,ProWidgetF,29,2011-12-11,146.96,10851,Belgium,HomeGarden,3720.65
INV009021,SKU0025,BudgetWidgetE,96,2011-12-11,46.76,18796,Belgium,Clothing,417.63
INV009022,SKU0382,ClassicWidgetB,25,2011-12-11,113.73,15868,Australia,Electronics,54.42
INV009023,SKU0114,DeluxeWidgetC,10,2011-12-11,83.95,17720,Spain,Food,3530.34
INV009024,SKU0381,BasicWidgetH,35,2011-12-12,34.66,11807,Belgium,Toys,2272.5
INV009025,SKU0481,ClassicWidgetB,55,2011-12-12,3.11,16195,Australia,Clothing,906.5
INV009026,SKU0283,DeluxeWidgetC,25,2011-12-12,57.87,16331,Germany,Electronics,4910.16
INV009027,SKU0386,BasicWidgetH,91,2011-12-12,82.38,16063,Spain,Clothing,3956.98
INV009028,SKU0074,BasicWidgetH,45,2011-12-12,27.89,17411,Germany,Electronics,2892.99
INV009029,SKU0165,PremiumWidgetA,96,2011-12-12,62.48,13562,Australia,HomeGarden,3510.83
INV009030,SKU0188,BasicWidgetH,12,2011-12-12,92.47,13198,France,Toys,775.96
INV009031,SKU0077,ClassicWidgetB,4,2011-12-12,107.38,14504,UnitedKingdom,HomeGarden,4811.16
INV009032,SKU0434,ClassicWidgetB,90,2011-12-12,8.39,17985,Netherlands,HomeGarden,4981.84
INV009033,SKU0089,StandardWidgetD,67,2011-12-12,99.8,16734,France,Electronics,3242.58
INV009034,SKU0175,EliteWidgetG,17,2011-12-12,8.97,16989,Spain,Sports,3341.89
INV009035,SKU0020,ProWidgetF,73,2011-12-12,4.71,12947,Spain,Clothing,3522.59
INV009036,SKU0053,ClassicWidgetB,93,2011-12-12,23.29,14123,UnitedKingdom,Food,3329.27
INV009037,SKU0183,BudgetWidgetE,65,2011-12-12,98.22,14783,Spain,Clothing,2193.27
INV009038,SKU0358,EliteWidgetG,82,2011-12-12,8.4,15599,Australia,Clothing,2703.84
INV009039,SKU0221,BasicWidgetH,53,2011-12-12,3.62,10071,Belgium,Toys,1414.35
INV009040,SKU0314,DeluxeWidgetC,84,2011-12-12,18.13,19328,Spain,Clothing,2234.79
INV009041,SKU0327,PremiumWidgetA,57,2011-12-12,142.48,15516,France,HomeGarden,2181.08
INV009042,SKU0178,BudgetWidgetE,98,2011-12-12,136.14,18234,Spain,Sports,1441.41
INV009043,SKU0275,EliteWidgetG,28,2011-12-12,13.43,14360,Netherlands,Clothing,3933.74
INV009044,SKU0111,BudgetWidgetE,99,2011-12-12,45.95,11831,Belgium,Sports,2048.95
INV009045,SKU0223,BudgetWidgetE,16,2011-12-12,142.12,10045,Spain,Electronics,2759.02
INV009046,SKU0213,BudgetWidgetE,21,2011-12-12,15.1,18174,Belgium,Electronics,781.3
INV009047,SKU0058,EliteWidgetG,77,2011-12-12,14.64,17392,Germany,Toys,2375.36
INV009048,SKU0326,PremiumWidgetA,99,2011-12-13,13.36,16071,UnitedKingdom,Clothing,3807.52
INV009049,SKU0392,BasicWidgetH,42,2011-12-13,146.48,11675,France,Books,2223.18
INV009050,SKU0108,StandardWidgetD,54,2011-12-13,111.59,17268,Netherlands,Toys,2789.15
INV009051,SKU0384,ProWidgetF,32,2011-12-13,32.57,16381,France,HomeGarden,3508.83
INV009052,SKU0156,BasicWidgetH,38,2011-12-13,7.37,16744,Australia,Toys,1945.49
INV009053,SKU0190,ClassicWidgetB,70,2011-12-13,144.8,19461,UnitedKingdom,Clothing,1767.06
INV009054,SKU0199,EliteWidgetG,38,2011-12-13,64.11,16834,Australia,HomeGarden,429.62
INV009055,SKU0311,BudgetWidgetE,54,2011-12-13,89.96,13023,Spain,Clothing,2911.78
INV009056,SKU0195,BasicWidgetH,60,2011-12-13,42.24,12790,Australia,HomeGarden,3535.09
INV009057,SKU0034,ClassicWidgetB,77,2011-12-13,113.87,16343,Spain,Food,2906.68
INV009058,SKU0378,EliteWidgetG,77,2011-12-13,29.92,11012,Germany,Books,1418.34
INV009059,SKU0386,ClassicWidgetB,47,2011-12-13,118.14,14589,Australia,Books,1312.42
INV009060,SKU0245,BudgetWidgetE,12,2011-12-13,34.98,13507,Netherlands,Toys,798.28
INV009061,SKU0236,StandardWidgetD,53,2011-12-13,15.14,14802,UnitedKingdom,Electronics,235.91
INV009062,SKU0103,EliteWidgetG,33,2011-12-13,72.08,12071,Germany,Toys,2134.96
INV009063,SKU0006,ClassicWidgetB,28,2011-12-13,122.08,17530,Belgium,Clothing,803.44
INV009064,SKU0282,DeluxeWidgetC,3,2011-12-13,58.04,12317,France,Books,3454.3
INV009065,SKU0000,ClassicWidgetB,82,2011-12-13,4.82,15347,Australia,Books,4808.7
INV009066,SKU0218,ProWidgetF,26,2011-12-13,83.22,12175,France,Toys,368.33
INV009067,SKU0463,BudgetWidgetE,54,2011-12-13,102.23,19978,Germany,Clothing,4464.89
INV009068,SKU0229,PremiumWidgetA,40,2011-12-13,111.23,12372,France,Toys,3288.92
INV009069,SKU0454,ClassicWidgetB,66,2011-12-13,60.59,16802,Netherlands,Food,4301.53
INV009070,SKU0171,StandardWidgetD,68,2011-12-13,15.0,15225,Germany,Toys,775.64
INV009071,SKU0086,DeluxeWidgetC,92,2011-12-13,87.86,19652,UnitedKingdom,Toys,4532.5
INV009072,SKU0040,DeluxeWidgetC,92,2011-12-14,49.77,16228,UnitedKingdom,Clothing,4789.4
INV009073,SKU0122,PremiumWidgetA,89,2011-12-14,142.06,15121,Belgium,Electronics,4533.66
INV009074,SKU0330,BasicWidgetH,90,2011-12-14,75.66,18050,UnitedKingdom,Books,3927.71
INV009075,SKU0297,ProWidgetF,47,2011-12-14,71.1,17732,UnitedKingdom,HomeGarden,452.43
INV009076,SKU0372,PremiumWidgetA,2,2011-12-14,46.73,19656,Germany,Clothing,1104.43
INV009077,SKU0416,ProWidgetF,42,2011-12-14,51.15,15144,Germany,Clothing,4565.76
INV009078,SKU0177,ClassicWidgetB,34,2011-12-14,77.16,19250,Spain,Clothing,1147.89
INV009079,SKU0062,BudgetWidgetE,94,2011-12-14,46.35,16812,Germany,Toys,1739.22
INV009080,SKU0483,StandardWidgetD,21,2011-12-14,133.9,19163,Australia,Toys,253.33
INV009081,SKU0164,DeluxeWidgetC,44,2011-12-14,66.13,17824,Spain,Clothing,3140.84
INV009082,SKU0488,PremiumWidgetA,87,2011-12-14,44.16,15455,Germany,Books,2816.94
INV009083,SKU0186,StandardWidgetD,97,2011-12-14,23.73,12504,Germany,HomeGarden,4808.9
INV009084,SKU0382,ProWidgetF,2,2011-12-14,101.02,19090,Belgium,Electronics,4461.83
INV009085,SKU0208,BudgetWidgetE,91,2011-12-14,4.36,11502,Germany,Sports,2530.21
INV009086,SKU0226,DeluxeWidgetC,59,2011-12-14,67.77,17042,UnitedKingdom,Books,3047.08
INV009087,SKU0431,DeluxeWidgetC,86,2011-12-14,82.74,18534,Netherlands,Books,2066.57
INV009088,SKU0388,ProWidgetF,98,2011-12-14,51.3,13860,UnitedKingdom,Food,663.16
INV009089,SKU0047,BudgetWidgetE,16,2011-12-14,112.6,17858,Spain,Sports,4339.09
INV009090,SKU0223,DeluxeWidgetC,20,2011-12-14,101.51,17519,Belgium,Sports,2748.14
INV009091,SKU0002,BudgetWidgetE,26,2011-12-14,145.72,12860,Netherlands,Clothing,2127.54
INV009092,SKU0371,DeluxeWidgetC,16,2011-12-14,76.56,11248,Belgium,HomeGarden,343.26
INV009093,SKU0174,ClassicWidgetB,70,2011-12-14,80.9,17083,Netherlands,Books,3327.25
INV009094,SKU0445,ProWidgetF,23,2011-12-14,37.25,19400,Belgium,Books,1998.92
INV009095,SKU0098,BudgetWidgetE,42,2011-12-14,58.13,15010,Netherlands,Electronics,1269.23
INV009096,SKU0115,StandardWidgetD,37,2011-12-15,4.52,16305,Belgium,Sports,4383.89
INV009097,SKU0269,BasicWidgetH,72,2011-12-15,103.55,15762,Spain,Sports,918.98
INV009098,SKU0446,ClassicWidgetB,6,2011-12-15,47.09,14390,Spain,Books,2575.58
INV009099,SKU0367,EliteWidgetG,37,2011-12-15,81.28,12139,UnitedKingdom,Sports,3978.98
INV009100,SKU0252,StandardWidgetD,22,2011-12-15,38.62,19802,Australia,Clothing,4245.52
INV009101,SKU0316,ProWidgetF,6,2011-12-15,93.34,17335,Belgium,Electronics,4093.71
INV009102,SKU0414,DeluxeWidgetC,32,2011-12-15,67.41,18748,France,Books,4483.24
INV009103,SKU0094,EliteWidgetG,17,2011-12-15,72.54,16118,Australia,Toys,712.64
INV009104,SKU0272,StandardWidgetD,38,2011-12-15,141.42,13994,UnitedKingdom,Electronics,4702.35
INV009105,SKU0379,ClassicWidgetB,17,2011-12-15,106.07,11152,Netherlands,Toys,55.0
INV009106,SKU0023,EliteWidgetG,37,2011-12-15,39.65,13744,France,Food,1280.26
INV009107,SKU0115,EliteWidgetG,23,2011-12-15,75.84,13621,Australia,Clothing,421.11
INV009108,SKU0150,BudgetWidgetE,49,2011-12-15,70.27,15890,Belgium,Electronics,4727.72
INV009109,SKU0337,PremiumWidgetA,61,2011-12-15,119.36,19164,Spain,Toys,2120.25
INV009110,SKU0049,StandardWidgetD,49,2011-12-15,125.09,13907,Belgium,Sports,1577.03
INV009111,SKU0205,PremiumWidgetA,61,2011-12-15,42.87,13728,Spain,Books,836.27
INV009112,SKU0497,ProWidgetF,77,2011-12-15,123.26,17747,Germany,Electronics,779.93
INV009113,SKU0334,StandardWidgetD,32,2011-12-15,27.34,13066,Spain,HomeGarden,3070.04
INV009114,SKU0078,StandardWidgetD,86,2011-12-15,114.53,19483,Australia,Books,236.37
INV009115,SKU0069,BudgetWidgetE,63,2011-12-15,37.69,12860,UnitedKingdom,Electronics,2972.06
INV009116,SKU0026,DeluxeWidgetC,7,2011-12-15,45.04,10163,France,Books,3873.47
INV009117,SKU0270,ClassicWidgetB,22,2011-12-15,127.94,11714,Germany,Toys,3005.47
INV009118,SKU0049,ClassicWidgetB,85,2011-12-15,63.3,13462,Belgium,Electronics,4133.07
INV009119,SKU0291,ClassicWidgetB,6,2011-12-15,148.59,11440,Spain,Electronics,1327.03
INV009120,SKU0246,BasicWidgetH,61,2011-12-16,23.22,15313,Spain,Sports,386.78
INV009121,SKU0263,ProWidgetF,14,2011-12-16,69.77,18992,Belgium,Electronics,3605.23
INV009122,SKU0078,EliteWidgetG,16,2011-12-16,110.0,16227,France,HomeGarden,4140.82
INV009123,SKU0386,DeluxeWidgetC,3,2011-12-16,1.3,12660,France,Sports,2508.88
INV009124,SKU0189,PremiumWidgetA,9,2011-12-16,23.2,11690,Belgium,HomeGarden,4103.26
INV009125,SKU0046,ClassicWidgetB,47,2011-12-16,3.54,10233,Australia,Toys,2290.14
INV009126,SKU0460,BasicWidgetH,85,2011-12-16,148.94,11876,Spain,HomeGarden,993.44
INV009127,SKU0360,PremiumWidgetA,94,2011-12-16,114.21,19153,Netherlands,Food,2372.5
INV009128,SKU0353,DeluxeWidgetC,94,2011-12-16,56.35,13370,Spain,Clothing,1080.54
INV009129,SKU0471,ProWidgetF,42,2011-12-16,23.86,16339,Australia,HomeGarden,2360.69
INV009130,SKU0487,DeluxeWidgetC,42,2011-12-16,14.01,15109,Germany,Electronics,738.61
INV009131,SKU0351,BudgetWidgetE,96,2011-12-16,80.02,11045,UnitedKingdom,Books,928.62
INV009132,SKU0188,EliteWidgetG,23,2011-12-16,146.4,16091,Spain,Sports,4414.68
INV009133,SKU0415,ClassicWidgetB,3,2011-12-16,101.35,14481,Australia,Sports,580.18
INV009134,SKU0255,ProWidgetF,1,2011-12-16,55.09,14459,Netherlands,Sports,1122.15
INV009135,SKU0221,BudgetWidgetE,67,2011-12-16,75.38,18033,Netherlands,Books,4977.6
INV009136,SKU0371,ClassicWidgetB,71,2011-12-16,149.84,16417,Australia,HomeGarden,2880.52
INV009137,SKU0240,DeluxeWidgetC,3,2011-12-16,78.06,11407,Germany,Toys,2929.51
INV009138,SKU0268,DeluxeWidgetC,49,2011-12-16,144.65,10207,Netherlands,Food,4225.01
INV009139,SKU0000,BasicWidgetH,67,2011-12-16,2.95,14370,Netherlands,Clothing,2622.07
INV009140,SKU0033,StandardWidgetD,55,2011-12-16,108.28,17150,Spain,Electronics,1109.69
INV009141,SKU0445,StandardWidgetD,4,2011-12-16,94.26,19944,Spain,Toys,2112.91
INV009142,SKU0078,DeluxeWidgetC,31,2011-12-16,102.96,18687,Belgium,Sports,3775.25
INV009143,SKU0235,DeluxeWidgetC,66,2011-12-16,85.8,10901,Germany,Electronics,4362.37
INV009144,SKU0333,PremiumWidgetA,78,2011-12-17,7.1,17083,Germany,HomeGarden,1366.75
INV009145,SKU0376,BasicWidgetH,64,2011-12-17,22.86,11749,Germany,Food,1310.61
INV009146,SKU0348,EliteWidgetG,31,2011-12-17,138.38,18651,Belgium,Toys,1638.71
INV009147,SKU0097,PremiumWidgetA,63,2011-12-17,35.32,14489,Germany,Food,2981.46
INV009148,SKU0081,EliteWidgetG,66,2011-12-17,148.94,19108,Australia,Clothing,1393.27
INV009149,SKU0454,BudgetWidgetE,31,2011-12-17,102.1,16582,Australia,Food,4465.79
INV009150,SKU0476,StandardWidgetD,47,2011-12-17,66.93,18030,France,Sports,4890.06
INV009151,SKU0414,StandardWidgetD,22,2011-12-17,138.05,14734,Belgium,Food,3395.92
INV009152,SKU0191,BasicWidgetH,74,2011-12-17,119.35,14665,France,HomeGarden,4851.53
INV009153,SKU0252,DeluxeWidgetC,94,2011-12-17,64.63,12194,Belgium,Toys,1439.96
INV009154,SKU0408,DeluxeWidgetC,97,2011-12-17,10.75,17126,France,Clothing,4076.04
INV009155,SKU0037,BudgetWidgetE,83,2011-12-17,130.31,10959,Netherlands,Toys,3392.54
INV009156,SKU0013,ProWidgetF,46,2011-12-17,114.87,18585,Germany,Sports,1316.7
INV009157,SKU0391,ProWidgetF,89,2011-12-17,118.71,14538,Australia,HomeGarden,1592.72
INV009158,SKU0346,BasicWidgetH,58,2011-12-17,111.86,14058,Australia,Electronics,2443.64
INV009159,SKU0309,ProWidgetF,61,2011-12-17,41.73,14842,Germany,Toys,3958.43
INV009160,SKU0385,StandardWidgetD,46,2011-12-17,128.9,12177,France,Books,4361.24
INV009161,SKU0208,PremiumWidgetA,1,2011-12-17,0.83,11799,Spain,Sports,3170.1
INV009162,SKU0356,ProWidgetF,96,2011-12-17,35.97,17570,Belgium,Clothing,3608.16
INV009163,SKU0461,ClassicWidgetB,25,2011-12-17,7.46,18696,Netherlands,Clothing,1319.98
INV009164,SKU0088,BasicWidgetH,61,2011-12-17,17.03,10719,Australia,Books,3705.62
INV009165,SKU0055,BudgetWidgetE,81,2011-12-17,80.09,11987,UnitedKingdom,Books,3025.29
INV009166,SKU0093,ProWidgetF,14,2011-12-17,6.07,15773,Netherlands,HomeGarden,1115.38
INV009167,SKU0092,ClassicWidgetB,45,2011-12-17,27.62,19066,Netherlands,Books,4750.98
INV009168,SKU0339,ProWidgetF,77,2011-12-18,35.29,12878,France,Sports,2564.79
INV009169,SKU0084,PremiumWidgetA,39,2011-12-18,98.47,18825,Germany,Toys,3972.52
INV009170,SKU0444,PremiumWidgetA,66,2011-12-18,70.59,12420,Belgium,Books,2628.54
INV009171,SKU0244,ProWidgetF,32,2011-12-18,69.03,11324,Belgium,Sports,4664.75
INV009172,SKU0021,BasicWidgetH,96,2011-12-18,115.38,11008,UnitedKingdom,Electronics,707.26
INV009173,SKU0290,BasicWidgetH,58,2011-12-18,68.78,19331,France,Books,2731.23
INV009174,SKU0484,ClassicWidgetB,56,2011-12-18,52.6,10403,Germany,Electronics,126.75
INV009175,SKU0271,BudgetWidgetE,6,2011-12-18,144.39,16233,Belgium,Food,987.77
INV009176,SKU0305,ClassicWidgetB,89,2011-12-18,1.74,18887,UnitedKingdom,Toys,1405.85
INV009177,SKU0121,BudgetWidgetE,67,2011-12-18,46.16,19099,Spain,Clothing,2363.58
INV009178,SKU0127,ProWidgetF,82,2011-12-18,91.6,16772,Spain,Toys,4101.04
INV009179,SKU0112,BudgetWidgetE,50,2011-12-18,117.53,16590,Australia,Food,2333.81
INV009180,SKU0426,DeluxeWidgetC,38,2011-12-18,122.55,10120,UnitedKingdom,Books,2806.37
INV009181,SKU0272,StandardWidgetD,3,2011-12-18,7.39,16460,France,Clothing,4620.35
INV009182,SKU0335,EliteWidgetG,5,2011-12-18,106.52,16281,UnitedKingdom,Toys,3782.91
INV009183,SKU0441,StandardWidgetD,24,2011-12-18,108.18,15862,UnitedKingdom,Electronics,251.97
INV009184,SKU0129,PremiumWidgetA,54,2011-12-18,32.5,12865,UnitedKingdom,Clothing,883.14
INV009185,SKU0131,DeluxeWidgetC,34,2011-12-18,17.36,13731,Australia,Electronics,192.05
INV009186,SKU0084,StandardWidgetD,39,2011-12-18,112.58,13591,Spain,HomeGarden,346.21
INV009187,SKU0422,ProWidgetF,88,2011-12-18,37.8,14486,Spain,Toys,1694.94
INV009188,SKU0481,BudgetWidgetE,92,2011-12-18,0.75,17172,Germany,Toys,3639.56
INV009189,SKU0349,BudgetWidgetE,48,2011-12-18,33.92,12414,UnitedKingdom,Electronics,1222.52
INV009190,SKU0389,ClassicWidgetB,49,2011-12-18,5.14,19032,Belgium,HomeGarden,1962.04
INV009191,SKU0080,ClassicWidgetB,34,2011-12-18,37.75,16635,Netherlands,Clothing,1969.98
INV009192,SKU0486,BasicWidgetH,80,2011-12-19,50.59,12805,Belgium,Electronics,2951.94
INV009193,SKU0472,BudgetWidgetE,7,2011-12-19,41.07,16665,France,HomeGarden,4464.7
INV009194,SKU0324,BasicWidgetH,18,2011-12-19,138.03,15361,Netherlands,Electronics,4916.15
INV009195,SKU0068,ProWidgetF,70,2011-12-19,35.26,11465,Belgium,Sports,3023.45
INV009196,SKU0147,BudgetWidgetE,92,2011-12-19,70.4,10403,Germany,Toys,2525.85
INV009197,SKU0447,ClassicWidgetB,34,2011-12-19,143.64,16570,France,Sports,3409.7
INV009198,SKU0015,StandardWidgetD,51,2011-12-19,131.94,18604,Germany,Clothing,3340.49
INV009199,SKU0306,BasicWidgetH,93,2011-12-19,46.73,19729,Belgium,Sports,2620.21
INV009200,SKU0104,BasicWidgetH,68,2011-12-19,49.31,14249,France,Toys,3685.04
INV009201,SKU0164,PremiumWidgetA,14,2011-12-19,89.2,16346,Spain,Books,2456.87
INV009202,SKU0487,ClassicWidgetB,69,2011-12-19,137.72,18408,Spain,HomeGarden,4982.3
INV009203,SKU0200,ProWidgetF,89,2011-12-19,1.99,16625,Netherlands,Toys,245.94
INV009204,SKU0196,BasicWidgetH,8,2011-12-19,59.27,19216,Netherlands,Toys,2216.63
INV009205,SKU0425,StandardWidgetD,15,2011-12-19,127.54,12813,Belgium,Books,1985.72
INV009206,SKU0184,StandardWidgetD,83,2011-12-19,61.87,10805,Australia,Sports,3851.75
INV009207,SKU0321,StandardWidgetD,59,2011-12-19,108.15,13349,Belgium,Clothing,954.94
INV009208,SKU0264,DeluxeWidgetC,11,2011-12-19,103.94,17361,Belgium,Books,2170.94
INV009209,SKU0362,DeluxeWidgetC,20,2011-12-19,31.22,12816,Belgium,Toys,3490.02
INV009210,SKU0099,EliteWidgetG,55,2011-12-19,67.71,19463,Germany,Food,3016.36
INV009211,SKU0341,StandardWidgetD,36,2011-12-19,85.14,16231,Netherlands,Clothing,2726.06
INV009212,SKU0319,BasicWidgetH,82,2011-12-19,107.46,18625,France,Electronics,2175.34
INV009213,SKU0213,ProWidgetF,14,2011-12-19,123.45,17420,UnitedKingdom,Toys,3760.29
INV009214,SKU0277,BudgetWidgetE,58,2011-12-19,114.11,18620,Belgium,Books,3232.48
INV009215,SKU0161,ProWidgetF,38,2011-12-19,4.73,19379,UnitedKingdom,Electronics,4373.68
INV009216,SKU0438,DeluxeWidgetC,89,2011-12-20,100.76,14257,UnitedKingdom,Books,3665.26
INV009217,SKU0156,ClassicWidgetB,80,2011-12-20,74.85,12312,Australia,Food,702.9
INV009218,SKU0421,BasicWidgetH,82,2011-12-20,86.29,11995,Belgium,HomeGarden,3098.07
INV009219,SKU0250,EliteWidgetG,1,2011-12-20,56.26,14995,Netherlands,Clothing,223.65
INV009220,SKU0365,DeluxeWidgetC,65,2011-12-20,107.25,11742,Germany,Electronics,1937.47
INV009221,SKU0096,BudgetWidgetE,1,2011-12-20,101.25,19534,Germany,Food,2060.28
INV009222,SKU0017,PremiumWidgetA,85,2011-12-20,87.13,11155,Belgium,Sports,4274.56
INV009223,SKU0326,EliteWidgetG,60,2011-12-20,129.31,13204,Belgium,Books,902.68
INV009224,SKU0448,DeluxeWidgetC,25,2011-12-20,15.73,18585,Australia,Toys,3218.06
INV009225,SKU0382,ProWidgetF,91,2011-12-20,45.5,16763,France,Electronics,962.74
INV009226,SKU0096,EliteWidgetG,10,2011-12-20,74.52,16947,Spain,Food,4743.4
INV009227,SKU0000,BasicWidgetH,50,2011-12-20,143.81,17202,Belgium,Food,2647.96
INV009228,SKU0215,ProWidgetF,12,2011-12-20,11.26,14817,Netherlands,Books,3541.36
INV009229,SKU0131,StandardWidgetD,92,2011-12-20,50.89,12040,Netherlands,Books,3233.08
INV009230,SKU0259,StandardWidgetD,32,2011-12-20,138.92,12078,France,Books,1518.89
INV009231,SKU0124,StandardWidgetD,33,2011-12-20,134.74,12864,France,Electronics,4506.09
INV009232,SKU0081,EliteWidgetG,72,2011-12-20,129.85,15829,Netherlands,Electronics,3136.62
INV009233,SKU0282,PremiumWidgetA,26,2011-12-20,46.6,16249,Netherlands,Books,2552.08
INV009234,SKU0170,BudgetWidgetE,42,2011-12-20,127.1,17442,UnitedKingdom,Sports,2642.28
INV009235,SKU0058,BasicWidgetH,50,2011-12-20,76.05,15215,Belgium,Toys,4453.56
INV009236,SKU0031,EliteWidgetG,61,2011-12-20,93.16,15112,Belgium,Clothing,296.54
INV009237,SKU0160,ClassicWidgetB,41,2011-12-20,36.2,16937,Belgium,Food,1945.92
INV009238,SKU0283,BasicWidgetH,57,2011-12-20,106.15,14256,Germany,Books,4208.3
INV009239,SKU0105,ProWidgetF,2,2011-12-20,49.49,19521,UnitedKingdom,Sports,188.54
INV009240,SKU0104,ProWidgetF,99,2011-12-21,51.91,19838,UnitedKingdom,Clothing,3196.27
INV009241,SKU0438,EliteWidgetG,98,2011-12-21,95.7,17891,Germany,Books,2016.92
INV009242,SKU0227,EliteWidgetG,70,2011-12-21,36.35,16339,Australia,Food,1023.71
INV009243,SKU0187,BudgetWidgetE,31,2011-12-21,34.05,12385,Spain,Clothing,3057.41
INV009244,SKU0069,PremiumWidgetA,23,2011-12-21,55.69,15429,Australia,Books,4155.47
INV009245,SKU0317,EliteWidgetG,76,2011-12-21,116.82,15298,Australia,Electronics,2337.23
INV009246,SKU0463,StandardWidgetD,54,2011-12-21,34.09,13305,Australia,Books,734.54
INV009247,SKU0289,BudgetWidgetE,28,2011-12-21,118.2,13320,France,Books,1531.45
INV009248,SKU0086,ClassicWidgetB,79,2011-12-21,104.49,16275,UnitedKingdom,Books,4906.78
INV009249,SKU0369,StandardWidgetD,19,2011-12-21,102.02,16392,France,Books,556.35
INV009250,SKU0361,ClassicWidgetB,76,2011-12-21,71.48,13526,Belgium,Sports,804.41
INV009251,SKU0471,DeluxeWidgetC,48,2011-12-21,112.01,16642,France,HomeGarden,4950.9
INV009252,SKU0055,ClassicWidgetB,2,2011-12-21,2.52,14914,Germany,Sports,4410.63
INV009253,SKU0112,StandardWidgetD,11,2011-12-21,46.19,19463,Australia,Sports,3535.94
INV009254,SKU0012,DeluxeWidgetC,44,2011-12-21,102.03,11287,Netherlands,Electronics,755.77
INV009255,SKU0439,StandardWidgetD,59,2011-12-21,148.1,14944,Australia,Books,1203.51
INV009256,SKU0017,ProWidgetF,59,2011-12-21,0.88,10360,UnitedKingdom,Sports,901.73
INV009257,SKU0181,StandardWidgetD,38,2011-12-21,76.74,11974,France,Clothing,3155.14
INV009258,SKU0460,DeluxeWidgetC,25,2011-12-21,138.61,13464,UnitedKingdom,Books,1994.95
INV009259,SKU0112,ClassicWidgetB,21,2011-12-21,129.6,12226,France,Electronics,239.85
INV009260,SKU0228,ProWidgetF,42,2011-12-21,3.96,15044,France,Toys,1457.17
INV009261,SKU0170,PremiumWidgetA,36,2011-12-21,79.67,15625,France,Toys,4303.41
INV009262,SKU0294,PremiumWidgetA,9,2011-12-21,1.14,11850,Netherlands,Electronics,3980.42
INV009263,SKU0188,BasicWidgetH,12,2011-12-21,118.54,15932,Belgium,Food,3215.42
INV009264,SKU0425,PremiumWidgetA,10,2011-12-22,46.68,13905,Australia,Clothing,428.63
INV009265,SKU0464,PremiumWidgetA,59,2011-12-22,114.96,13775,France,Toys,4414.07
INV009266,SKU0078,BudgetWidgetE,5,2011-12-22,141.75,10817,Germany,Electronics,2673.05
INV009267,SKU0145,PremiumWidgetA,33,2011-12-22,146.42,12146,Spain,Toys,2473.39
INV009268,SKU0406,DeluxeWidgetC,69,2011-12-22,134.17,17774,Spain,Books,4670.38
INV009269,SKU0181,EliteWidgetG,80,2011-12-22,31.02,18372,France,HomeGarden,45.21
INV009270,SKU0498,PremiumWidgetA,63,2011-12-22,29.59,17096,Australia,HomeGarden,2779.93
INV009271,SKU0285,StandardWidgetD,29,2011-12-22,94.05,17833,Australia,Sports,3956.43
INV009272,SKU0249,EliteWidgetG,18,2011-12-22,81.84,14469,Belgium,Electronics,319.39
INV009273,SKU0353,PremiumWidgetA,93,2011-12-22,1.93,15955,Belgium,Food,1786.5
INV009274,SKU0313,EliteWidgetG,6,2011-12-22,59.06,14719,Netherlands,Books,4887.45
INV009275,SKU0195,ClassicWidgetB,53,2011-12-22,136.05,17850,France,Clothing,1059.72
INV009276,SKU0322,DeluxeWidgetC,82,2011-12-22,134.8,16014,Germany,Clothing,2656.37
INV009277,SKU0070,DeluxeWidgetC,32,2011-12-22,30.98,14958,Netherlands,Books,3730.6
INV009278,SKU0247,BasicWidgetH,42,2011-12-22,57.6,16265,Netherlands,Books,1952.48
INV009279,SKU0145,EliteWidgetG,47,2011-12-22,84.27,10441,France,Clothing,2039.96
INV009280,SKU0105,BasicWidgetH,31,2011-12-22,127.99,17884,France,Electronics,317.28
INV009281,SKU0262,ProWidgetF,62,2011-12-22,80.03,19854,Netherlands,Toys,951.28
INV009282,SKU0295,BudgetWidgetE,56,2011-12-22,145.25,17658,Netherlands,Sports,4403.17
INV009283,SKU0069,StandardWidgetD,11,2011-12-22,119.96,19062,Netherlands,Sports,4091.77
INV009284,SKU0469,EliteWidgetG,26,2011-12-22,142.99,13212,UnitedKingdom,Sports,1523.89
INV009285,SKU0192,DeluxeWidgetC,92,2011-12-22,109.86,19848,Netherlands,Books,1909.17
INV009286,SKU0067,BasicWidgetH,27,2011-12-22,131.7,11896,Australia,Clothing,2202.61
INV009287,SKU0493,ClassicWidgetB,83,2011-12-22,124.74,11089,Spain,Food,1730.37
INV009288,SKU0304,PremiumWidgetA,57,2011-12-23,38.45,18674,Germany,Food,3269.9
INV009289,SKU0051,DeluxeWidgetC,27,2011-12-23,34.82,10308,Germany,Clothing,65.13
INV009290,SKU0369,ClassicWidgetB,59,2011-12-23,129.73,18784,Spain,Clothing,4400.96
INV009291,SKU0362,PremiumWidgetA,62,2011-12-23,13.16,11018,France,Toys,1503.94
INV009292,SKU0284,BudgetWidgetE,20,2011-12-23,61.58,14493,Belgium,Clothing,4361.99
INV009293,SKU0404,DeluxeWidgetC,3,2011-12-23,123.19,13261,Netherlands,Clothing,2272.47
INV009294,SKU0473,BasicWidgetH,16,2011-12-23,122.08,17084,Germany,HomeGarden,3881.88
INV009295,SKU0333,DeluxeWidgetC,44,2011-12-23,21.25,14290,Germany,Toys,4129.07
INV009296,SKU0008,EliteWidgetG,93,2011-12-23,73.41,17101,Australia,Books,1507.14
INV009297,SKU0250,EliteWidgetG,79,2011-12-23,72.23,11357,Australia,Food,3201.98
INV009298,SKU0430,ClassicWidgetB,30,2011-12-23,48.9,10082,UnitedKingdom,Toys,3037.46
INV009299,SKU0331,BasicWidgetH,40,2011-12-23,137.62,18442,Spain,Books,2380.59
INV009300,SKU0297,ProWidgetF,65,2011-12-23,98.14,19285,UnitedKingdom,HomeGarden,2348.37
INV009301,SKU0434,EliteWidgetG,29,2011-12-23,147.04,15411,Germany,Sports,1526.71
INV009302,SKU0183,StandardWidgetD,30,2011-12-23,10.48,12387,France,Electronics,1551.64
INV009303,SKU0178,BudgetWidgetE,32,2011-12-23,59.46,11408,Germany,Toys,2741.21
INV009304,SKU0197,StandardWidgetD,10,2011-12-23,125.35,19673,France,Books,162.32
INV009305,SKU0127,DeluxeWidgetC,91,2011-12-23,63.69,19290,Belgium,Books,4668.39
INV009306,SKU0019,StandardWidgetD,51,2011-12-23,39.65,13728,Germany,HomeGarden,3250.25
INV009307,SKU0471,PremiumWidgetA,8,2011-12-23,149.67,15294,Australia,Books,2217.77
INV009308,SKU0410,BudgetWidgetE,51,2011-12-23,131.03,18924,Netherlands,Books,309.97
INV009309,SKU0421,StandardWidgetD,36,2011-12-23,82.2,10322,Germany,Sports,3150.43
INV009310,SKU0327,PremiumWidgetA,55,2011-12-23,84.48,12057,UnitedKingdom,HomeGarden,89.7
INV009311,SKU0064,ClassicWidgetB,35,2011-12-23,1.53,13060,Belgium,Toys,3399.66
INV009312,SKU0181,StandardWidgetD,36,2011-12-24,147.16,13700,Belgium,Books,363.55
INV009313,SKU0240,BudgetWidgetE,56,2011-12-24,121.04,15635,France,Clothing,3280.85
INV009314,SKU0368,PremiumWidgetA,36,2011-12-24,5.99,13384,France,HomeGarden,2030.03
INV009315,SKU0023,StandardWidgetD,89,2011-12-24,26.86,19453,Germany,Sports,3313.48
INV009316,SKU0383,ClassicWidgetB,84,2011-12-24,123.24,18997,France,Toys,693.35
INV009317,SKU0430,StandardWidgetD,61,2011-12-24,13.49,19725,UnitedKingdom,Electronics,587.8
INV009318,SKU0454,PremiumWidgetA,62,2011-12-24,141.3,14225,Australia,Books,1237.87
INV009319,SKU0082,StandardWidgetD,81,2011-12-24,149.98,13456,Netherlands,Clothing,2058.15
INV009320,SKU0469,BudgetWidgetE,87,2011-12-24,133.02,13664,Netherlands,Clothing,1265.9
INV009321,SKU0318,DeluxeWidgetC,25,2011-12-24,110.97,13096,France,Electronics,410.99
INV009322,SKU0184,BasicWidgetH,64,2011-12-24,73.35,17428,Germany,HomeGarden,1625.82
INV009323,SKU0438,BasicWidgetH,60,2011-12-24,12.82,17565,France,Sports,3529.1
INV009324,SKU0315,PremiumWidgetA,57,2011-12-24,109.7,14659,Belgium,Books,2915.85
INV009325,SKU0098,PremiumWidgetA,95,2011-12-24,59.83,19545,UnitedKingdom,Books,4816.66
INV009326,SKU0061,PremiumWidgetA,70,2011-12-24,85.75,10148,Spain,Toys,2180.17
INV009327,SKU0285,PremiumWidgetA,99,2011-12-24,44.36,15730,Germany,Books,1664.68
INV009328,SKU0476,StandardWidgetD,52,2011-12-24,36.7,17163,Australia,Clothing,3468.7
INV009329,SKU0021,BudgetWidgetE,56,2011-12-24,48.98,19975,UnitedKingdom,HomeGarden,2060.38
INV009330,SKU0458,BasicWidgetH,63,2011-12-24,122.17,16262,Australia,Electronics,3091.93
INV009331,SKU0211,ClassicWidgetB,68,2011-12-24,64.26,15553,Germany,HomeGarden,4731.49
INV009332,SKU0125,BasicWidgetH,20,2011-12-24,47.1,10614,Australia,Sports,2496.45
INV009333,SKU0412,BudgetWidgetE,54,2011-12-24,65.23,18431,UnitedKingdom,Sports,2491.38
INV009334,SKU0498,PremiumWidgetA,1,2011-12-24,5.33,10912,UnitedKingdom,Food,3876.06
INV009335,SKU0424,ProWidgetF,90,2011-12-24,133.65,13013,France,Electronics,3780.63
INV009336,SKU0041,StandardWidgetD,98,2011-12-25,82.99,15409,Spain,Clothing,2581.64
INV009337,SKU0097,ProWidgetF,10,2011-12-25,16.17,10158,Germany,Toys,324.54
INV009338,SKU0448,StandardWidgetD,23,2011-12-25,43.62,10547,Netherlands,Electronics,4903.95
INV009339,SKU0030,PremiumWidgetA,51,2011-12-25,147.54,15132,Belgium,Toys,1887.22
INV009340,SKU0157,StandardWidgetD,24,2011-12-25,89.16,12900,Spain,Sports,1584.22
INV009341,SKU0111,PremiumWidgetA,13,2011-12-25,44.07,17674,Netherlands,Clothing,4907.75
INV009342,SKU0401,BudgetWidgetE,29,2011-12-25,64.24,12265,Australia,HomeGarden,4360.8
INV009343,SKU0246,EliteWidgetG,58,2011-12-25,39.14,18946,Netherlands,Sports,1651.75
INV009344,SKU0121,DeluxeWidgetC,91,2011-12-25,5.25,10734,Netherlands,Clothing,1542.24
INV009345,SKU0272,StandardWidgetD,95,2011-12-25,126.38,13791,Belgium,Clothing,3605.05
INV009346,SKU0293,PremiumWidgetA,43,2011-12-25,44.23,14317,UnitedKingdom,Books,1672.25
INV009347,SKU0397,ProWidgetF,10,2011-12-25,125.84,11924,UnitedKingdom,HomeGarden,1257.91
INV009348,SKU0470,PremiumWidgetA,31,2011-12-25,72.04,10523,UnitedKingdom,Clothing,4898.37
INV009349,SKU0472,ProWidgetF,74,2011-12-25,27.84,19702,Netherlands,Electronics,2828.99
INV009350,SKU0206,BasicWidgetH,88,2011-12-25,120.38,15924,Australia,Toys,3812.73
INV009351,SKU0109,StandardWidgetD,97,2011-12-25,56.88,18809,Germany,Food,3565.56
INV009352,SKU0439,ClassicWidgetB,14,2011-12-25,106.31,10860,Belgium,HomeGarden,3777.87
INV009353,SKU0277,ProWidgetF,99,2011-12-25,125.67,16184,France,HomeGarden,4517.05
INV009354,SKU0450,PremiumWidgetA,34,2011-12-25,144.47,17492,Australia,Food,2504.34
INV009355,SKU0055,StandardWidgetD,17,2011-12-25,13.33,15880,Belgium,Sports,3767.14
INV009356,SKU0374,PremiumWidgetA,21,2011-12-25,1.75,17901,Belgium,HomeGarden,3984.27
INV009357,SKU0402,ClassicWidgetB,96,2011-12-25,82.49,11307,UnitedKingdom,HomeGarden,4731.98
INV009358,SKU0056,DeluxeWidgetC,67,2011-12-25,40.0,16346,Australia,Books,3565.77
INV009359,SKU0427,EliteWidgetG,58,2011-12-25,70.63,12821,Germany,HomeGarden,4463.19
INV009360,SKU0481,EliteWidgetG,79,2011-12-26,11.36,13865,Spain,Toys,476.1
INV009361,SKU0290,ClassicWidgetB,8,2011-12-26,75.49,16925,UnitedKingdom,Toys,631.36
INV009362,SKU0113,BudgetWidgetE,96,2011-12-26,19.17,18226,Germany,Toys,792.57
INV009363,SKU0380,StandardWidgetD,38,2011-12-26,125.87,12100,Spain,Clothing,724.92
INV009364,SKU0384,ClassicWidgetB,26,2011-12-26,114.04,19571,France,Food,438.51
INV009365,SKU0307,DeluxeWidgetC,64,2011-12-26,11.57,10436,Australia,Food,613.75
INV009366,SKU0340,PremiumWidgetA,30,2011-12-26,125.53,12572,France,Electronics,4979.56
INV009367,SKU0476,StandardWidgetD,9,2011-12-26,49.08,14362,Belgium,Food,1361.65
INV009368,SKU0197,BasicWidgetH,32,2011-12-26,53.25,10308,Netherlands,Toys,2390.76
INV009369,SKU0420,ProWidgetF,11,2011-12-26,27.38,10491,Australia,Books,4108.26
INV009370,SKU0320,ClassicWidgetB,86,2011-12-26,125.38,15308,Belgium,Books,592.41
INV009371,SKU0178,BasicWidgetH,34,2011-12-26,61.0,10521,Spain,Books,1587.51
INV009372,SKU0384,BasicWidgetH,18,2011-12-26,7.8,11914,Netherlands,Books,797.27
INV009373,SKU0218,DeluxeWidgetC,19,2011-12-26,144.95,12925,Germany,Sports,313.72
INV009374,SKU0276,BasicWidgetH,54,2011-12-26,38.76,19560,Netherlands,Food,4803.81
INV009375,SKU0436,ClassicWidgetB,82,2011-12-26,140.46,13290,Spain,Books,4291.93
INV009376,SKU0015,BudgetWidgetE,37,2011-12-26,45.54,13229,Spain,Sports,4396.61
INV009377,SKU0491,EliteWidgetG,82,2011-12-26,124.8,13577,Germany,Sports,4343.53
INV009378,SKU0378,EliteWidgetG,12,2011-12-26,99.8,15609,France,HomeGarden,773.68
INV009379,SKU0060,StandardWidgetD,4,2011-12-26,129.26,12571,UnitedKingdom,Electronics,3925.2
INV009380,SKU0053,PremiumWidgetA,43,2011-12-26,146.43,10232,France,HomeGarden,3639.63
INV009381,SKU0167,DeluxeWidgetC,27,2011-12-26,130.79,19814,Belgium,Sports,4627.15
INV009382,SKU0025,ClassicWidgetB,51,2011-12-26,60.85,12652,Netherlands,HomeGarden,1097.39
INV009383,SKU0335,StandardWidgetD,5,2011-12-26,122.27,16250,Germany,Clothing,2070.81
INV009384,SKU0475,ClassicWidgetB,6,2011-12-27,106.89,11216,Netherlands,Food,1475.35
INV009385,SKU0064,StandardWidgetD,77,2011-12-27,9.71,13539,Spain,Books,1290.33
INV009386,SKU0099,EliteWidgetG,87,2011-12-27,139.5,10521,Belgium,Books,3262.26
INV009387,SKU0073,BasicWidgetH,56,2011-12-27,70.16,13066,Belgium,Food,820.55
INV009388,SKU0191,BudgetWidgetE,89,2011-12-27,20.6,10340,UnitedKingdom,Food,2324.57
INV009389,SKU0170,ClassicWidgetB,68,2011-12-27,64.09,18250,Australia,Sports,3233.56
INV009390,SKU0272,BudgetWidgetE,96,2011-12-27,90.67,13253,Australia,HomeGarden,652.39
INV009391,SKU0376,ProWidgetF,44,2011-12-27,86.16,14681,Australia,Food,1285.64
INV009392,SKU0186,ProWidgetF,15,2011-12-27,86.43,15633,Netherlands,Clothing,4836.86
INV009393,SKU0022,BasicWidgetH,90,2011-12-27,38.75,10242,Australia,Clothing,3977.35
INV009394,SKU0390,EliteWidgetG,42,2011-12-27,95.09,10227,Germany,Toys,3385.1
INV009395,SKU0427,DeluxeWidgetC,11,2011-12-27,136.16,16703,UnitedKingdom,Clothing,4279.99
INV009396,SKU0180,BudgetWidgetE,73,2011-12-27,58.61,12602,Belgium,Sports,70.83
INV009397,SKU0326,StandardWidgetD,11,2011-12-27,94.77,18318,Spain,Toys,31.37
INV009398,SKU0107,DeluxeWidgetC,66,2011-12-27,36.98,14430,France,HomeGarden,770.68
INV009399,SKU0334,ClassicWidgetB,27,2011-12-27,7.72,14853,Spain,Clothing,2476.79
INV009400,SKU0161,ClassicWidgetB,58,2011-12-27,88.07,19623,Germany,Clothing,2850.3
INV009401,SKU0301,StandardWidgetD,90,2011-12-27,7.61,12168,UnitedKingdom,HomeGarden,569.33
INV009402,SKU0492,PremiumWidgetA,72,2011-12-27,108.68,12748,France,HomeGarden,362.36
INV009403,SKU0451,BasicWidgetH,21,2011-12-27,100.72,11308,Australia,Books,4141.84
INV009404,SKU0205,PremiumWidgetA,21,2011-12-27,55.71,11593,France,Electronics,2322.88
INV009405,SKU0077,BasicWidgetH,72,2011-12-27,61.99,11493,Belgium,Electronics,4962.48
INV009406,SKU0015,ClassicWidgetB,1,2011-12-27,137.71,17883,Netherlands,Clothing,1147.5
INV009407,SKU0326,BasicWidgetH,58,2011-12-27,2.46,14777,Netherlands,HomeGarden,3236.36
INV009408,SKU0095,EliteWidgetG,13,2011-12-28,84.71,16438,Australia,Books,4022.14
INV009409,SKU0146,EliteWidgetG,73,2011-12-28,138.54,17108,Australia,Sports,4363.32
INV009410,SKU0001,StandardWidgetD,92,2011-12-28,137.14,18438,Germany,Electronics,1532.29
INV009411,SKU0009,PremiumWidgetA,6,2011-12-28,87.91,11082,Germany,Toys,967.21
INV009412,SKU0433,BudgetWidgetE,87,2011-12-28,57.49,19673,Spain,Electronics,1131.25
INV009413,SKU0124,ClassicWidgetB,58,2011-12-28,15.29,10010,Belgium,HomeGarden,3334.05
INV009414,SKU0080,ProWidgetF,17,2011-12-28,26.48,12006,Netherlands,Food,2612.13
INV009415,SKU0484,BudgetWidgetE,73,2011-12-28,102.11,13529,UnitedKingdom,Sports,2995.36
INV009416,SKU0139,StandardWidgetD,12,2011-12-28,2.99,12292,Germany,Electronics,103.62
INV009417,SKU0325,ProWidgetF,86,2011-12-28,132.58,10944,UnitedKingdom,Food,1955.48
INV009418,SKU0149,BudgetWidgetE,52,2011-12-28,88.4,18626,Spain,Books,1551.43
INV009419,SKU0287,PremiumWidgetA,76,2011-12-28,7.25,16248,Netherlands,Electronics,4319.04
INV009420,SKU0360,BasicWidgetH,70,2011-12-28,36.35,12289,Germany,HomeGarden,3881.52
INV009421,SKU0339,EliteWidgetG,73,2011-12-28,89.33,13343,UnitedKingdom,HomeGarden,2148.43
INV009422,SKU0128,PremiumWidgetA,52,2011-12-28,5.82,12566,Spain,Toys,3153.02
INV009423,SKU0437,ProWidgetF,37,2011-12-28,117.11,11759,UnitedKingdom,Toys,239.35
INV009424,SKU0238,BasicWidgetH,3,2011-12-28,138.03,15163,Germany,Sports,3186.62
INV009425,SKU0057,BasicWidgetH,98,2011-12-28,144.2,13875,Australia,Electronics,486.93
INV009426,SKU0197,BasicWidgetH,8,2011-12-28,110.18,12228,Spain,Sports,3570.38
INV009427,SKU0210,DeluxeWidgetC,10,2011-12-28,128.6,18459,Spain,Food,2869.62
INV009428,SKU0401,EliteWidgetG,47,2011-12-28,91.8,17019,France,Electronics,1503.17
INV009429,SKU0389,ClassicWidgetB,41,2011-12-28,69.05,14477,Australia,Clothing,1854.83
INV009430,SKU0044,ProWidgetF,64,2011-12-28,107.11,15917,Spain,Electronics,451.37
INV009431,SKU0096,StandardWidgetD,42,2011-12-28,34.02,10514,France,HomeGarden,1614.62
INV009432,SKU0278,ClassicWidgetB,43,2011-12-29,16.91,11743,UnitedKingdom,HomeGarden,4834.25
INV009433,SKU0022,BudgetWidgetE,9,2011-12-29,114.4,19121,Germany,Clothing,2431.44
INV009434,SKU0409,EliteWidgetG,14,2011-12-29,143.75,17856,Spain,Electronics,2371.73
INV009435,SKU0460,StandardWidgetD,91,2011-12-29,86.83,11448,Netherlands,Electronics,3146.51
INV009436,SKU0390,StandardWidgetD,96,2011-12-29,72.64,13887,Germany,HomeGarden,2422.73
INV009437,SKU0334,PremiumWidgetA,4,2011-12-29,80.39,10198,Australia,Clothing,1778.19
INV009438,SKU0043,BudgetWidgetE,2,2011-12-29,72.03,11780,France,HomeGarden,698.47
INV009439,SKU0026,PremiumWidgetA,97,2011-12-29,66.61,14900,Germany,Food,3151.95
INV009440,SKU0281,PremiumWidgetA,85,2011-12-29,142.08,14422,France,Clothing,3744.86
INV009441,SKU0096,BasicWidgetH,1,2011-12-29,72.22,19905,Australia,HomeGarden,4615.59
INV009442,SKU0462,EliteWidgetG,75,2011-12-29,12.62,15713,Australia,Books,16.07
INV009443,SKU0035,DeluxeWidgetC,65,2011-12-29,114.94,15743,Germany,Electronics,334.24
INV009444,SKU0108,PremiumWidgetA,46,2011-12-29,59.04,13504,Spain,Sports,4497.13
INV009445,SKU0054,ClassicWidgetB,59,2011-12-29,106.75,17672,Netherlands,Books,3156.15
INV009446,SKU0191,StandardWidgetD,75,2011-12-29,87.15,12567,Spain,HomeGarden,4789.59
INV009447,SKU0218,EliteWidgetG,7,2011-12-29,107.12,19121,Belgium,Clothing,2154.79
INV009448,SKU0184,PremiumWidgetA,66,2011-12-29,9.77,14625,Netherlands,Sports,2084.02
INV009449,SKU0068,ProWidgetF,15,2011-12-29,5.56,17090,France,Clothing,1721.98
INV009450,SKU0316,ClassicWidgetB,72,2011-12-29,57.09,15352,Germany,Toys,714.95
INV009451,SKU0129,BudgetWidgetE,47,2011-12-29,104.13,11419,UnitedKingdom,Clothing,1893.79
INV009452,SKU0054,StandardWidgetD,90,2011-12-29,33.94,19522,Australia,Toys,74.23
INV009453,SKU0377,EliteWidgetG,40,2011-12-29,65.29,12557,Spain,Food,2547.06
INV009454,SKU0096,ProWidgetF,42,2011-12-29,147.13,17870,France,Toys,4236.2
INV009455,SKU0335,EliteWidgetG,51,2011-12-29,32.62,10423,Australia,Electronics,1606.66
INV009456,SKU0086,EliteWidgetG,35,2011-12-30,127.27,10149,France,HomeGarden,474.11
INV009457,SKU0293,ProWidgetF,41,2011-12-30,123.91,19705,Germany,Electronics,4868.83
INV009458,SKU0118,BudgetWidgetE,85,2011-12-30,133.76,18095,France,Toys,645.76
INV009459,SKU0207,ProWidgetF,57,2011-12-30,137.31,10138,France,Clothing,2643.96
INV009460,SKU0333,ClassicWidgetB,38,2011-12-30,76.34,17065,Belgium,Electronics,4046.12
INV009461,SKU0412,BasicWidgetH,72,2011-12-30,102.45,11870,UnitedKingdom,Books,1262.47
INV009462,SKU0153,EliteWidgetG,96,2011-12-30,93.02,12061,France,Food,4207.61
INV009463,SKU0034,BudgetWidgetE,8,2011-12-30,46.69,18120,Netherlands,Toys,2785.57
INV009464,SKU0078,EliteWidgetG,74,2011-12-30,42.33,18181,France,Clothing,1660.35
INV009465,SKU0066,ProWidgetF,63,2011-12-30,51.56,14280,France,Clothing,4328.58
INV009466,SKU0342,BudgetWidgetE,87,2011-12-30,33.16,15696,Germany,Books,3110.38
INV009467,SKU0412,BudgetWidgetE,4,2011-12-30,113.73,10742,France,Clothing,3077.31
INV009468,SKU0033,PremiumWidgetA,48,2011-12-30,144.7,16424,Belgium,Sports,2520.54
INV009469,SKU0096,PremiumWidgetA,52,2011-12-30,130.23,14181,UnitedKingdom,Sports,1374.41
INV009470,SKU0168,BasicWidgetH,38,2011-12-30,33.08,18268,Germany,HomeGarden,1525.0
INV009471,SKU0168,PremiumWidgetA,94,2011-12-30,8.26,11991,Belgium,HomeGarden,441.31
INV009472,SKU0150,ProWidgetF,87,2011-12-30,113.69,15256,Australia,Electronics,1219.37
INV009473,SKU0070,StandardWidgetD,5,2011-12-30,58.84,13705,Netherlands,Electronics,1389.85
INV009474,SKU0002,ClassicWidgetB,85,2011-12-30,123.78,11016,Netherlands,Food,294.45
INV009475,SKU0313,ProWidgetF,70,2011-12-30,117.0,18288,Australia,Books,552.46
INV009476,SKU0031,EliteWidgetG,81,2011-12-30,94.0,10994,France,Books,1351.99
INV009477,SKU0286,PremiumWidgetA,89,2011-12-30,38.67,19746,UnitedKingdom,Toys,3386.59
INV009478,SKU0081,BudgetWidgetE,24,2011-12-30,16.05,16941,UnitedKingdom,Food,921.99
INV009479,SKU0042,ProWidgetF,86,2011-12-30,38.27,19224,UnitedKingdom,Clothing,2609.73
INV009480,SKU0390,BudgetWidgetE,77,2011-12-31,76.71,18274,UnitedKingdom,HomeGarden,2540.01
INV009481,SKU0104,BasicWidgetH,17,2011-12-31,146.93,19727,Belgium,Toys,4170.36
INV009482,SKU0000,EliteWidgetG,78,2011-12-31,10.02,14525,France,HomeGarden,3046.21
INV009483,SKU0060,BudgetWidgetE,98,2011-12-31,30.41,15209,Australia,HomeGarden,4585.08
INV009484,SKU0269,BudgetWidgetE,90,2011-12-31,94.28,10512,Belgium,HomeGarden,3140.88
INV009485,SKU0179,BasicWidgetH,83,2011-12-31,46.0,11922,Belgium,Electronics,128.55
INV009486,SKU0223,DeluxeWidgetC,26,2011-12-31,128.85,11697,Australia,Sports,1908.08
INV009487,SKU0005,StandardWidgetD,3,2011-12-31,21.34,11914,Netherlands,Toys,3495.54
INV009488,SKU0102,ClassicWidgetB,2,2011-12-31,144.49,14753,Australia,Books,2376.13
INV009489,SKU0009,ClassicWidgetB,92,2011-12-31,136.9,16816,UnitedKingdom,Books,2097.57
INV009490,SKU0070,PremiumWidgetA,2,2011-12-31,133.19,18838,France,HomeGarden,3358.06
INV009491,SKU0089,DeluxeWidgetC,22,2011-12-31,26.37,10797,Belgium,HomeGarden,1429.38
INV009492,SKU0225,ProWidgetF,71,2011-12-31,49.76,18268,Germany,Electronics,4544.98
INV009493,SKU0157,BasicWidgetH,4,2011-12-31,120.71,16224,Germany,Electronics,2066.3
INV009494,SKU0227,ProWidgetF,38,2011-12-31,121.27,16697,UnitedKingdom,Books,3156.46
INV009495,SKU0404,ClassicWidgetB,84,2011-12-31,105.92,18933,Spain,HomeGarden,4911.68
INV009496,SKU0125,StandardWidgetD,70,2011-12-31,67.48,11225,Netherlands,HomeGarden,3927.62
INV009497,SKU0443,BudgetWidgetE,73,2011-12-31,47.08,15566,Belgium,Food,2658.58
INV009498,SKU0208,EliteWidgetG,52,2011-12-31,144.46,19156,Germany,Toys,4297.08
INV009499,SKU0096,PremiumWidgetA,31,2011-12-31,21.32,15922,Spain,Books,2802.63
INV009500,SKU0073,StandardWidgetD,26,2011-12-31,7.04,15036,UnitedKingdom,Electronics,2208.83
INV009501,SKU0114,ClassicWidgetB,36,2011-12-31,1.87,18503,Belgium,Toys,4367.39
INV009502,SKU0190,DeluxeWidgetC,26,2011-12-31,116.37,12646,Belgium,Books,136.75
INV009503,SKU0494,PremiumWidgetA,28,2011-12-31,8.98,17684,Belgium,Electronics,2037.92
INV009504,SKU0169,BasicWidgetH,5,2012-01-01,81.03,12731,France,Electronics,1715.62
INV009505,SKU0306,ClassicWidgetB,74,2012-01-01,55.41,18824,Germany,Toys,3570.72
INV009506,SKU0447,ProWidgetF,18,2012-01-01,22.46,14694,UnitedKingdom,Toys,63.92
INV009507,SKU0203,PremiumWidgetA,15,2012-01-01,111.22,15545,Germany,Electronics,3304.6
INV009508,SKU0055,BasicWidgetH,57,2012-01-01,8.72,13681,France,HomeGarden,1732.46
INV009509,SKU0207,ClassicWidgetB,97,2012-01-01,48.1,10414,Australia,Books,490.37
INV009510,SKU0040,ProWidgetF,5,2012-01-01,84.55,19734,Australia,Electronics,4901.67
INV009511,SKU0031,EliteWidgetG,37,2012-01-01,60.66,18963,France,Sports,1061.93
INV009512,SKU0014,ProWidgetF,86,2012-01-01,39.24,14479,France,Food,1746.3
INV009513,SKU0061,BudgetWidgetE,86,2012-01-01,138.94,17199,Australia,Electronics,1036.03
INV009514,SKU0154,BasicWidgetH,22,2012-01-01,139.68,18678,France,Electronics,3310.29
INV009515,SKU0283,BasicWidgetH,52,2012-01-01,62.71,19971,Belgium,Toys,3912.8
INV009516,SKU0208,DeluxeWidgetC,15,2012-01-01,59.36,17532,France,Electronics,4303.34
INV009517,SKU0319,BasicWidgetH,17,2012-01-01,46.45,16407,France,Food,1555.68
INV009518,SKU0493,BudgetWidgetE,51,2012-01-01,128.44,17309,Australia,Clothing,2623.24
INV009519,SKU0186,ClassicWidgetB,45,2012-01-01,85.4,18221,Australia,Toys,3316.62
INV009520,SKU0497,EliteWidgetG,63,2012-01-01,13.88,18321,Spain,Sports,3147.98
INV009521,SKU0441,StandardWidgetD,28,2012-01-01,128.07,17945,Germany,HomeGarden,3580.42
INV009522,SKU0129,EliteWidgetG,59,2012-01-01,80.47,15189,Australia,Food,3848.87
INV009523,SKU0126,EliteWidgetG,86,2012-01-01,62.63,14214,Germany,Toys,488.27
INV009524,SKU0291,BasicWidgetH,21,2012-01-01,51.01,12374,Belgium,Books,842.39
INV009525,SKU0113,EliteWidgetG,42,2012-01-01,15.36,13983,Belgium,Books,3671.87
INV009526,SKU0198,BasicWidgetH,81,2012-01-01,143.53,10207,Australia,Toys,2383.9
INV009527,SKU0012,BudgetWidgetE,69,2012-01-01,111.32,18139,Netherlands,Books,2135.74
INV009528,SKU0270,StandardWidgetD,82,2012-01-02,20.2,19173,Germany,Toys,2277.75
INV009529,SKU0088,ProWidgetF,17,2012-01-02,76.93,14302,France,HomeGarden,1860.76
INV009530,SKU0214,BasicWidgetH,68,2012-01-02,83.56,16911,Netherlands,Electronics,2955.75
INV009531,SKU0443,ClassicWidgetB,7,2012-01-02,25.6,16690,Spain,Sports,1617.3
INV009532,SKU0277,DeluxeWidgetC,89,2012-01-02,64.37,10111,Australia,Books,3184.44
INV009533,SKU0446,StandardWidgetD,40,2012-01-02,97.04,17153,Australia,Clothing,1013.98
INV009534,SKU0473,ClassicWidgetB,40,2012-01-02,42.96,14709,Spain,Clothing,3788.69
INV009535,SKU0480,BasicWidgetH,43,2012-01-02,50.08,15040,Netherlands,Sports,3908.22
INV009536,SKU0202,StandardWidgetD,73,2012-01-02,18.74,11409,UnitedKingdom,Books,2893.03
INV009537,SKU0073,BasicWidgetH,83,2012-01-02,62.28,18897,Belgium,Electronics,1847.25
INV009538,SKU0024,BudgetWidgetE,51,2012-01-02,87.79,15872,France,Books,72.97
INV009539,SKU0100,ClassicWidgetB,73,2012-01-02,17.92,18132,Germany,Food,608.54
INV009540,SKU0175,BudgetWidgetE,23,2012-01-02,92.41,16275,Netherlands,Electronics,399.36
INV009541,SKU0426,PremiumWidgetA,95,2012-01-02,59.97,16993,Germany,Books,52.01
INV009542,SKU0116,ClassicWidgetB,32,2012-01-02,101.89,14199,Australia,Clothing,3611.38
INV009543,SKU0165,StandardWidgetD,31,2012-01-02,47.57,12600,UnitedKingdom,HomeGarden,4780.38
INV009544,SKU0040,PremiumWidgetA,17,2012-01-02,85.49,14857,Spain,Toys,56.83
INV009545,SKU0428,BudgetWidgetE,58,2012-01-02,92.11,17806,UnitedKingdom,Sports,564.34
INV009546,SKU0343,BudgetWidgetE,86,2012-01-02,103.73,16805,Germany,Electronics,4303.52
INV009547,SKU0423,StandardWidgetD,35,2012-01-02,113.66,17498,Spain,HomeGarden,3442.82
INV009548,SKU0365,PremiumWidgetA,30,2012-01-02,20.88,15039,Belgium,Electronics,2024.15
INV009549,SKU0119,EliteWidgetG,64,2012-01-02,144.8,19039,Australia,Food,4963.99
INV009550,SKU0096,ProWidgetF,53,2012-01-02,126.62,12943,Spain,Sports,2868.53
INV009551,SKU0144,DeluxeWidgetC,51,2012-01-02,84.57,18067,Belgium,Food,3348.33
INV009552,SKU0215,StandardWidgetD,37,2012-01-03,133.61,18360,Spain,Food,3266.23
INV009553,SKU0228,BudgetWidgetE,90,2012-01-03,57.67,16700,UnitedKingdom,HomeGarden,1114.29
INV009554,SKU0312,ClassicWidgetB,6,2012-01-03,5.63,10984,France,Food,2441.13
INV009555,SKU0129,PremiumWidgetA,34,2012-01-03,109.19,11107,Australia,HomeGarden,1082.84
INV009556,SKU0351,BasicWidgetH,56,2012-01-03,141.53,18298,Netherlands,Toys,2547.81
INV009557,SKU0376,ProWidgetF,96,2012-01-03,24.7,17432,Netherlands,Toys,154.88
INV009558,SKU0317,DeluxeWidgetC,25,2012-01-03,96.76,14342,Netherlands,Sports,1910.41
INV009559,SKU0471,ClassicWidgetB,13,2012-01-03,122.11,11553,France,Sports,1861.68
INV009560,SKU0136,PremiumWidgetA,63,2012-01-03,135.81,12002,Australia,Electronics,1458.86
INV009561,SKU0323,ProWidgetF,66,2012-01-03,41.84,18104,Spain,Food,397.07
INV009562,SKU0336,StandardWidgetD,5,2012-01-03,19.75,10497,Germany,HomeGarden,3855.06
INV009563,SKU0272,BasicWidgetH,75,2012-01-03,37.55,14949,Germany,Sports,2102.85
INV009564,SKU0116,ProWidgetF,11,2012-01-03,86.87,11421,Australia,Toys,4070.05
INV009565,SKU0305,StandardWidgetD,88,2012-01-03,137.85,13474,France,Electronics,4178.8
INV009566,SKU0367,BasicWidgetH,78,2012-01-03,87.59,15980,Australia,Books,1068.77
INV009567,SKU0093,BasicWidgetH,94,2012-01-03,137.98,14373,Germany,Toys,2107.23
INV009568,SKU0167,EliteWidgetG,44,2012-01-03,115.62,18733,Australia,Sports,3605.15
INV009569,SKU0441,PremiumWidgetA,99,2012-01-03,89.96,17310,Netherlands,Toys,2497.98
INV009570,SKU0202,BasicWidgetH,85,2012-01-03,3.76,18980,Belgium,Food,4275.49
INV009571,SKU0340,ProWidgetF,69,2012-01-03,50.29,18547,Spain,Toys,2858.27
INV009572,SKU0148,BasicWidgetH,2,2012-01-03,9.09,15643,Australia,HomeGarden,3148.28
INV009573,SKU0401,DeluxeWidgetC,40,2012-01-03,48.68,19418,Spain,Books,3935.33
INV009574,SKU0182,ProWidgetF,37,2012-01-03,9.82,18441,UnitedKingdom,Sports,611.99
INV009575,SKU0412,PremiumWidgetA,49,2012-01-03,25.59,16178,Australia,Food,2921.66
INV009576,SKU0151,ClassicWidgetB,98,2012-01-04,61.9,10531,Germany,Clothing,428.06
INV009577,SKU0073,ClassicWidgetB,75,2012-01-04,77.48,18750,Belgium,HomeGarden,1303.5
INV009578,SKU0364,ProWidgetF,36,2012-01-04,32.96,11619,Germany,Food,1063.65
INV009579,SKU0400,ProWidgetF,75,2012-01-04,110.02,11291,Belgium,Toys,2835.81
INV009580,SKU0273,StandardWidgetD,73,2012-01-04,88.76,13124,Spain,HomeGarden,4219.67
INV009581,SKU0041,PremiumWidgetA,70,2012-01-04,103.92,14880,Germany,Electronics,664.92
INV009582,SKU0495,StandardWidgetD,34,2012-01-04,110.05,14113,Netherlands,Food,3842.21
INV009583,SKU0211,DeluxeWidgetC,58,2012-01-04,109.17,19319,Germany,Clothing,716.19
INV009584,SKU0100,EliteWidgetG,37,2012-01-04,140.47,13911,UnitedKingdom,Sports,949.17
INV009585,SKU0044,ClassicWidgetB,96,2012-01-04,35.96,17159,Australia,Clothing,4584.78
INV009586,SKU0081,BasicWidgetH,60,2012-01-04,40.89,11107,France,Toys,49.64
INV009587,SKU0016,BasicWidgetH,12,2012-01-04,14.58,15427,Germany,Sports,986.52
INV009588,SKU0072,BudgetWidgetE,32,2012-01-04,89.09,15270,Australia,Food,1078.56
INV009589,SKU0013,BudgetWidgetE,81,2012-01-04,59.58,16496,Netherlands,Electronics,1410.12
INV009590,SKU0432,PremiumWidgetA,4,2012-01-04,74.68,11687,Australia,Toys,1817.7
INV009591,SKU0156,BasicWidgetH,33,2012-01-04,25.89,15987,Germany,Toys,516.79
INV009592,SKU0222,PremiumWidgetA,43,2012-01-04,97.53,14471,Germany,Books,2342.8
INV009593,SKU0131,BudgetWidgetE,9,2012-01-04,93.04,15681,Spain,Clothing,1997.35
INV009594,SKU0337,PremiumWidgetA,98,2012-01-04,40.09,13475,Belgium,HomeGarden,3125.04
INV009595,SKU0403,ClassicWidgetB,51,2012-01-04,70.08,12577,Germany,Sports,4337.72
INV009596,SKU0375,DeluxeWidgetC,94,2012-01-04,134.2,12532,UnitedKingdom,Clothing,1489.3
INV009597,SKU0375,DeluxeWidgetC,20,2012-01-04,116.14,14217,Australia,Sports,2732.89
INV009598,SKU0046,BasicWidgetH,39,2012-01-04,34.43,16937,Spain,Clothing,1857.52
INV009599,SKU0106,StandardWidgetD,23,2012-01-04,131.89,12029,Belgium,HomeGarden,202.21
INV009600,SKU0107,ClassicWidgetB,41,2012-01-05,10.56,19335,France,Sports,4105.56
INV009601,SKU0264,EliteWidgetG,44,2012-01-05,62.38,15958,UnitedKingdom,Sports,3171.45
INV009602,SKU0204,PremiumWidgetA,35,2012-01-05,12.48,15418,France,Books,11.86
INV009603,SKU0078,PremiumWidgetA,23,2012-01-05,138.67,16190,Germany,Electronics,1248.61
INV009604,SKU0154,BasicWidgetH,58,2012-01-05,6.59,17764,France,Clothing,1545.64
INV009605,SKU0270,EliteWidgetG,48,2012-01-05,23.11,19939,France,HomeGarden,4057.85
INV009606,SKU0475,StandardWidgetD,87,2012-01-05,137.3,14819,UnitedKingdom,Food,3803.81
INV009607,SKU0484,StandardWidgetD,58,2012-01-05,87.53,15919,UnitedKingdom,Books,1981.32
INV009608,SKU0246,PremiumWidgetA,57,2012-01-05,119.38,18409,Australia,Books,787.55
INV009609,SKU0018,PremiumWidgetA,87,2012-01-05,2.95,12810,France,Electronics,1930.77
INV009610,SKU0345,EliteWidgetG,39,2012-01-05,63.15,13415,UnitedKingdom,Food,4050.92
INV009611,SKU0435,BasicWidgetH,28,2012-01-05,147.68,15952,Australia,HomeGarden,2262.5
INV009612,SKU0025,ClassicWidgetB,64,2012-01-05,87.18,15433,France,Food,580.24
INV009613,SKU0216,EliteWidgetG,62,2012-01-05,127.53,11716,Belgium,Toys,193.7
INV009614,SKU0153,StandardWidgetD,83,2012-01-05,144.55,17897,France,Clothing,1667.34
INV009615,SKU0153,EliteWidgetG,62,2012-01-05,102.91,10289,Spain,Sports,742.67
INV009616,SKU0173,EliteWidgetG,94,2012-01-05,49.48,14697,Germany,Electronics,3725.46
INV009617,SKU0091,EliteWidgetG,85,2012-01-05,46.64,10609,Belgium,Sports,1394.51
INV009618,SKU0432,ClassicWidgetB,88,2012-01-05,11.16,12353,UnitedKingdom,Books,4387.39
INV009619,SKU0337,ProWidgetF,85,2012-01-05,64.45,17645,Netherlands,Sports,3087.13
INV009620,SKU0479,PremiumWidgetA,26,2012-01-05,137.35,10535,Belgium,Clothing,1968.93
INV009621,SKU0180,BudgetWidgetE,51,2012-01-05,71.97,13291,Spain,Toys,3050.68
INV009622,SKU0130,BasicWidgetH,50,2012-01-05,136.69,13757,UnitedKingdom,Clothing,1476.57
INV009623,SKU0449,EliteWidgetG,36,2012-01-05,122.66,18948,Spain,Toys,707.48
INV009624,SKU0480,BasicWidgetH,26,2012-01-06,147.64,17157,Germany,Sports,4820.92
INV009625,SKU0297,BudgetWidgetE,33,2012-01-06,142.18,13849,Spain,Sports,2816.24
INV009626,SKU0274,ProWidgetF,68,2012-01-06,106.12,18069,Spain,Electronics,37.63
INV009627,SKU0272,PremiumWidgetA,73,2012-01-06,130.75,18545,Australia,Toys,1552.26
INV009628,SKU0491,StandardWidgetD,8,2012-01-06,112.34,14830,Belgium,Clothing,798.51
INV009629,SKU0416,BudgetWidgetE,66,2012-01-06,105.66,14330,UnitedKingdom,Sports,1291.66
INV009630,SKU0075,BasicWidgetH,93,2012-01-06,107.48,18497,Belgium,HomeGarden,279.52
INV009631,SKU0176,BasicWidgetH,23,2012-01-06,108.3,15229,France,Electronics,1226.18
INV009632,SKU0183,BasicWidgetH,70,2012-01-06,57.22,12995,Netherlands,Electronics,3415.4
INV009633,SKU0318,StandardWidgetD,55,2012-01-06,63.82,16970,Australia,Food,4103.23
INV009634,SKU0130,BudgetWidgetE,43,2012-01-06,44.46,12214,Belgium,Electronics,1737.61
INV009635,SKU0362,BasicWidgetH,21,2012-01-06,22.66,19401,UnitedKingdom,Electronics,2612.81
INV009636,SKU0048,StandardWidgetD,22,2012-01-06,69.04,10275,Australia,Toys,209.91
INV009637,SKU0054,EliteWidgetG,9,2012-01-06,135.04,16153,Belgium,Toys,454.91
INV009638,SKU0153,BasicWidgetH,34,2012-01-06,97.86,16553,France,Sports,2760.07
INV009639,SKU0354,BudgetWidgetE,59,2012-01-06,8.9,18338,Spain,Books,4203.04
INV009640,SKU0199,StandardWidgetD,26,2012-01-06,121.77,13548,Netherlands,Food,440.85
INV009641,SKU0307,ProWidgetF,1,2012-01-06,140.34,16972,Belgium,HomeGarden,2093.31
INV009642,SKU0355,ClassicWidgetB,5,2012-01-06,124.5,10851,Belgium,Books,4852.15
INV009643,SKU0372,StandardWidgetD,41,2012-01-06,109.27,14523,France,Books,3694.22
INV009644,SKU0117,ClassicWidgetB,63,2012-01-06,22.94,18679,Netherlands,Sports,988.82
INV009645,SKU0262,ClassicWidgetB,22,2012-01-06,52.68,11553,Australia,Electronics,1426.59
INV009646,SKU0045,PremiumWidgetA,68,2012-01-06,85.01,11761,Spain,Electronics,4739.63
INV009647,SKU0301,EliteWidgetG,48,2012-01-06,11.99,18775,Spain,Sports,1105.72
INV009648,SKU0355,ProWidgetF,66,2012-01-07,16.39,16799,UnitedKingdom,Sports,2205.1
INV009649,SKU0399,ClassicWidgetB,16,2012-01-07,140.17,14310,Netherlands,Toys,1778.69
INV009650,SKU0407,DeluxeWidgetC,80,2012-01-07,105.55,14605,France,Clothing,2450.7
INV009651,SKU0188,EliteWidgetG,53,2012-01-07,41.63,18702,Netherlands,Electronics,1183.66
INV009652,SKU0309,ClassicWidgetB,86,2012-01-07,49.44,17756,Belgium,HomeGarden,3342.08
INV009653,SKU0317,StandardWidgetD,65,2012-01-07,57.97,13813,Australia,Clothing,1173.72
INV009654,SKU0128,ClassicWidgetB,79,2012-01-07,11.72,15891,Spain,Books,3010.9
INV009655,SKU0048,StandardWidgetD,64,2012-01-07,111.01,16888,Australia,Food,1789.49
INV009656,SKU0024,BasicWidgetH,88,2012-01-07,26.94,16194,Australia,Toys,1258.13
INV009657,SKU0265,StandardWidgetD,68,2012-01-07,120.87,18147,Belgium,Toys,3475.32
INV009658,SKU0117,DeluxeWidgetC,63,2012-01-07,126.96,13202,UnitedKingdom,Electronics,4826.23
INV009659,SKU0463,ClassicWidgetB,62,2012-01-07,95.95,10342,Australia,Sports,4347.01
INV009660,SKU0143,ClassicWidgetB,82,2012-01-07,115.59,17745,UnitedKingdom,Sports,435.09
INV009661,SKU0441,BudgetWidgetE,81,2012-01-07,26.19,11423,Belgium,Food,2272.61
INV009662,SKU0199,EliteWidgetG,71,2012-01-07,86.6,18337,Belgium,Sports,3474.2
INV009663,SKU0156,BudgetWidgetE,45,2012-01-07,101.68,14557,Germany,Electronics,2813.52
INV009664,SKU0486,PremiumWidgetA,52,2012-01-07,99.4,19107,Netherlands,Toys,3632.06
INV009665,SKU0347,StandardWidgetD,74,2012-01-07,18.03,16647,Spain,HomeGarden,4875.63
INV009666,SKU0133,DeluxeWidgetC,65,2012-01-07,51.99,11911,Spain,Sports,1712.02
INV009667,SKU0399,BudgetWidgetE,2,2012-01-07,49.09,11339,France,Toys,3854.59
INV009668,SKU0147,ClassicWidgetB,49,2012-01-07,86.09,12246,Spain,Electronics,471.26
INV009669,SKU0335,PremiumWidgetA,22,2012-01-07,114.9,16446,UnitedKingdom,Books,4348.87
INV009670,SKU0070,DeluxeWidgetC,96,2012-01-07,85.8,12951,Spain,Clothing,3892.38
INV009671,SKU0232,ProWidgetF,29,2012-01-07,113.35,10497,UnitedKingdom,Electronics,2605.32
INV009672,SKU0333,ClassicWidgetB,35,2012-01-08,15.3,10790,Spain,Electronics,4105.35
INV009673,SKU0298,ClassicWidgetB,81,2012-01-08,131.78,18201,France,Toys,3333.45
INV009674,SKU0153,BasicWidgetH,76,2012-01-08,80.72,13098,Netherlands,Sports,2761.58
INV009675,SKU0089,ProWidgetF,24,2012-01-08,6.11,18184,Australia,Food,4730.06
INV009676,SKU0333,StandardWidgetD,94,2012-01-08,96.66,12816,Netherlands,Clothing,652.2
INV009677,SKU0198,StandardWidgetD,30,2012-01-08,77.84,10326,UnitedKingdom,Clothing,4964.85
INV009678,SKU0160,BudgetWidgetE,84,2012-01-08,33.45,10882,Belgium,Sports,773.01
INV009679,SKU0025,BudgetWidgetE,42,2012-01-08,114.78,11671,Australia,HomeGarden,2401.4
INV009680,SKU0120,ClassicWidgetB,71,2012-01-08,140.07,15002,Germany,Electronics,1157.82
INV009681,SKU0300,EliteWidgetG,50,2012-01-08,48.74,18929,France,Sports,1360.3
INV009682,SKU0211,ClassicWidgetB,71,2012-01-08,74.34,12174,Netherlands,Food,3159.53
INV009683,SKU0062,BudgetWidgetE,60,2012-01-08,19.66,15235,Australia,Toys,174.52
INV009684,SKU0450,ProWidgetF,30,2012-01-08,139.51,10923,France,HomeGarden,4703.79
INV009685,SKU0435,BudgetWidgetE,12,2012-01-08,48.16,14266,Netherlands,Sports,1398.83
INV009686,SKU0067,ClassicWidgetB,49,2012-01-08,29.62,18112,UnitedKingdom,Books,1363.39
INV009687,SKU0252,DeluxeWidgetC,95,2012-01-08,72.03,12824,UnitedKingdom,HomeGarden,4317.96
INV009688,SKU0409,ClassicWidgetB,82,2012-01-08,6.97,15107,Belgium,Food,3824.42
INV009689,SKU0458,DeluxeWidgetC,46,2012-01-08,38.3,16869,UnitedKingdom,Toys,3358.94
INV009690,SKU0001,DeluxeWidgetC,43,2012-01-08,10.61,15720,Germany,HomeGarden,732.65
INV009691,SKU0397,ClassicWidgetB,2,2012-01-08,19.54,19345,Spain,Clothing,3848.31
INV009692,SKU0107,EliteWidgetG,97,2012-01-08,17.27,12070,UnitedKingdom,Electronics,1804.47
INV009693,SKU0285,EliteWidgetG,75,2012-01-08,130.93,17346,UnitedKingdom,Sports,4969.45
INV009694,SKU0048,PremiumWidgetA,98,2012-01-08,139.6,16544,Spain,Food,3356.58
INV009695,SKU0139,BudgetWidgetE,80,2012-01-08,71.44,14600,UnitedKingdom,Food,4179.63
INV009696,SKU0217,EliteWidgetG,54,2012-01-09,94.75,10920,Australia,Toys,3669.19
INV009697,SKU0043,StandardWidgetD,35,2012-01-09,104.54,16091,Belgium,Toys,2971.6
INV009698,SKU0416,ClassicWidgetB,52,2012-01-09,59.0,13482,France,Sports,3581.88
INV009699,SKU0268,DeluxeWidgetC,33,2012-01-09,55.85,16472,Germany,Electronics,2987.82
INV009700,SKU0077,ClassicWidgetB,85,2012-01-09,101.5,11443,Netherlands,Toys,256.94
INV009701,SKU0215,BudgetWidgetE,84,2012-01-09,56.82,12801,Spain,Toys,1728.27
INV009702,SKU0381,ProWidgetF,72,2012-01-09,87.36,11775,Belgium,Electronics,1582.77
INV009703,SKU0097,EliteWidgetG,51,2012-01-09,77.52,18220,Belgium,Toys,3570.15
INV009704,SKU0235,EliteWidgetG,26,2012-01-09,78.91,12292,Spain,Toys,2881.29
INV009705,SKU0281,EliteWidgetG,97,2012-01-09,124.49,13703,Spain,Toys,3052.83
INV009706,SKU0148,DeluxeWidgetC,62,2012-01-09,105.76,10825,Germany,Clothing,4235.06
INV009707,SKU0411,StandardWidgetD,61,2012-01-09,144.12,17711,France,Electronics,2627.01
INV009708,SKU0303,BasicWidgetH,26,2012-01-09,118.75,13741,Belgium,Books,1092.17
INV009709,SKU0483,StandardWidgetD,37,2012-01-09,22.3,18330,UnitedKingdom,Clothing,63.19
INV009710,SKU0423,EliteWidgetG,30,2012-01-09,110.9,14452,Spain,HomeGarden,798.33
INV009711,SKU0065,StandardWidgetD,95,2012-01-09,100.01,12259,UnitedKingdom,Electronics,153.86
INV009712,SKU0233,ProWidgetF,97,2012-01-09,97.08,11162,Netherlands,HomeGarden,1186.09
INV009713,SKU0456,EliteWidgetG,11,2012-01-09,72.37,13439,Spain,Clothing,3175.35
INV009714,SKU0086,PremiumWidgetA,53,2012-01-09,9.84,12533,Belgium,Toys,757.94
INV009715,SKU0078,DeluxeWidgetC,41,2012-01-09,142.75,15612,Germany,Books,410.53
INV009716,SKU0204,ProWidgetF,5,2012-01-09,127.86,19551,Germany,Food,4854.3
INV009717,SKU0278,BasicWidgetH,66,2012-01-09,73.28,17930,Belgium,Books,4984.53
INV009718,SKU0336,DeluxeWidgetC,13,2012-01-09,24.21,12225,Belgium,Electronics,3185.48
INV009719,SKU0253,BasicWidgetH,63,2012-01-09,123.76,13672,Netherlands,Books,543.72
INV009720,SKU0303,EliteWidgetG,82,2012-01-10,64.89,12160,Germany,Toys,4107.78
INV009721,SKU0379,ProWidgetF,90,2012-01-10,58.82,18474,Germany,Food,2696.53
INV009722,SKU0129,EliteWidgetG,25,2012-01-10,99.97,19331,Germany,Sports,911.19
INV009723,SKU0083,BasicWidgetH,44,2012-01-10,113.92,11797,Spain,Toys,2878.89
INV009724,SKU0275,BasicWidgetH,14,2012-01-10,9.89,19382,Netherlands,Clothing,197.87
INV009725,SKU0186,ProWidgetF,69,2012-01-10,115.25,11244,Spain,Toys,4862.38
INV009726,SKU0045,EliteWidgetG,59,2012-01-10,110.22,17069,Netherlands,Books,4130.0
INV009727,SKU0386,PremiumWidgetA,56,2012-01-10,88.59,17893,France,Clothing,1304.62
INV009728,SKU0182,DeluxeWidgetC,52,2012-01-10,51.09,14408,Germany,Clothing,2095.14
INV009729,SKU0267,ProWidgetF,66,2012-01-10,25.14,11930,France,Toys,1977.02
INV009730,SKU0295,PremiumWidgetA,68,2012-01-10,15.85,12518,Australia,Toys,4307.61
INV009731,SKU0321,ClassicWidgetB,12,2012-01-10,0.68,10047,Australia,Sports,1773.82
INV009732,SKU0099,EliteWidgetG,75,2012-01-10,31.37,10133,Germany,Toys,240.85
INV009733,SKU0077,BudgetWidgetE,68,2012-01-10,61.99,15675,UnitedKingdom,Toys,1074.23
INV009734,SKU0271,ProWidgetF,43,2012-01-10,36.92,12364,Belgium,Food,1078.63
INV009735,SKU0338,StandardWidgetD,73,2012-01-10,46.69,13509,Australia,Electronics,4746.26
INV009736,SKU0161,PremiumWidgetA,74,2012-01-10,58.87,17153,UnitedKingdom,Clothing,4620.35
INV009737,SKU0043,PremiumWidgetA,91,2012-01-10,46.59,14094,France,Sports,1503.67
INV009738,SKU0237,ProWidgetF,6,2012-01-10,108.83,12537,Germany,Books,14.83
INV009739,SKU0133,BasicWidgetH,15,2012-01-10,74.01,17996,Belgium,Food,2585.47
INV009740,SKU0460,PremiumWidgetA,42,2012-01-10,3.39,15984,France,HomeGarden,3986.4
INV009741,SKU0191,ClassicWidgetB,31,2012-01-10,34.39,12471,Spain,Electronics,1343.76
INV009742,SKU0355,PremiumWidgetA,86,2012-01-10,106.59,12434,France,Food,2195.78
INV009743,SKU0277,BudgetWidgetE,53,2012-01-10,45.49,15021,Netherlands,Toys,864.77
INV009744,SKU0017,BudgetWidgetE,6,2012-01-11,138.06,14335,Germany,HomeGarden,1637.65
INV009745,SKU0011,BasicWidgetH,33,2012-01-11,107.04,13522,Netherlands,Sports,3794.51
INV009746,SKU0179,EliteWidgetG,29,2012-01-11,43.84,12305,France,Clothing,2141.98
INV009747,SKU0122,EliteWidgetG,21,2012-01-11,77.7,15287,UnitedKingdom,Sports,2236.91
INV009748,SKU0245,BasicWidgetH,54,2012-01-11,100.25,10663,Germany,Electronics,3947.97
INV009749,SKU0221,StandardWidgetD,56,2012-01-11,29.41,15681,Germany,Electronics,3815.1
INV009750,SKU0372,ClassicWidgetB,94,2012-01-11,37.31,17443,Australia,Books,936.58
INV009751,SKU0050,BudgetWidgetE,21,2012-01-11,76.32,15944,UnitedKingdom,Sports,2076.95
INV009752,SKU0487,BasicWidgetH,55,2012-01-11,138.77,17774,Spain,Electronics,4244.44
INV009753,SKU0070,ProWidgetF,58,2012-01-11,51.93,14849,UnitedKingdom,Sports,2284.23
INV009754,SKU0479,DeluxeWidgetC,64,2012-01-11,60.62,14200,France,Books,3309.16
INV009755,SKU0047,DeluxeWidgetC,86,2012-01-11,29.0,17097,France,Books,1530.5
INV009756,SKU0018,DeluxeWidgetC,46,2012-01-11,89.18,15022,France,Sports,298.73
INV009757,SKU0261,EliteWidgetG,84,2012-01-11,111.15,13492,Australia,Toys,825.33
INV009758,SKU0083,ProWidgetF,22,2012-01-11,66.38,15468,UnitedKingdom,Electronics,2009.2
INV009759,SKU0154,PremiumWidgetA,60,2012-01-11,112.66,17939,Netherlands,Food,1767.98
INV009760,SKU0052,ProWidgetF,11,2012-01-11,45.74,19145,UnitedKingdom,Clothing,4478.31
INV009761,SKU0106,PremiumWidgetA,47,2012-01-11,106.19,11673,Netherlands,Toys,2728.57
INV009762,SKU0356,DeluxeWidgetC,31,2012-01-11,39.12,11342,Germany,Clothing,3136.15
INV009763,SKU0303,StandardWidgetD,77,2012-01-11,117.21,18431,Netherlands,Toys,3443.72
INV009764,SKU0134,StandardWidgetD,18,2012-01-11,124.68,16570,Belgium,Books,2658.6
INV009765,SKU0442,BasicWidgetH,22,2012-01-11,119.76,13049,Germany,Electronics,3848.46
INV009766,SKU0068,PremiumWidgetA,56,2012-01-11,32.71,16283,Spain,Books,3915.72
INV009767,SKU0010,DeluxeWidgetC,17,2012-01-11,104.29,14247,Spain,Food,1757.58
INV009768,SKU0142,ProWidgetF,38,2012-01-12,81.01,16574,Belgium,Books,424.84
INV009769,SKU0191,StandardWidgetD,25,2012-01-12,147.91,19655,France,Books,4931.78
INV009770,SKU0386,PremiumWidgetA,32,2012-01-12,54.56,15331,Belgium,Food,3213.46
INV009771,SKU0377,BasicWidgetH,15,2012-01-12,115.8,10399,UnitedKingdom,Books,3544.87
INV009772,SKU0068,ProWidgetF,13,2012-01-12,55.83,11937,France,Sports,3783.72
INV009773,SKU0022,DeluxeWidgetC,58,2012-01-12,59.83,18373,UnitedKingdom,Sports,3065.2
INV009774,SKU0180,ClassicWidgetB,90,2012-01-12,17.09,11074,Netherlands,Electronics,2355.04
INV009775,SKU0292,DeluxeWidgetC,50,2012-01-12,36.33,12573,UnitedKingdom,Toys,4923.36
INV009776,SKU0008,EliteWidgetG,11,2012-01-12,25.09,12397,Netherlands,Electronics,3638.56
INV009777,SKU0270,DeluxeWidgetC,13,2012-01-12,24.3,19273,UnitedKingdom,HomeGarden,4229.4
INV009778,SKU0386,BasicWidgetH,97,2012-01-12,1.85,10418,Belgium,Clothing,2198.94
INV009779,SKU0092,ProWidgetF,50,2012-01-12,119.17,19352,Belgium,Food,4523.98
INV009780,SKU0453,BasicWidgetH,38,2012-01-12,70.46,10639,Belgium,Sports,3661.02
INV009781,SKU0016,ProWidgetF,1,2012-01-12,120.72,12084,Belgium,Food,3730.89
INV009782,SKU0153,BudgetWidgetE,39,2012-01-12,92.08,14589,Germany,Electronics,435.57
INV009783,SKU0404,BudgetWidgetE,27,2012-01-12,124.78,10358,Netherlands,Toys,3087.67
INV009784,SKU0327,ProWidgetF,36,2012-01-12,75.81,11803,Belgium,Books,1676.75
INV009785,SKU0148,ProWidgetF,32,2012-01-12,14.56,15204,France,Sports,3345.34
INV009786,SKU0376,ClassicWidgetB,41,2012-01-12,92.71,17889,France,Clothing,2841.5
INV009787,SKU0266,ClassicWidgetB,15,2012-01-12,101.83,10538,France,Sports,556.84
INV009788,SKU0421,DeluxeWidgetC,31,2012-01-12,94.16,14439,France,Toys,2650.41
INV009789,SKU0327,BasicWidgetH,6,2012-01-12,120.3,16888,Germany,Clothing,2256.84
INV009790,SKU0105,EliteWidgetG,89,2012-01-12,109.86,19905,Germany,HomeGarden,3882.44
INV009791,SKU0471,BasicWidgetH,52,2012-01-12,65.18,10865,Australia,Electronics,2513.69
INV009792,SKU0380,StandardWidgetD,82,2012-01-13,122.96,16028,Australia,Toys,2406.33
INV009793,SKU0034,BasicWidgetH,22,2012-01-13,103.92,18967,Belgium,Clothing,3597.74
INV009794,SKU0118,EliteWidgetG,31,2012-01-13,18.49,14671,Australia,HomeGarden,3343.27
INV009795,SKU0013,ClassicWidgetB,73,2012-01-13,81.21,11035,Spain,Toys,4959.28
INV009796,SKU0013,DeluxeWidgetC,46,2012-01-13,109.42,18552,Belgium,Toys,1760.41
INV009797,SKU0265,EliteWidgetG,67,2012-01-13,83.22,12819,Australia,Sports,3442.09
INV009798,SKU0139,BasicWidgetH,97,2012-01-13,142.38,18487,UnitedKingdom,Electronics,837.13
INV009799,SKU0293,PremiumWidgetA,91,2012-01-13,15.67,11426,Spain,Food,4023.0
INV009800,SKU0363,BudgetWidgetE,43,2012-01-13,108.49,15494,Netherlands,Food,3930.99
INV009801,SKU0118,EliteWidgetG,1,2012-01-13,123.76,10692,France,Clothing,3629.38
INV009802,SKU0237,StandardWidgetD,44,2012-01-13,105.55,17593,UnitedKingdom,Toys,596.13
INV009803,SKU0033,DeluxeWidgetC,57,2012-01-13,58.14,11067,Spain,Food,4937.74
INV009804,SKU0168,EliteWidgetG,9,2012-01-13,58.13,11132,Belgium,Toys,4713.11
INV009805,SKU0009,ProWidgetF,5,2012-01-13,88.19,19313,Germany,Clothing,1851.09
INV009806,SKU0121,BasicWidgetH,79,2012-01-13,59.87,17612,France,Food,2887.0
INV009807,SKU0400,PremiumWidgetA,9,2012-01-13,132.54,19433,Netherlands,Toys,4444.55
INV009808,SKU0144,BudgetWidgetE,45,2012-01-13,16.93,10946,Netherlands,Electronics,2473.73
INV009809,SKU0450,PremiumWidgetA,92,2012-01-13,96.05,11615,Belgium,Toys,2996.22
INV009810,SKU0445,DeluxeWidgetC,77,2012-01-13,20.55,18254,Belgium,Food,3016.61
INV009811,SKU0222,BasicWidgetH,24,2012-01-13,81.25,15715,Germany,Sports,3246.63
INV009812,SKU0370,ClassicWidgetB,74,2012-01-13,107.48,16069,France,Sports,2877.93
INV009813,SKU0256,BudgetWidgetE,42,2012-01-13,25.24,10393,Australia,Books,2030.32
INV009814,SKU0267,BasicWidgetH,22,2012-01-13,105.75,19718,France,Toys,2697.86
INV009815,SKU0358,PremiumWidgetA,60,2012-01-13,21.43,17534,France,Sports,4357.34
INV009816,SKU0003,ClassicWidgetB,86,2012-01-14,93.27,19693,Netherlands,Electronics,4320.65
INV009817,SKU0425,StandardWidgetD,37,2012-01-14,76.08,17422,Germany,HomeGarden,3862.96
INV009818,SKU0396,DeluxeWidgetC,39,2012-01-14,45.06,16202,France,Electronics,2071.12
INV009819,SKU0353,DeluxeWidgetC,84,2012-01-14,17.18,10519,UnitedKingdom,Clothing,3930.08
INV009820,SKU0105,BudgetWidgetE,74,2012-01-14,110.51,10388,UnitedKingdom,Toys,1939.89
INV009821,SKU0084,PremiumWidgetA,74,2012-01-14,57.58,10587,Belgium,Food,3320.68
INV009822,SKU0213,StandardWidgetD,90,2012-01-14,13.44,13497,Germany,Books,2837.57
INV009823,SKU0120,ProWidgetF,89,2012-01-14,116.03,17669,Australia,Books,1500.82
INV009824,SKU0131,BudgetWidgetE,53,2012-01-14,35.32,12571,Spain,Food,2264.94
INV009825,SKU0337,BasicWidgetH,28,2012-01-14,110.6,18471,France,Food,4151.98
INV009826,SKU0196,ProWidgetF,77,2012-01-14,84.95,16708,Spain,HomeGarden,4563.85
INV009827,SKU0018,BudgetWidgetE,15,2012-01-14,29.58,18996,France,Food,1027.27
INV009828,SKU0129,PremiumWidgetA,60,2012-01-14,11.92,18266,Netherlands,Toys,2281.62
INV009829,SKU0011,StandardWidgetD,60,2012-01-14,89.19,12985,France,Clothing,2168.09
INV009830,SKU0080,PremiumWidgetA,6,2012-01-14,4.27,10709,Spain,Food,2445.59
INV009831,SKU0329,DeluxeWidgetC,52,2012-01-14,10.29,13662,Australia,Sports,4883.15
INV009832,SKU0353,ProWidgetF,12,2012-01-14,105.48,14630,France,Food,2594.19
INV009833,SKU0261,ClassicWidgetB,19,2012-01-14,81.06,11430,France,Sports,4150.55
INV009834,SKU0391,EliteWidgetG,96,2012-01-14,49.28,14991,Belgium,Sports,3320.02
INV009835,SKU0124,BasicWidgetH,75,2012-01-14,81.11,15067,Netherlands,Electronics,536.85
INV009836,SKU0306,DeluxeWidgetC,97,2012-01-14,88.95,18838,UnitedKingdom,Sports,3478.59
INV009837,SKU0266,DeluxeWidgetC,2,2012-01-14,85.01,12038,UnitedKingdom,Clothing,3235.65
INV009838,SKU0446,ProWidgetF,55,2012-01-14,96.56,14133,Belgium,Books,3792.59
INV009839,SKU0440,BasicWidgetH,15,2012-01-14,141.07,15351,Australia,Electronics,373.17
INV009840,SKU0382,BudgetWidgetE,64,2012-01-15,58.62,12215,Germany,Sports,1207.3
INV009841,SKU0139,DeluxeWidgetC,69,2012-01-15,45.52,13356,Germany,Clothing,3846.67
INV009842,SKU0328,EliteWidgetG,15,2012-01-15,6.25,10102,Netherlands,HomeGarden,1853.71
INV009843,SKU0001,StandardWidgetD,43,2012-01-15,22.49,18336,Spain,Clothing,4554.18
INV009844,SKU0007,DeluxeWidgetC,74,2012-01-15,16.38,18946,Spain,Books,2588.83
INV009845,SKU0249,StandardWidgetD,17,2012-01-15,50.65,16803,France,Clothing,6.13
INV009846,SKU0138,PremiumWidgetA,98,2012-01-15,91.69,14461,Netherlands,Food,3494.48
INV009847,SKU0123,BasicWidgetH,24,2012-01-15,7.43,16296,Spain,Clothing,2567.81
INV009848,SKU0308,BudgetWidgetE,74,2012-01-15,109.29,16565,UnitedKingdom,Food,1586.15
INV009849,SKU0227,StandardWidgetD,30,2012-01-15,59.92,16462,Belgium,Food,103.18
INV009850,SKU0009,DeluxeWidgetC,67,2012-01-15,144.54,10082,Australia,Electronics,994.53
INV009851,SKU0468,BudgetWidgetE,51,2012-01-15,85.47,19503,Germany,Books,808.81
INV009852,SKU0211,EliteWidgetG,60,2012-01-15,115.82,17963,Belgium,Sports,2914.69
INV009853,SKU0111,BudgetWidgetE,3,2012-01-15,129.25,15990,France,Food,3848.0
INV009854,SKU0007,StandardWidgetD,5,2012-01-15,133.38,15752,Belgium,Food,1173.8
INV009855,SKU0291,BasicWidgetH,28,2012-01-15,78.01,16222,Germany,Books,3488.92
INV009856,SKU0476,StandardWidgetD,78,2012-01-15,59.81,13668,UnitedKingdom,HomeGarden,4499.22
INV009857,SKU0361,ClassicWidgetB,11,2012-01-15,84.3,11615,France,Toys,3108.31
INV009858,SKU0459,ClassicWidgetB,72,2012-01-15,60.61,14246,UnitedKingdom,Food,3878.46
INV009859,SKU0252,BudgetWidgetE,72,2012-01-15,36.49,12062,Germany,Food,1021.95
INV009860,SKU0013,ProWidgetF,76,2012-01-15,48.93,18971,Germany,Books,375.62
INV009861,SKU0239,BasicWidgetH,15,2012-01-15,35.3,17555,UnitedKingdom,Electronics,1827.57
INV009862,SKU0437,ProWidgetF,83,2012-01-15,40.78,11058,France,Sports,3545.33
INV009863,SKU0241,ClassicWidgetB,48,2012-01-15,14.49,12398,UnitedKingdom,Books,3430.81
INV009864,SKU0468,DeluxeWidgetC,46,2012-01-16,64.26,12330,France,Toys,4775.44
INV009865,SKU0341,PremiumWidgetA,28,2012-01-16,35.67,11759,Netherlands,Food,3150.26
INV009866,SKU0148,BudgetWidgetE,7,2012-01-16,67.53,10427,Netherlands,Sports,2057.01
INV009867,SKU0235,PremiumWidgetA,71,2012-01-16,118.93,15377,France,Food,3985.86
INV009868,SKU0305,ClassicWidgetB,94,2012-01-16,67.52,15029,UnitedKingdom,Electronics,766.19
INV009869,SKU0477,StandardWidgetD,82,2012-01-16,143.21,13876,Belgium,Food,4065.3
INV009870,SKU0166,EliteWidgetG,88,2012-01-16,22.6,12116,Belgium,Food,1830.29
INV009871,SKU0019,BudgetWidgetE,6,2012-01-16,127.61,10559,France,Clothing,770.9
INV009872,SKU0215,ClassicWidgetB,58,2012-01-16,37.61,15441,Germany,Food,811.54
INV009873,SKU0342,BasicWidgetH,68,2012-01-16,140.12,19577,Belgium,Toys,4918.0
INV009874,SKU0134,DeluxeWidgetC,55,2012-01-16,34.46,12617,UnitedKingdom,HomeGarden,3116.49
INV009875,SKU0392,EliteWidgetG,67,2012-01-16,112.17,10589,Spain,Books,872.15
INV009876,SKU0128,BudgetWidgetE,49,2012-01-16,9.79,10498,France,Sports,1343.54
INV009877,SKU0409,BudgetWidgetE,51,2012-01-16,94.66,16347,Germany,Books,1861.03
INV009878,SKU0421,BasicWidgetH,59,2012-01-16,33.19,17904,Australia,Food,280.44
INV009879,SKU0293,ProWidgetF,6,2012-01-16,100.69,19721,Germany,Electronics,542.97
INV009880,SKU0245,StandardWidgetD,90,2012-01-16,95.56,19830,Spain,Clothing,3809.01
INV009881,SKU0188,BudgetWidgetE,51,2012-01-16,138.59,19324,France,Electronics,3934.58
INV009882,SKU0043,StandardWidgetD,38,2012-01-16,94.19,17432,UnitedKingdom,Toys,4941.18
INV009883,SKU0085,ClassicWidgetB,11,2012-01-16,61.53,15956,UnitedKingdom,Food,338.91
INV009884,SKU0043,DeluxeWidgetC,52,2012-01-16,29.44,14483,Netherlands,Food,4446.03
INV009885,SKU0329,EliteWidgetG,93,2012-01-16,98.79,18607,Spain,Sports,1586.76
INV009886,SKU0374,EliteWidgetG,20,2012-01-16,17.9,14996,France,Books,1639.93
INV009887,SKU0445,DeluxeWidgetC,10,2012-01-16,124.36,11591,Germany,Food,637.28
INV009888,SKU0377,BudgetWidgetE,26,2012-01-17,37.48,14407,Germany,Sports,4931.51
INV009889,SKU0389,BudgetWidgetE,48,2012-01-17,78.86,13883,Spain,Food,4904.97
INV009890,SKU0144,ClassicWidgetB,91,2012-01-17,89.59,11607,France,Toys,4324.28
INV009891,SKU0050,ProWidgetF,14,2012-01-17,54.69,13724,Germany,Toys,454.81
INV009892,SKU0241,ProWidgetF,59,2012-01-17,99.75,17555,Belgium,Food,4208.41
INV009893,SKU0293,ProWidgetF,12,2012-01-17,37.91,19907,Australia,Electronics,3173.44
INV009894,SKU0407,StandardWidgetD,23,2012-01-17,5.68,10202,Spain,Books,644.75
INV009895,SKU0050,ProWidgetF,85,2012-01-17,143.91,13854,Netherlands,Sports,1309.53
INV009896,SKU0265,DeluxeWidgetC,72,2012-01-17,48.35,18301,UnitedKingdom,Books,3446.43
INV009897,SKU0119,EliteWidgetG,39,2012-01-17,107.16,10768,Germany,HomeGarden,4017.4
INV009898,SKU0199,EliteWidgetG,9,2012-01-17,76.38,10138,Australia,Electronics,4240.59
INV009899,SKU0404,StandardWidgetD,88,2012-01-17,100.52,10220,France,Electronics,2719.61
INV009900,SKU0247,ClassicWidgetB,95,2012-01-17,17.09,17356,Germany,HomeGarden,2673.56
INV009901,SKU0069,DeluxeWidgetC,25,2012-01-17,78.07,19052,Spain,Clothing,3421.36
INV009902,SKU0340,EliteWidgetG,17,2012-01-17,59.14,13927,France,Toys,3888.84
INV009903,SKU0056,DeluxeWidgetC,42,2012-01-17,68.05,12387,Australia,Sports,853.76
INV009904,SKU0381,EliteWidgetG,29,2012-01-17,144.95,12525,Australia,Food,3699.45
INV009905,SKU0038,PremiumWidgetA,60,2012-01-17,20.88,15054,Belgium,Clothing,1709.09
INV009906,SKU0471,ClassicWidgetB,67,2012-01-17,113.33,19637,UnitedKingdom,Books,1919.41
INV009907,SKU0288,ClassicWidgetB,85,2012-01-17,49.89,16956,France,Sports,389.49
INV009908,SKU0442,BasicWidgetH,57,2012-01-17,43.91,11609,Netherlands,Food,2942.52
INV009909,SKU0017,PremiumWidgetA,72,2012-01-17,40.98,15443,UnitedKingdom,Food,468.01
INV009910,SKU0439,StandardWidgetD,14,2012-01-17,52.64,10198,France,Sports,4565.76
INV009911,SKU0219,EliteWidgetG,39,2012-01-17,53.89,15984,Belgium,Toys,3105.23
INV009912,SKU0312,BasicWidgetH,16,2012-01-18,40.98,19352,France,Sports,4951.42
INV009913,SKU0243,EliteWidgetG,18,2012-01-18,100.29,11369,Belgium,HomeGarden,1229.02
INV009914,SKU0351,EliteWidgetG,95,2012-01-18,7.63,13571,Australia,Food,3398.32
INV009915,SKU0459,ProWidgetF,75,2012-01-18,50.18,10488,Spain,Electronics,4822.19
INV009916,SKU0303,ProWidgetF,20,2012-01-18,42.39,13540,Australia,HomeGarden,1493.59
INV009917,SKU0297,ProWidgetF,46,2012-01-18,112.84,19056,France,HomeGarden,482.52
INV009918,SKU0282,ProWidgetF,45,2012-01-18,22.4,12180,Spain,Food,3170.25
INV009919,SKU0073,ProWidgetF,4,2012-01-18,141.13,13328,Spain,HomeGarden,1831.13
INV009920,SKU0109,PremiumWidgetA,84,2012-01-18,25.99,13634,Australia,Clothing,1366.02
INV009921,SKU0179,ClassicWidgetB,95,2012-01-18,55.82,10655,Belgium,HomeGarden,4967.94
INV009922,SKU0425,StandardWidgetD,20,2012-01-18,30.36,15986,Belgium,Electronics,3770.79
INV009923,SKU0031,DeluxeWidgetC,11,2012-01-18,43.36,19571,Belgium,Sports,2427.49
INV009924,SKU0233,ProWidgetF,65,2012-01-18,114.27,10235,France,Clothing,250.97
INV009925,SKU0281,PremiumWidgetA,18,2012-01-18,71.72,10988,France,Food,958.89
INV009926,SKU0024,BasicWidgetH,39,2012-01-18,24.81,11382,Spain,Toys,1494.59
INV009927,SKU0330,BasicWidgetH,44,2012-01-18,7.47,19006,UnitedKingdom,HomeGarden,2436.5
INV009928,SKU0278,EliteWidgetG,97,2012-01-18,34.87,19881,UnitedKingdom,HomeGarden,2486.75
INV009929,SKU0225,StandardWidgetD,18,2012-01-18,141.87,15629,Netherlands,Sports,124.64
INV009930,SKU0056,BasicWidgetH,47,2012-01-18,126.87,12486,UnitedKingdom,Sports,4716.84
INV009931,SKU0179,StandardWidgetD,31,2012-01-18,66.31,11665,Germany,Toys,2714.49
INV009932,SKU0231,StandardWidgetD,99,2012-01-18,72.56,13986,Germany,Clothing,99.62
INV009933,SKU0381,PremiumWidgetA,39,2012-01-18,134.96,18186,Australia,Toys,3506.97
INV009934,SKU0342,DeluxeWidgetC,38,2012-01-18,88.91,11823,Spain,Toys,357.69
INV009935,SKU0476,ProWidgetF,79,2012-01-18,132.17,15828,Germany,Electronics,3606.13
INV009936,SKU0286,StandardWidgetD,47,2012-01-19,74.03,15430,UnitedKingdom,Clothing,3507.76
INV009937,SKU0063,PremiumWidgetA,70,2012-01-19,30.41,15336,Spain,Sports,4924.63
INV009938,SKU0454,EliteWidgetG,8,2012-01-19,109.03,14088,Netherlands,Electronics,1710.85
INV009939,SKU0231,ClassicWidgetB,86,2012-01-19,79.2,10610,France,Food,722.49
INV009940,SKU0288,EliteWidgetG,65,2012-01-19,100.43,19527,Netherlands,HomeGarden,460.25
INV009941,SKU0212,PremiumWidgetA,13,2012-01-19,24.01,13868,UnitedKingdom,Toys,359.56
INV009942,SKU0257,PremiumWidgetA,55,2012-01-19,97.32,14325,UnitedKingdom,HomeGarden,4051.86
INV009943,SKU0017,PremiumWidgetA,88,2012-01-19,57.65,14435,UnitedKingdom,Books,3593.02
INV009944,SKU0174,StandardWidgetD,85,2012-01-19,50.13,12163,Australia,Sports,4879.6
INV009945,SKU0416,PremiumWidgetA,43,2012-01-19,100.89,18262,Germany,Books,1546.62
INV009946,SKU0228,ClassicWidgetB,4,2012-01-19,89.04,11749,UnitedKingdom,Clothing,4015.71
INV009947,SKU0225,StandardWidgetD,71,2012-01-19,97.54,14945,France,Clothing,465.98
INV009948,SKU0083,EliteWidgetG,60,2012-01-19,144.82,15172,Germany,Toys,4519.5
INV009949,SKU0290,ClassicWidgetB,12,2012-01-19,105.33,10341,Germany,Electronics,260.1
INV009950,SKU0434,BasicWidgetH,59,2012-01-19,96.31,14683,Australia,Toys,3939.63
INV009951,SKU0369,BudgetWidgetE,77,2012-01-19,92.23,13831,Netherlands,Sports,1537.47
INV009952,SKU0245,EliteWidgetG,54,2012-01-19,60.11,12379,Spain,Electronics,906.78
INV009953,SKU0401,PremiumWidgetA,44,2012-01-19,125.96,16105,Germany,Electronics,3522.87
INV009954,SKU0109,ProWidgetF,16,2012-01-19,57.45,13869,Germany,Food,4479.49
INV009955,SKU0253,ProWidgetF,6,2012-01-19,105.19,16068,UnitedKingdom,Food,3820.87
INV009956,SKU0087,StandardWidgetD,14,2012-01-19,44.32,12439,France,Clothing,1566.19
INV009957,SKU0071,ProWidgetF,58,2012-01-19,22.59,17906,UnitedKingdom,Clothing,1768.5
INV009958,SKU0380,EliteWidgetG,31,2012-01-19,19.9,17857,France,Toys,947.33
INV009959,SKU0029,StandardWidgetD,41,2012-01-19,95.37,15429,Germany,Sports,4120.48
INV009960,SKU0171,EliteWidgetG,35,2012-01-20,49.53,10471,France,Clothing,536.36
INV009961,SKU0308,PremiumWidgetA,10,2012-01-20,41.62,18059,UnitedKingdom,Sports,4516.17
INV009962,SKU0393,DeluxeWidgetC,81,2012-01-20,89.01,13765,UnitedKingdom,Books,3006.07
INV009963,SKU0342,DeluxeWidgetC,30,2012-01-20,4.34,17826,Netherlands,Toys,2944.69
INV009964,SKU0435,ClassicWidgetB,44,2012-01-20,37.31,17912,Australia,HomeGarden,4189.27
INV009965,SKU0176,PremiumWidgetA,55,2012-01-20,51.41,18845,Netherlands,Toys,3338.0
INV009966,SKU0138,ProWidgetF,71,2012-01-20,106.4,10461,Germany,Books,1521.89
INV009967,SKU0193,PremiumWidgetA,18,2012-01-20,81.98,11173,France,Food,1748.23
INV009968,SKU0185,BudgetWidgetE,83,2012-01-20,128.47,11667,UnitedKingdom,Food,866.1
INV009969,SKU0217,DeluxeWidgetC,79,2012-01-20,50.51,13321,UnitedKingdom,Clothing,2320.85
INV009970,SKU0163,ProWidgetF,86,2012-01-20,44.82,18831,UnitedKingdom,HomeGarden,551.66
INV009971,SKU0160,EliteWidgetG,39,2012-01-20,5.46,14369,Spain,HomeGarden,3265.53
INV009972,SKU0430,EliteWidgetG,42,2012-01-20,142.78,18673,UnitedKingdom,Toys,846.97
INV009973,SKU0012,DeluxeWidgetC,54,2012-01-20,75.47,18273,Spain,Toys,4319.79
INV009974,SKU0295,PremiumWidgetA,30,2012-01-20,75.63,14126,Germany,Electronics,3502.61
INV009975,SKU0088,ProWidgetF,20,2012-01-20,138.55,12793,Australia,HomeGarden,4457.66
INV009976,SKU0323,ClassicWidgetB,96,2012-01-20,43.84,19299,Netherlands,Sports,436.07
INV009977,SKU0041,EliteWidgetG,42,2012-01-20,50.15,16185,Spain,Clothing,3992.75
INV009978,SKU0402,PremiumWidgetA,89,2012-01-20,98.62,13785,Netherlands,Food,4404.14
INV009979,SKU0209,ClassicWidgetB,87,2012-01-20,117.88,10250,Spain,Clothing,223.8
INV009980,SKU0228,BasicWidgetH,5,2012-01-20,105.05,11620,UnitedKingdom,Electronics,4995.38
INV009981,SKU0349,ProWidgetF,50,2012-01-20,118.41,19910,UnitedKingdom,Toys,1503.92
INV009982,SKU0274,DeluxeWidgetC,41,2012-01-20,86.48,18457,France,Toys,1059.39
INV009983,SKU0441,BasicWidgetH,94,2012-01-20,129.49,10021,UnitedKingdom,Electronics,2075.11
INV009984,SKU0278,BudgetWidgetE,39,2012-01-21,82.74,12123,Netherlands,Clothing,44.17
INV009985,SKU0250,BasicWidgetH,57,2012-01-21,34.79,11510,France,Electronics,4429.65
INV009986,SKU0309,StandardWidgetD,91,2012-01-21,81.48,13852,Belgium,HomeGarden,1343.19
INV009987,SKU0207,DeluxeWidgetC,57,2012-01-21,107.09,14775,France,Food,2608.44
INV009988,SKU0320,ClassicWidgetB,37,2012-01-21,98.21,17008,UnitedKingdom,HomeGarden,3118.17
INV009989,SKU0139,PremiumWidgetA,7,2012-01-21,36.83,13422,Belgium,Sports,3955.67
INV009990,SKU0279,BasicWidgetH,5,2012-01-21,6.64,18431,Belgium,Toys,1251.78
INV009991,SKU0033,EliteWidgetG,79,2012-01-21,38.25,18242,France,Electronics,3586.01
INV009992,SKU0308,ProWidgetF,51,2012-01-21,147.61,13007,Australia,Clothing,589.19
INV009993,SKU0391,BasicWidgetH,8,2012-01-21,28.08,18667,UnitedKingdom,Toys,3521.47
INV009994,SKU0017,DeluxeWidgetC,56,2012-01-21,69.92,10156,Australia,Toys,4596.56
INV009995,SKU0056,EliteWidgetG,73,2012-01-21,95.93,16342,UnitedKingdom,Books,426.05
INV009996,SKU0111,EliteWidgetG,11,2012-01-21,131.98,17598,Spain,Clothing,584.4
INV009997,SKU0004,BudgetWidgetE,22,2012-01-21,114.16,14761,Australia,Toys,2786.58
INV009998,SKU0409,ProWidgetF,98,2012-01-21,136.39,12019,Belgium,Books,232.96
INV009999,SKU0413,BasicWidgetH,99,2012-01-21,90.86,15237,UnitedKingdom,Books,937.77
